2026-02-19 06:54:59,473 - INFO - Server script started
2026-02-19 06:55:01,372 - INFO - [31m[1mWARNING: This is a development server. Do not use it in a production deployment. Use a production WSGI server instead.[0m
 * Running on all addresses (0.0.0.0)
 * Running on http://127.0.0.1:5000
 * Running on http://192.168.0.9:5000
2026-02-19 06:55:01,372 - INFO - [33mPress CTRL+C to quit[0m
2026-02-19 06:55:01,386 - INFO -  * Restarting with watchdog (windowsapi)
2026-02-19 06:55:01,501 - INFO - Server script started
2026-02-19 06:55:02,825 - WARNING -  * Debugger is active!
2026-02-19 06:55:02,828 - INFO -  * Debugger PIN: 179-709-766
2026-02-19 06:55:46,200 - INFO -  * Detected change in 'C:\\Program Files\\Python314\\Lib\\socketserver.py', reloading
2026-02-19 06:55:46,245 - DEBUG - bytecode dump:
>          0	NOP(arg=None, lineno=1137)
           2	RESUME(arg=0, lineno=1137)
           4	LOAD_FAST_BORROW(arg=0, lineno=1140)
           6	LOAD_SMALL_INT(arg=0, lineno=1140)
           8	BINARY_OP(arg=26, lineno=1140)
          20	STORE_FAST(arg=3, lineno=1140)
          22	LOAD_FAST_BORROW(arg=1, lineno=1141)
          24	UNARY_NEGATIVE(arg=None, lineno=1141)
          26	LOAD_FAST(arg=3, lineno=1141)
          28	SWAP(arg=2, lineno=1141)
          30	COPY(arg=2, lineno=1141)
          32	COMPARE_OP(arg=58, lineno=1141)
          36	POP_JUMP_IF_FALSE(arg=8, lineno=1141)
          40	NOT_TAKEN(arg=None, lineno=1141)
          42	LOAD_FAST_BORROW(arg=1, lineno=1141)
          44	COMPARE_OP(arg=58, lineno=1141)
          48	POP_JUMP_IF_FALSE(arg=6, lineno=1141)
          52	NOT_TAKEN(arg=None, lineno=1141)
          54	JUMP_FORWARD(arg=2, lineno=1141)
>         56	POP_TOP(arg=None, lineno=1141)
          58	JUMP_FORWARD(arg=2, lineno=1141)
>         60	LOAD_SMALL_INT(arg=0, lineno=1142)
          62	STORE_FAST(arg=3, lineno=1142)
>         64	LOAD_FAST_BORROW(arg=0, lineno=1144)
          66	LOAD_CONST(arg=1, lineno=1144)
          68	BINARY_OP(arg=26, lineno=1144)
          80	STORE_FAST(arg=4, lineno=1144)
          82	LOAD_FAST_BORROW(arg=1, lineno=1145)
          84	UNARY_NEGATIVE(arg=None, lineno=1145)
          86	LOAD_FAST(arg=4, lineno=1145)
          88	SWAP(arg=2, lineno=1145)
          90	COPY(arg=2, lineno=1145)
          92	COMPARE_OP(arg=58, lineno=1145)
          96	POP_JUMP_IF_FALSE(arg=8, lineno=1145)
         100	NOT_TAKEN(arg=None, lineno=1145)
         102	LOAD_FAST_BORROW(arg=1, lineno=1145)
         104	COMPARE_OP(arg=58, lineno=1145)
         108	POP_JUMP_IF_FALSE(arg=6, lineno=1145)
         112	NOT_TAKEN(arg=None, lineno=1145)
         114	JUMP_FORWARD(arg=2, lineno=1145)
>        116	POP_TOP(arg=None, lineno=1145)
         118	JUMP_FORWARD(arg=2, lineno=1145)
>        120	LOAD_SMALL_INT(arg=0, lineno=1146)
         122	STORE_FAST(arg=4, lineno=1146)
>        124	LOAD_FAST_BORROW(arg=2, lineno=1148)
         126	TO_BOOL(arg=None, lineno=1148)
         134	POP_JUMP_IF_FALSE(arg=46, lineno=1148)
         138	NOT_TAKEN(arg=None, lineno=1148)
         140	LOAD_GLOBAL(arg=0, lineno=1149)
         150	LOAD_ATTR(arg=2, lineno=1149)
         170	PUSH_NULL(arg=None, lineno=1149)
         172	LOAD_FAST_BORROW(arg=3, lineno=1149)
         174	CALL(arg=1, lineno=1149)
         182	LOAD_GLOBAL(arg=0, lineno=1149)
         192	LOAD_ATTR(arg=2, lineno=1149)
         212	PUSH_NULL(arg=None, lineno=1149)
         214	LOAD_FAST_BORROW(arg=4, lineno=1149)
         216	CALL(arg=1, lineno=1149)
         224	COMPARE_OP(arg=103, lineno=1149)
         228	RETURN_VALUE(arg=None, lineno=1149)
>        230	LOAD_GLOBAL(arg=0, lineno=1151)
         240	LOAD_ATTR(arg=4, lineno=1151)
         260	PUSH_NULL(arg=None, lineno=1151)
         262	LOAD_FAST_BORROW(arg=3, lineno=1151)
         264	CALL(arg=1, lineno=1151)
         272	LOAD_GLOBAL(arg=0, lineno=1151)
         282	LOAD_ATTR(arg=4, lineno=1151)
         302	PUSH_NULL(arg=None, lineno=1151)
         304	LOAD_FAST_BORROW(arg=4, lineno=1151)
         306	CALL(arg=1, lineno=1151)
         314	COMPARE_OP(arg=103, lineno=1151)
         318	RETURN_VALUE(arg=None, lineno=1151)
2026-02-19 06:55:46,246 - DEBUG - pending: deque([State(pc_initial=0 nstack_initial=0)])
2026-02-19 06:55:46,246 - DEBUG - stack: []
2026-02-19 06:55:46,246 - DEBUG - state.pc_initial: State(pc_initial=0 nstack_initial=0)
2026-02-19 06:55:46,246 - DEBUG - dispatch pc=0, inst=NOP(arg=None, lineno=1137)
2026-02-19 06:55:46,246 - DEBUG - stack []
2026-02-19 06:55:46,246 - DEBUG - dispatch pc=2, inst=RESUME(arg=0, lineno=1137)
2026-02-19 06:55:46,246 - DEBUG - stack []
2026-02-19 06:55:46,246 - DEBUG - dispatch pc=4, inst=LOAD_FAST_BORROW(arg=0, lineno=1140)
2026-02-19 06:55:46,247 - DEBUG - stack []
2026-02-19 06:55:46,247 - DEBUG - dispatch pc=6, inst=LOAD_SMALL_INT(arg=0, lineno=1140)
2026-02-19 06:55:46,247 - DEBUG - stack ['$x4.0']
2026-02-19 06:55:46,247 - DEBUG - dispatch pc=8, inst=BINARY_OP(arg=26, lineno=1140)
2026-02-19 06:55:46,247 - DEBUG - stack ['$x4.0', '$const6.1.0']
2026-02-19 06:55:46,247 - DEBUG - dispatch pc=20, inst=STORE_FAST(arg=3, lineno=1140)
2026-02-19 06:55:46,247 - DEBUG - stack ['$8binary_op.2']
2026-02-19 06:55:46,247 - DEBUG - dispatch pc=22, inst=LOAD_FAST_BORROW(arg=1, lineno=1141)
2026-02-19 06:55:46,247 - DEBUG - stack []
2026-02-19 06:55:46,247 - DEBUG - dispatch pc=24, inst=UNARY_NEGATIVE(arg=None, lineno=1141)
2026-02-19 06:55:46,247 - DEBUG - stack ['$threshold22.3']
2026-02-19 06:55:46,247 - DEBUG - dispatch pc=26, inst=LOAD_FAST(arg=3, lineno=1141)
2026-02-19 06:55:46,247 - DEBUG - stack ['$24unary_negative.4']
2026-02-19 06:55:46,247 - DEBUG - dispatch pc=28, inst=SWAP(arg=2, lineno=1141)
2026-02-19 06:55:46,247 - DEBUG - stack ['$24unary_negative.4', '$x026.5']
2026-02-19 06:55:46,247 - DEBUG - dispatch pc=30, inst=COPY(arg=2, lineno=1141)
2026-02-19 06:55:46,248 - DEBUG - stack ['$x026.5', '$24unary_negative.4']
2026-02-19 06:55:46,248 - DEBUG - dispatch pc=32, inst=COMPARE_OP(arg=58, lineno=1141)
2026-02-19 06:55:46,248 - DEBUG - stack ['$x026.5', '$24unary_negative.4', '$x026.5']
2026-02-19 06:55:46,248 - DEBUG - dispatch pc=36, inst=POP_JUMP_IF_FALSE(arg=8, lineno=1141)
2026-02-19 06:55:46,248 - DEBUG - stack ['$x026.5', '$32compare_op.6']
2026-02-19 06:55:46,248 - DEBUG - end state. edges=[Edge(pc=40, stack=('$x026.5',), blockstack=(), npush=0), Edge(pc=56, stack=('$x026.5',), blockstack=(), npush=0)]
2026-02-19 06:55:46,248 - DEBUG - pending: deque([State(pc_initial=40 nstack_initial=1), State(pc_initial=56 nstack_initial=1)])
2026-02-19 06:55:46,248 - DEBUG - stack: ['$phi40.0']
2026-02-19 06:55:46,248 - DEBUG - state.pc_initial: State(pc_initial=40 nstack_initial=1)
2026-02-19 06:55:46,248 - DEBUG - dispatch pc=40, inst=NOT_TAKEN(arg=None, lineno=1141)
2026-02-19 06:55:46,248 - DEBUG - stack ['$phi40.0']
2026-02-19 06:55:46,248 - DEBUG - dispatch pc=42, inst=LOAD_FAST_BORROW(arg=1, lineno=1141)
2026-02-19 06:55:46,248 - DEBUG - stack ['$phi40.0']
2026-02-19 06:55:46,248 - DEBUG - dispatch pc=44, inst=COMPARE_OP(arg=58, lineno=1141)
2026-02-19 06:55:46,248 - DEBUG - stack ['$phi40.0', '$threshold42.1']
2026-02-19 06:55:46,248 - DEBUG - dispatch pc=48, inst=POP_JUMP_IF_FALSE(arg=6, lineno=1141)
2026-02-19 06:55:46,248 - DEBUG - stack ['$44compare_op.2']
2026-02-19 06:55:46,249 - DEBUG - end state. edges=[Edge(pc=52, stack=(), blockstack=(), npush=0), Edge(pc=64, stack=(), blockstack=(), npush=0)]
2026-02-19 06:55:46,249 - DEBUG - pending: deque([State(pc_initial=56 nstack_initial=1), State(pc_initial=52 nstack_initial=0), State(pc_initial=64 nstack_initial=0)])
2026-02-19 06:55:46,249 - DEBUG - stack: ['$phi56.0']
2026-02-19 06:55:46,249 - DEBUG - state.pc_initial: State(pc_initial=56 nstack_initial=1)
2026-02-19 06:55:46,249 - DEBUG - dispatch pc=56, inst=POP_TOP(arg=None, lineno=1141)
2026-02-19 06:55:46,249 - DEBUG - stack ['$phi56.0']
2026-02-19 06:55:46,249 - DEBUG - dispatch pc=58, inst=JUMP_FORWARD(arg=2, lineno=1141)
2026-02-19 06:55:46,249 - DEBUG - stack []
2026-02-19 06:55:46,249 - DEBUG - end state. edges=[Edge(pc=64, stack=(), blockstack=(), npush=0)]
2026-02-19 06:55:46,249 - DEBUG - pending: deque([State(pc_initial=52 nstack_initial=0), State(pc_initial=64 nstack_initial=0), State(pc_initial=64 nstack_initial=0)])
2026-02-19 06:55:46,249 - DEBUG - stack: []
2026-02-19 06:55:46,249 - DEBUG - state.pc_initial: State(pc_initial=52 nstack_initial=0)
2026-02-19 06:55:46,249 - DEBUG - dispatch pc=52, inst=NOT_TAKEN(arg=None, lineno=1141)
2026-02-19 06:55:46,249 - DEBUG - stack []
2026-02-19 06:55:46,249 - DEBUG - dispatch pc=54, inst=JUMP_FORWARD(arg=2, lineno=1141)
2026-02-19 06:55:46,249 - DEBUG - stack []
2026-02-19 06:55:46,249 - DEBUG - end state. edges=[Edge(pc=60, stack=(), blockstack=(), npush=0)]
2026-02-19 06:55:46,249 - DEBUG - pending: deque([State(pc_initial=64 nstack_initial=0), State(pc_initial=64 nstack_initial=0), State(pc_initial=60 nstack_initial=0)])
2026-02-19 06:55:46,249 - DEBUG - stack: []
2026-02-19 06:55:46,249 - DEBUG - state.pc_initial: State(pc_initial=64 nstack_initial=0)
2026-02-19 06:55:46,250 - DEBUG - dispatch pc=64, inst=LOAD_FAST_BORROW(arg=0, lineno=1144)
2026-02-19 06:55:46,250 - DEBUG - stack []
2026-02-19 06:55:46,250 - DEBUG - dispatch pc=66, inst=LOAD_CONST(arg=1, lineno=1144)
2026-02-19 06:55:46,250 - DEBUG - stack ['$x64.0']
2026-02-19 06:55:46,250 - DEBUG - dispatch pc=68, inst=BINARY_OP(arg=26, lineno=1144)
2026-02-19 06:55:46,250 - DEBUG - stack ['$x64.0', '$const66.1.1']
2026-02-19 06:55:46,250 - DEBUG - dispatch pc=80, inst=STORE_FAST(arg=4, lineno=1144)
2026-02-19 06:55:46,250 - DEBUG - stack ['$68binary_op.2']
2026-02-19 06:55:46,250 - DEBUG - dispatch pc=82, inst=LOAD_FAST_BORROW(arg=1, lineno=1145)
2026-02-19 06:55:46,250 - DEBUG - stack []
2026-02-19 06:55:46,250 - DEBUG - dispatch pc=84, inst=UNARY_NEGATIVE(arg=None, lineno=1145)
2026-02-19 06:55:46,250 - DEBUG - stack ['$threshold82.3']
2026-02-19 06:55:46,250 - DEBUG - dispatch pc=86, inst=LOAD_FAST(arg=4, lineno=1145)
2026-02-19 06:55:46,250 - DEBUG - stack ['$84unary_negative.4']
2026-02-19 06:55:46,250 - DEBUG - dispatch pc=88, inst=SWAP(arg=2, lineno=1145)
2026-02-19 06:55:46,250 - DEBUG - stack ['$84unary_negative.4', '$x186.5']
2026-02-19 06:55:46,250 - DEBUG - dispatch pc=90, inst=COPY(arg=2, lineno=1145)
2026-02-19 06:55:46,250 - DEBUG - stack ['$x186.5', '$84unary_negative.4']
2026-02-19 06:55:46,250 - DEBUG - dispatch pc=92, inst=COMPARE_OP(arg=58, lineno=1145)
2026-02-19 06:55:46,250 - DEBUG - stack ['$x186.5', '$84unary_negative.4', '$x186.5']
2026-02-19 06:55:46,250 - DEBUG - dispatch pc=96, inst=POP_JUMP_IF_FALSE(arg=8, lineno=1145)
2026-02-19 06:55:46,250 - DEBUG - stack ['$x186.5', '$92compare_op.6']
2026-02-19 06:55:46,250 - DEBUG - end state. edges=[Edge(pc=100, stack=('$x186.5',), blockstack=(), npush=0), Edge(pc=116, stack=('$x186.5',), blockstack=(), npush=0)]
2026-02-19 06:55:46,250 - DEBUG - pending: deque([State(pc_initial=64 nstack_initial=0), State(pc_initial=60 nstack_initial=0), State(pc_initial=100 nstack_initial=1), State(pc_initial=116 nstack_initial=1)])
2026-02-19 06:55:46,250 - DEBUG - pending: deque([State(pc_initial=60 nstack_initial=0), State(pc_initial=100 nstack_initial=1), State(pc_initial=116 nstack_initial=1)])
2026-02-19 06:55:46,251 - DEBUG - stack: []
2026-02-19 06:55:46,251 - DEBUG - state.pc_initial: State(pc_initial=60 nstack_initial=0)
2026-02-19 06:55:46,251 - DEBUG - dispatch pc=60, inst=LOAD_SMALL_INT(arg=0, lineno=1142)
2026-02-19 06:55:46,251 - DEBUG - stack []
2026-02-19 06:55:46,251 - DEBUG - dispatch pc=62, inst=STORE_FAST(arg=3, lineno=1142)
2026-02-19 06:55:46,251 - DEBUG - stack ['$const60.0.0']
2026-02-19 06:55:46,251 - DEBUG - end state. edges=[Edge(pc=64, stack=(), blockstack=(), npush=0)]
2026-02-19 06:55:46,251 - DEBUG - pending: deque([State(pc_initial=100 nstack_initial=1), State(pc_initial=116 nstack_initial=1), State(pc_initial=64 nstack_initial=0)])
2026-02-19 06:55:46,251 - DEBUG - stack: ['$phi100.0']
2026-02-19 06:55:46,251 - DEBUG - state.pc_initial: State(pc_initial=100 nstack_initial=1)
2026-02-19 06:55:46,251 - DEBUG - dispatch pc=100, inst=NOT_TAKEN(arg=None, lineno=1145)
2026-02-19 06:55:46,251 - DEBUG - stack ['$phi100.0']
2026-02-19 06:55:46,251 - DEBUG - dispatch pc=102, inst=LOAD_FAST_BORROW(arg=1, lineno=1145)
2026-02-19 06:55:46,251 - DEBUG - stack ['$phi100.0']
2026-02-19 06:55:46,251 - DEBUG - dispatch pc=104, inst=COMPARE_OP(arg=58, lineno=1145)
2026-02-19 06:55:46,251 - DEBUG - stack ['$phi100.0', '$threshold102.1']
2026-02-19 06:55:46,251 - DEBUG - dispatch pc=108, inst=POP_JUMP_IF_FALSE(arg=6, lineno=1145)
2026-02-19 06:55:46,251 - DEBUG - stack ['$104compare_op.2']
2026-02-19 06:55:46,251 - DEBUG - end state. edges=[Edge(pc=112, stack=(), blockstack=(), npush=0), Edge(pc=124, stack=(), blockstack=(), npush=0)]
2026-02-19 06:55:46,251 - DEBUG - pending: deque([State(pc_initial=116 nstack_initial=1), State(pc_initial=64 nstack_initial=0), State(pc_initial=112 nstack_initial=0), State(pc_initial=124 nstack_initial=0)])
2026-02-19 06:55:46,251 - DEBUG - stack: ['$phi116.0']
2026-02-19 06:55:46,251 - DEBUG - state.pc_initial: State(pc_initial=116 nstack_initial=1)
2026-02-19 06:55:46,251 - DEBUG - dispatch pc=116, inst=POP_TOP(arg=None, lineno=1145)
2026-02-19 06:55:46,252 - DEBUG - stack ['$phi116.0']
2026-02-19 06:55:46,252 - DEBUG - dispatch pc=118, inst=JUMP_FORWARD(arg=2, lineno=1145)
2026-02-19 06:55:46,252 - DEBUG - stack []
2026-02-19 06:55:46,252 - DEBUG - end state. edges=[Edge(pc=124, stack=(), blockstack=(), npush=0)]
2026-02-19 06:55:46,252 - DEBUG - pending: deque([State(pc_initial=64 nstack_initial=0), State(pc_initial=112 nstack_initial=0), State(pc_initial=124 nstack_initial=0), State(pc_initial=124 nstack_initial=0)])
2026-02-19 06:55:46,252 - DEBUG - pending: deque([State(pc_initial=112 nstack_initial=0), State(pc_initial=124 nstack_initial=0), State(pc_initial=124 nstack_initial=0)])
2026-02-19 06:55:46,252 - DEBUG - stack: []
2026-02-19 06:55:46,252 - DEBUG - state.pc_initial: State(pc_initial=112 nstack_initial=0)
2026-02-19 06:55:46,253 - DEBUG - dispatch pc=112, inst=NOT_TAKEN(arg=None, lineno=1145)
2026-02-19 06:55:46,253 - DEBUG - stack []
2026-02-19 06:55:46,253 - DEBUG - dispatch pc=114, inst=JUMP_FORWARD(arg=2, lineno=1145)
2026-02-19 06:55:46,253 - DEBUG - stack []
2026-02-19 06:55:46,253 - DEBUG - end state. edges=[Edge(pc=120, stack=(), blockstack=(), npush=0)]
2026-02-19 06:55:46,253 - DEBUG - pending: deque([State(pc_initial=124 nstack_initial=0), State(pc_initial=124 nstack_initial=0), State(pc_initial=120 nstack_initial=0)])
2026-02-19 06:55:46,253 - DEBUG - stack: []
2026-02-19 06:55:46,253 - DEBUG - state.pc_initial: State(pc_initial=124 nstack_initial=0)
2026-02-19 06:55:46,253 - DEBUG - dispatch pc=124, inst=LOAD_FAST_BORROW(arg=2, lineno=1148)
2026-02-19 06:55:46,253 - DEBUG - stack []
2026-02-19 06:55:46,253 - DEBUG - dispatch pc=126, inst=TO_BOOL(arg=None, lineno=1148)
2026-02-19 06:55:46,253 - DEBUG - stack ['$zero_pos124.0']
2026-02-19 06:55:46,253 - DEBUG - dispatch pc=134, inst=POP_JUMP_IF_FALSE(arg=46, lineno=1148)
2026-02-19 06:55:46,253 - DEBUG - stack ['$126to_bool.1']
2026-02-19 06:55:46,253 - DEBUG - end state. edges=[Edge(pc=138, stack=(), blockstack=(), npush=0), Edge(pc=230, stack=(), blockstack=(), npush=0)]
2026-02-19 06:55:46,254 - DEBUG - pending: deque([State(pc_initial=124 nstack_initial=0), State(pc_initial=120 nstack_initial=0), State(pc_initial=138 nstack_initial=0), State(pc_initial=230 nstack_initial=0)])
2026-02-19 06:55:46,254 - DEBUG - pending: deque([State(pc_initial=120 nstack_initial=0), State(pc_initial=138 nstack_initial=0), State(pc_initial=230 nstack_initial=0)])
2026-02-19 06:55:46,254 - DEBUG - stack: []
2026-02-19 06:55:46,254 - DEBUG - state.pc_initial: State(pc_initial=120 nstack_initial=0)
2026-02-19 06:55:46,254 - DEBUG - dispatch pc=120, inst=LOAD_SMALL_INT(arg=0, lineno=1146)
2026-02-19 06:55:46,254 - DEBUG - stack []
2026-02-19 06:55:46,254 - DEBUG - dispatch pc=122, inst=STORE_FAST(arg=4, lineno=1146)
2026-02-19 06:55:46,254 - DEBUG - stack ['$const120.0.0']
2026-02-19 06:55:46,254 - DEBUG - end state. edges=[Edge(pc=124, stack=(), blockstack=(), npush=0)]
2026-02-19 06:55:46,254 - DEBUG - pending: deque([State(pc_initial=138 nstack_initial=0), State(pc_initial=230 nstack_initial=0), State(pc_initial=124 nstack_initial=0)])
2026-02-19 06:55:46,254 - DEBUG - stack: []
2026-02-19 06:55:46,254 - DEBUG - state.pc_initial: State(pc_initial=138 nstack_initial=0)
2026-02-19 06:55:46,254 - DEBUG - dispatch pc=138, inst=NOT_TAKEN(arg=None, lineno=1148)
2026-02-19 06:55:46,254 - DEBUG - stack []
2026-02-19 06:55:46,254 - DEBUG - dispatch pc=140, inst=LOAD_GLOBAL(arg=0, lineno=1149)
2026-02-19 06:55:46,254 - DEBUG - stack []
2026-02-19 06:55:46,254 - DEBUG - dispatch pc=150, inst=LOAD_ATTR(arg=2, lineno=1149)
2026-02-19 06:55:46,255 - DEBUG - stack ['$140load_global.0']
2026-02-19 06:55:46,255 - DEBUG - dispatch pc=170, inst=PUSH_NULL(arg=None, lineno=1149)
2026-02-19 06:55:46,255 - DEBUG - stack ['$150load_attr.1']
2026-02-19 06:55:46,255 - DEBUG - dispatch pc=172, inst=LOAD_FAST_BORROW(arg=3, lineno=1149)
2026-02-19 06:55:46,255 - DEBUG - stack ['$150load_attr.1', '$null$170.2']
2026-02-19 06:55:46,255 - DEBUG - dispatch pc=174, inst=CALL(arg=1, lineno=1149)
2026-02-19 06:55:46,255 - DEBUG - stack ['$150load_attr.1', '$null$170.2', '$x0172.3']
2026-02-19 06:55:46,255 - DEBUG - dispatch pc=182, inst=LOAD_GLOBAL(arg=0, lineno=1149)
2026-02-19 06:55:46,255 - DEBUG - stack ['$174call.4']
2026-02-19 06:55:46,255 - DEBUG - dispatch pc=192, inst=LOAD_ATTR(arg=2, lineno=1149)
2026-02-19 06:55:46,255 - DEBUG - stack ['$174call.4', '$182load_global.5']
2026-02-19 06:55:46,255 - DEBUG - dispatch pc=212, inst=PUSH_NULL(arg=None, lineno=1149)
2026-02-19 06:55:46,255 - DEBUG - stack ['$174call.4', '$192load_attr.6']
2026-02-19 06:55:46,255 - DEBUG - dispatch pc=214, inst=LOAD_FAST_BORROW(arg=4, lineno=1149)
2026-02-19 06:55:46,255 - DEBUG - stack ['$174call.4', '$192load_attr.6', '$null$212.7']
2026-02-19 06:55:46,255 - DEBUG - dispatch pc=216, inst=CALL(arg=1, lineno=1149)
2026-02-19 06:55:46,255 - DEBUG - stack ['$174call.4', '$192load_attr.6', '$null$212.7', '$x1214.8']
2026-02-19 06:55:46,255 - DEBUG - dispatch pc=224, inst=COMPARE_OP(arg=103, lineno=1149)
2026-02-19 06:55:46,255 - DEBUG - stack ['$174call.4', '$216call.9']
2026-02-19 06:55:46,255 - DEBUG - dispatch pc=228, inst=RETURN_VALUE(arg=None, lineno=1149)
2026-02-19 06:55:46,255 - DEBUG - stack ['$224compare_op.10']
2026-02-19 06:55:46,256 - DEBUG - end state. edges=[]
2026-02-19 06:55:46,256 - DEBUG - pending: deque([State(pc_initial=230 nstack_initial=0), State(pc_initial=124 nstack_initial=0)])
2026-02-19 06:55:46,256 - DEBUG - stack: []
2026-02-19 06:55:46,256 - DEBUG - state.pc_initial: State(pc_initial=230 nstack_initial=0)
2026-02-19 06:55:46,256 - DEBUG - dispatch pc=230, inst=LOAD_GLOBAL(arg=0, lineno=1151)
2026-02-19 06:55:46,256 - DEBUG - stack []
2026-02-19 06:55:46,256 - DEBUG - dispatch pc=240, inst=LOAD_ATTR(arg=4, lineno=1151)
2026-02-19 06:55:46,256 - DEBUG - stack ['$230load_global.0']
2026-02-19 06:55:46,256 - DEBUG - dispatch pc=260, inst=PUSH_NULL(arg=None, lineno=1151)
2026-02-19 06:55:46,256 - DEBUG - stack ['$240load_attr.1']
2026-02-19 06:55:46,256 - DEBUG - dispatch pc=262, inst=LOAD_FAST_BORROW(arg=3, lineno=1151)
2026-02-19 06:55:46,256 - DEBUG - stack ['$240load_attr.1', '$null$260.2']
2026-02-19 06:55:46,256 - DEBUG - dispatch pc=264, inst=CALL(arg=1, lineno=1151)
2026-02-19 06:55:46,256 - DEBUG - stack ['$240load_attr.1', '$null$260.2', '$x0262.3']
2026-02-19 06:55:46,256 - DEBUG - dispatch pc=272, inst=LOAD_GLOBAL(arg=0, lineno=1151)
2026-02-19 06:55:46,256 - DEBUG - stack ['$264call.4']
2026-02-19 06:55:46,256 - DEBUG - dispatch pc=282, inst=LOAD_ATTR(arg=4, lineno=1151)
2026-02-19 06:55:46,257 - DEBUG - stack ['$264call.4', '$272load_global.5']
2026-02-19 06:55:46,257 - DEBUG - dispatch pc=302, inst=PUSH_NULL(arg=None, lineno=1151)
2026-02-19 06:55:46,257 - DEBUG - stack ['$264call.4', '$282load_attr.6']
2026-02-19 06:55:46,257 - DEBUG - dispatch pc=304, inst=LOAD_FAST_BORROW(arg=4, lineno=1151)
2026-02-19 06:55:46,257 - DEBUG - stack ['$264call.4', '$282load_attr.6', '$null$302.7']
2026-02-19 06:55:46,257 - DEBUG - dispatch pc=306, inst=CALL(arg=1, lineno=1151)
2026-02-19 06:55:46,257 - DEBUG - stack ['$264call.4', '$282load_attr.6', '$null$302.7', '$x1304.8']
2026-02-19 06:55:46,257 - DEBUG - dispatch pc=314, inst=COMPARE_OP(arg=103, lineno=1151)
2026-02-19 06:55:46,257 - DEBUG - stack ['$264call.4', '$306call.9']
2026-02-19 06:55:46,257 - DEBUG - dispatch pc=318, inst=RETURN_VALUE(arg=None, lineno=1151)
2026-02-19 06:55:46,257 - DEBUG - stack ['$314compare_op.10']
2026-02-19 06:55:46,257 - DEBUG - end state. edges=[]
2026-02-19 06:55:46,257 - DEBUG - pending: deque([State(pc_initial=124 nstack_initial=0)])
2026-02-19 06:55:46,257 - DEBUG - -------------------------Prune PHIs-------------------------
2026-02-19 06:55:46,257 - DEBUG - Used_phis: defaultdict(<class 'set'>,
            {State(pc_initial=0 nstack_initial=0): set(),
             State(pc_initial=40 nstack_initial=1): {'$phi40.0'},
             State(pc_initial=52 nstack_initial=0): set(),
             State(pc_initial=56 nstack_initial=1): set(),
             State(pc_initial=60 nstack_initial=0): set(),
             State(pc_initial=64 nstack_initial=0): set(),
             State(pc_initial=100 nstack_initial=1): {'$phi100.0'},
             State(pc_initial=112 nstack_initial=0): set(),
             State(pc_initial=116 nstack_initial=1): set(),
             State(pc_initial=120 nstack_initial=0): set(),
             State(pc_initial=124 nstack_initial=0): set(),
             State(pc_initial=138 nstack_initial=0): set(),
             State(pc_initial=230 nstack_initial=0): set()})
2026-02-19 06:55:46,257 - DEBUG - defmap: {'$phi100.0': State(pc_initial=64 nstack_initial=0),
 '$phi116.0': State(pc_initial=64 nstack_initial=0),
 '$phi40.0': State(pc_initial=0 nstack_initial=0),
 '$phi56.0': State(pc_initial=0 nstack_initial=0)}
2026-02-19 06:55:46,257 - DEBUG - phismap: defaultdict(<class 'set'>,
            {'$phi100.0': {('$x186.5', State(pc_initial=64 nstack_initial=0))},
             '$phi116.0': {('$x186.5', State(pc_initial=64 nstack_initial=0))},
             '$phi40.0': {('$x026.5', State(pc_initial=0 nstack_initial=0))},
             '$phi56.0': {('$x026.5', State(pc_initial=0 nstack_initial=0))}})
2026-02-19 06:55:46,258 - DEBUG - changing phismap: defaultdict(<class 'set'>,
            {'$phi100.0': {('$x186.5', State(pc_initial=64 nstack_initial=0))},
             '$phi116.0': {('$x186.5', State(pc_initial=64 nstack_initial=0))},
             '$phi40.0': {('$x026.5', State(pc_initial=0 nstack_initial=0))},
             '$phi56.0': {('$x026.5', State(pc_initial=0 nstack_initial=0))}})
2026-02-19 06:55:46,258 - DEBUG - keep phismap: {'$phi100.0': {('$x186.5', State(pc_initial=64 nstack_initial=0))},
 '$phi40.0': {('$x026.5', State(pc_initial=0 nstack_initial=0))}}
2026-02-19 06:55:46,258 - DEBUG - new_out: defaultdict(<class 'dict'>,
            {State(pc_initial=0 nstack_initial=0): {'$phi40.0': '$x026.5'},
             State(pc_initial=64 nstack_initial=0): {'$phi100.0': '$x186.5'}})
2026-02-19 06:55:46,258 - DEBUG - ----------------------DONE Prune PHIs-----------------------
2026-02-19 06:55:46,258 - DEBUG - block_infos State(pc_initial=0 nstack_initial=0):
AdaptBlockInfo(insts=((0, {}), (2, {}), (4, {'res': '$x4.0'}), (6, {'res': '$const6.1.0'}), (8, {'op': '[]', 'lhs': '$x4.0', 'rhs': '$const6.1.0', 'res': '$8binary_op.2'}), (20, {'value': '$8binary_op.2'}), (22, {'res': '$threshold22.3'}), (24, {'value': '$threshold22.3', 'res': '$24unary_negative.4'}), (26, {'res': '$x026.5'}), (32, {'lhs': '$24unary_negative.4', 'rhs': '$x026.5', 'res': '$32compare_op.6'}), (36, {'pred': '$32compare_op.6'})), outgoing_phis={'$phi40.0': '$x026.5'}, blockstack=(), active_try_block=None, outgoing_edgepushed={40: ('$x026.5',), 56: ('$x026.5',)})
2026-02-19 06:55:46,258 - DEBUG - block_infos State(pc_initial=40 nstack_initial=1):
AdaptBlockInfo(insts=((40, {}), (42, {'res': '$threshold42.1'}), (44, {'lhs': '$phi40.0', 'rhs': '$threshold42.1', 'res': '$44compare_op.2'}), (48, {'pred': '$44compare_op.2'})), outgoing_phis={}, blockstack=(), active_try_block=None, outgoing_edgepushed={52: (), 64: ()})
2026-02-19 06:55:46,258 - DEBUG - block_infos State(pc_initial=52 nstack_initial=0):
AdaptBlockInfo(insts=((52, {}), (54, {})), outgoing_phis={}, blockstack=(), active_try_block=None, outgoing_edgepushed={60: ()})
2026-02-19 06:55:46,258 - DEBUG - block_infos State(pc_initial=56 nstack_initial=1):
AdaptBlockInfo(insts=((58, {}),), outgoing_phis={}, blockstack=(), active_try_block=None, outgoing_edgepushed={64: ()})
2026-02-19 06:55:46,258 - DEBUG - block_infos State(pc_initial=60 nstack_initial=0):
AdaptBlockInfo(insts=((60, {'res': '$const60.0.0'}), (62, {'value': '$const60.0.0'})), outgoing_phis={}, blockstack=(), active_try_block=None, outgoing_edgepushed={64: ()})
2026-02-19 06:55:46,258 - DEBUG - block_infos State(pc_initial=64 nstack_initial=0):
AdaptBlockInfo(insts=((64, {'res': '$x64.0'}), (66, {'res': '$const66.1.1'}), (68, {'op': '[]', 'lhs': '$x64.0', 'rhs': '$const66.1.1', 'res': '$68binary_op.2'}), (80, {'value': '$68binary_op.2'}), (82, {'res': '$threshold82.3'}), (84, {'value': '$threshold82.3', 'res': '$84unary_negative.4'}), (86, {'res': '$x186.5'}), (92, {'lhs': '$84unary_negative.4', 'rhs': '$x186.5', 'res': '$92compare_op.6'}), (96, {'pred': '$92compare_op.6'})), outgoing_phis={'$phi100.0': '$x186.5'}, blockstack=(), active_try_block=None, outgoing_edgepushed={100: ('$x186.5',), 116: ('$x186.5',)})
2026-02-19 06:55:46,258 - DEBUG - block_infos State(pc_initial=100 nstack_initial=1):
AdaptBlockInfo(insts=((100, {}), (102, {'res': '$threshold102.1'}), (104, {'lhs': '$phi100.0', 'rhs': '$threshold102.1', 'res': '$104compare_op.2'}), (108, {'pred': '$104compare_op.2'})), outgoing_phis={}, blockstack=(), active_try_block=None, outgoing_edgepushed={112: (), 124: ()})
2026-02-19 06:55:46,258 - DEBUG - block_infos State(pc_initial=112 nstack_initial=0):
AdaptBlockInfo(insts=((112, {}), (114, {})), outgoing_phis={}, blockstack=(), active_try_block=None, outgoing_edgepushed={120: ()})
2026-02-19 06:55:46,258 - DEBUG - block_infos State(pc_initial=116 nstack_initial=1):
AdaptBlockInfo(insts=((118, {}),), outgoing_phis={}, blockstack=(), active_try_block=None, outgoing_edgepushed={124: ()})
2026-02-19 06:55:46,258 - DEBUG - block_infos State(pc_initial=120 nstack_initial=0):
AdaptBlockInfo(insts=((120, {'res': '$const120.0.0'}), (122, {'value': '$const120.0.0'})), outgoing_phis={}, blockstack=(), active_try_block=None, outgoing_edgepushed={124: ()})
2026-02-19 06:55:46,259 - DEBUG - block_infos State(pc_initial=124 nstack_initial=0):
AdaptBlockInfo(insts=((124, {'res': '$zero_pos124.0'}), (126, {'val': '$zero_pos124.0', 'res': '$126to_bool.1'}), (134, {'pred': '$126to_bool.1'})), outgoing_phis={}, blockstack=(), active_try_block=None, outgoing_edgepushed={138: (), 230: ()})
2026-02-19 06:55:46,259 - DEBUG - block_infos State(pc_initial=138 nstack_initial=0):
AdaptBlockInfo(insts=((138, {}), (140, {'idx': 0, 'res': '$140load_global.0'}), (150, {'item': '$140load_global.0', 'res': '$150load_attr.1'}), (170, {}), (172, {'res': '$x0172.3'}), (174, {'func': '$150load_attr.1', 'args': ['$x0172.3'], 'kw_names': None, 'res': '$174call.4'}), (182, {'idx': 0, 'res': '$182load_global.5'}), (192, {'item': '$182load_global.5', 'res': '$192load_attr.6'}), (212, {}), (214, {'res': '$x1214.8'}), (216, {'func': '$192load_attr.6', 'args': ['$x1214.8'], 'kw_names': None, 'res': '$216call.9'}), (224, {'lhs': '$174call.4', 'rhs': '$216call.9', 'res': '$224compare_op.10'}), (228, {'retval': '$224compare_op.10', 'castval': '$228return_value.11'})), outgoing_phis={}, blockstack=(), active_try_block=None, outgoing_edgepushed={})
2026-02-19 06:55:46,259 - DEBUG - block_infos State(pc_initial=230 nstack_initial=0):
AdaptBlockInfo(insts=((230, {'idx': 0, 'res': '$230load_global.0'}), (240, {'item': '$230load_global.0', 'res': '$240load_attr.1'}), (260, {}), (262, {'res': '$x0262.3'}), (264, {'func': '$240load_attr.1', 'args': ['$x0262.3'], 'kw_names': None, 'res': '$264call.4'}), (272, {'idx': 0, 'res': '$272load_global.5'}), (282, {'item': '$272load_global.5', 'res': '$282load_attr.6'}), (302, {}), (304, {'res': '$x1304.8'}), (306, {'func': '$282load_attr.6', 'args': ['$x1304.8'], 'kw_names': None, 'res': '$306call.9'}), (314, {'lhs': '$264call.4', 'rhs': '$306call.9', 'res': '$314compare_op.10'}), (318, {'retval': '$314compare_op.10', 'castval': '$318return_value.11'})), outgoing_phis={}, blockstack=(), active_try_block=None, outgoing_edgepushed={})
2026-02-19 06:55:46,260 - DEBUG - label 0:
    x = arg(0, name=x)                       ['x']
    threshold = arg(1, name=threshold)       ['threshold']
    zero_pos = arg(2, name=zero_pos)         ['zero_pos']
    $const6.1.0 = const(int, 0)              ['$const6.1.0']
    x0 = getitem(value=x, index=$const6.1.0, fn=<built-in function getitem>) ['$const6.1.0', 'x', 'x0']
    $24unary_negative.4 = unary(fn=<built-in function neg>, value=threshold) ['$24unary_negative.4', 'threshold']
    $32compare_op.6 = $24unary_negative.4 <= x0 ['$24unary_negative.4', '$32compare_op.6', 'x0']
    $bool36 = global(bool: <class 'bool'>)   ['$bool36']
    $36pred = call $bool36($32compare_op.6, func=$bool36, args=(Var($32compare_op.6, audio.py:1141),), kws=(), vararg=None, varkwarg=None, target=None) ['$32compare_op.6', '$36pred', '$bool36']
    $phi40.0 = x0                            ['$phi40.0', 'x0']
    branch $36pred, 40, 56                   ['$36pred']
label 40:
    $44compare_op.2 = $phi40.0 <= threshold  ['$44compare_op.2', '$phi40.0', 'threshold']
    $bool48 = global(bool: <class 'bool'>)   ['$bool48']
    $48pred = call $bool48($44compare_op.2, func=$bool48, args=(Var($44compare_op.2, audio.py:1141),), kws=(), vararg=None, varkwarg=None, target=None) ['$44compare_op.2', '$48pred', '$bool48']
    branch $48pred, 52, 64                   ['$48pred']
label 52:
    jump 60                                  []
label 56:
    jump 64                                  []
label 60:
    x0 = const(int, 0)                       ['x0']
    jump 64                                  []
label 64:
    $const66.1.1 = const(int, -1)            ['$const66.1.1']
    x1 = getitem(value=x, index=$const66.1.1, fn=<built-in function getitem>) ['$const66.1.1', 'x', 'x1']
    $84unary_negative.4 = unary(fn=<built-in function neg>, value=threshold) ['$84unary_negative.4', 'threshold']
    $92compare_op.6 = $84unary_negative.4 <= x1 ['$84unary_negative.4', '$92compare_op.6', 'x1']
    $bool96 = global(bool: <class 'bool'>)   ['$bool96']
    $96pred = call $bool96($92compare_op.6, func=$bool96, args=(Var($92compare_op.6, audio.py:1145),), kws=(), vararg=None, varkwarg=None, target=None) ['$92compare_op.6', '$96pred', '$bool96']
    $phi100.0 = x1                           ['$phi100.0', 'x1']
    branch $96pred, 100, 116                 ['$96pred']
label 100:
    $104compare_op.2 = $phi100.0 <= threshold ['$104compare_op.2', '$phi100.0', 'threshold']
    $bool108 = global(bool: <class 'bool'>)  ['$bool108']
    $108pred = call $bool108($104compare_op.2, func=$bool108, args=(Var($104compare_op.2, audio.py:1145),), kws=(), vararg=None, varkwarg=None, target=None) ['$104compare_op.2', '$108pred', '$bool108']
    branch $108pred, 112, 124                ['$108pred']
label 112:
    jump 120                                 []
label 116:
    jump 124                                 []
label 120:
    x1 = const(int, 0)                       ['x1']
    jump 124                                 []
label 124:
    $bool134 = global(bool: <class 'bool'>)  ['$bool134']
    $134pred = call $bool134(zero_pos, func=$bool134, args=(Var(zero_pos, audio.py:1137),), kws=(), vararg=None, varkwarg=None, target=None) ['$134pred', '$bool134', 'zero_pos']
    branch $134pred, 138, 230                ['$134pred']
label 138:
    $140load_global.0 = global(np: <module 'numpy' from 'C:\\Users\\WINDOWS\\Desktop\\ai_stress_detector\\venv\\Lib\\site-packages\\numpy\\__init__.py'>) ['$140load_global.0']
    $150load_attr.1 = getattr(value=$140load_global.0, attr=signbit) ['$140load_global.0', '$150load_attr.1']
    $174call.4 = call $150load_attr.1(x0, func=$150load_attr.1, args=[Var(x0, audio.py:1140)], kws=(), vararg=None, varkwarg=None, target=None) ['$150load_attr.1', '$174call.4', 'x0']
    $182load_global.5 = global(np: <module 'numpy' from 'C:\\Users\\WINDOWS\\Desktop\\ai_stress_detector\\venv\\Lib\\site-packages\\numpy\\__init__.py'>) ['$182load_global.5']
    $192load_attr.6 = getattr(value=$182load_global.5, attr=signbit) ['$182load_global.5', '$192load_attr.6']
    $216call.9 = call $192load_attr.6(x1, func=$192load_attr.6, args=[Var(x1, audio.py:1144)], kws=(), vararg=None, varkwarg=None, target=None) ['$192load_attr.6', '$216call.9', 'x1']
    $224compare_op.10 = $174call.4 != $216call.9 ['$174call.4', '$216call.9', '$224compare_op.10']
    $228return_value.11 = cast(value=$224compare_op.10) ['$224compare_op.10', '$228return_value.11']
    return $228return_value.11               ['$228return_value.11']
label 230:
    $230load_global.0 = global(np: <module 'numpy' from 'C:\\Users\\WINDOWS\\Desktop\\ai_stress_detector\\venv\\Lib\\site-packages\\numpy\\__init__.py'>) ['$230load_global.0']
    $240load_attr.1 = getattr(value=$230load_global.0, attr=sign) ['$230load_global.0', '$240load_attr.1']
    $264call.4 = call $240load_attr.1(x0, func=$240load_attr.1, args=[Var(x0, audio.py:1140)], kws=(), vararg=None, varkwarg=None, target=None) ['$240load_attr.1', '$264call.4', 'x0']
    $272load_global.5 = global(np: <module 'numpy' from 'C:\\Users\\WINDOWS\\Desktop\\ai_stress_detector\\venv\\Lib\\site-packages\\numpy\\__init__.py'>) ['$272load_global.5']
    $282load_attr.6 = getattr(value=$272load_global.5, attr=sign) ['$272load_global.5', '$282load_attr.6']
    $306call.9 = call $282load_attr.6(x1, func=$282load_attr.6, args=[Var(x1, audio.py:1144)], kws=(), vararg=None, varkwarg=None, target=None) ['$282load_attr.6', '$306call.9', 'x1']
    $314compare_op.10 = $264call.4 != $306call.9 ['$264call.4', '$306call.9', '$314compare_op.10']
    $318return_value.11 = cast(value=$314compare_op.10) ['$314compare_op.10', '$318return_value.11']
    return $318return_value.11               ['$318return_value.11']

2026-02-19 06:55:46,770 - INFO -  * Restarting with watchdog (windowsapi)
2026-02-19 06:55:46,891 - INFO - Server script started
2026-02-19 06:55:48,412 - WARNING -  * Debugger is active!
2026-02-19 06:55:48,415 - INFO -  * Debugger PIN: 179-709-766
2026-02-19 06:59:03,702 - DEBUG - bytecode dump:
>          0	NOP(arg=None, lineno=1137)
           2	RESUME(arg=0, lineno=1137)
           4	LOAD_FAST_BORROW(arg=0, lineno=1140)
           6	LOAD_SMALL_INT(arg=0, lineno=1140)
           8	BINARY_OP(arg=26, lineno=1140)
          20	STORE_FAST(arg=3, lineno=1140)
          22	LOAD_FAST_BORROW(arg=1, lineno=1141)
          24	UNARY_NEGATIVE(arg=None, lineno=1141)
          26	LOAD_FAST(arg=3, lineno=1141)
          28	SWAP(arg=2, lineno=1141)
          30	COPY(arg=2, lineno=1141)
          32	COMPARE_OP(arg=58, lineno=1141)
          36	POP_JUMP_IF_FALSE(arg=8, lineno=1141)
          40	NOT_TAKEN(arg=None, lineno=1141)
          42	LOAD_FAST_BORROW(arg=1, lineno=1141)
          44	COMPARE_OP(arg=58, lineno=1141)
          48	POP_JUMP_IF_FALSE(arg=6, lineno=1141)
          52	NOT_TAKEN(arg=None, lineno=1141)
          54	JUMP_FORWARD(arg=2, lineno=1141)
>         56	POP_TOP(arg=None, lineno=1141)
          58	JUMP_FORWARD(arg=2, lineno=1141)
>         60	LOAD_SMALL_INT(arg=0, lineno=1142)
          62	STORE_FAST(arg=3, lineno=1142)
>         64	LOAD_FAST_BORROW(arg=0, lineno=1144)
          66	LOAD_CONST(arg=1, lineno=1144)
          68	BINARY_OP(arg=26, lineno=1144)
          80	STORE_FAST(arg=4, lineno=1144)
          82	LOAD_FAST_BORROW(arg=1, lineno=1145)
          84	UNARY_NEGATIVE(arg=None, lineno=1145)
          86	LOAD_FAST(arg=4, lineno=1145)
          88	SWAP(arg=2, lineno=1145)
          90	COPY(arg=2, lineno=1145)
          92	COMPARE_OP(arg=58, lineno=1145)
          96	POP_JUMP_IF_FALSE(arg=8, lineno=1145)
         100	NOT_TAKEN(arg=None, lineno=1145)
         102	LOAD_FAST_BORROW(arg=1, lineno=1145)
         104	COMPARE_OP(arg=58, lineno=1145)
         108	POP_JUMP_IF_FALSE(arg=6, lineno=1145)
         112	NOT_TAKEN(arg=None, lineno=1145)
         114	JUMP_FORWARD(arg=2, lineno=1145)
>        116	POP_TOP(arg=None, lineno=1145)
         118	JUMP_FORWARD(arg=2, lineno=1145)
>        120	LOAD_SMALL_INT(arg=0, lineno=1146)
         122	STORE_FAST(arg=4, lineno=1146)
>        124	LOAD_FAST_BORROW(arg=2, lineno=1148)
         126	TO_BOOL(arg=None, lineno=1148)
         134	POP_JUMP_IF_FALSE(arg=46, lineno=1148)
         138	NOT_TAKEN(arg=None, lineno=1148)
         140	LOAD_GLOBAL(arg=0, lineno=1149)
         150	LOAD_ATTR(arg=2, lineno=1149)
         170	PUSH_NULL(arg=None, lineno=1149)
         172	LOAD_FAST_BORROW(arg=3, lineno=1149)
         174	CALL(arg=1, lineno=1149)
         182	LOAD_GLOBAL(arg=0, lineno=1149)
         192	LOAD_ATTR(arg=2, lineno=1149)
         212	PUSH_NULL(arg=None, lineno=1149)
         214	LOAD_FAST_BORROW(arg=4, lineno=1149)
         216	CALL(arg=1, lineno=1149)
         224	COMPARE_OP(arg=103, lineno=1149)
         228	RETURN_VALUE(arg=None, lineno=1149)
>        230	LOAD_GLOBAL(arg=0, lineno=1151)
         240	LOAD_ATTR(arg=4, lineno=1151)
         260	PUSH_NULL(arg=None, lineno=1151)
         262	LOAD_FAST_BORROW(arg=3, lineno=1151)
         264	CALL(arg=1, lineno=1151)
         272	LOAD_GLOBAL(arg=0, lineno=1151)
         282	LOAD_ATTR(arg=4, lineno=1151)
         302	PUSH_NULL(arg=None, lineno=1151)
         304	LOAD_FAST_BORROW(arg=4, lineno=1151)
         306	CALL(arg=1, lineno=1151)
         314	COMPARE_OP(arg=103, lineno=1151)
         318	RETURN_VALUE(arg=None, lineno=1151)
2026-02-19 06:59:03,703 - DEBUG - pending: deque([State(pc_initial=0 nstack_initial=0)])
2026-02-19 06:59:03,710 - DEBUG - stack: []
2026-02-19 06:59:03,710 - DEBUG - state.pc_initial: State(pc_initial=0 nstack_initial=0)
2026-02-19 06:59:03,710 - DEBUG - dispatch pc=0, inst=NOP(arg=None, lineno=1137)
2026-02-19 06:59:03,711 - DEBUG - stack []
2026-02-19 06:59:03,711 - DEBUG - dispatch pc=2, inst=RESUME(arg=0, lineno=1137)
2026-02-19 06:59:03,711 - DEBUG - stack []
2026-02-19 06:59:03,711 - DEBUG - dispatch pc=4, inst=LOAD_FAST_BORROW(arg=0, lineno=1140)
2026-02-19 06:59:03,711 - DEBUG - stack []
2026-02-19 06:59:03,711 - DEBUG - dispatch pc=6, inst=LOAD_SMALL_INT(arg=0, lineno=1140)
2026-02-19 06:59:03,711 - DEBUG - stack ['$x4.0']
2026-02-19 06:59:03,711 - DEBUG - dispatch pc=8, inst=BINARY_OP(arg=26, lineno=1140)
2026-02-19 06:59:03,712 - DEBUG - stack ['$x4.0', '$const6.1.0']
2026-02-19 06:59:03,712 - DEBUG - dispatch pc=20, inst=STORE_FAST(arg=3, lineno=1140)
2026-02-19 06:59:03,712 - DEBUG - stack ['$8binary_op.2']
2026-02-19 06:59:03,712 - DEBUG - dispatch pc=22, inst=LOAD_FAST_BORROW(arg=1, lineno=1141)
2026-02-19 06:59:03,712 - DEBUG - stack []
2026-02-19 06:59:03,712 - DEBUG - dispatch pc=24, inst=UNARY_NEGATIVE(arg=None, lineno=1141)
2026-02-19 06:59:03,712 - DEBUG - stack ['$threshold22.3']
2026-02-19 06:59:03,712 - DEBUG - dispatch pc=26, inst=LOAD_FAST(arg=3, lineno=1141)
2026-02-19 06:59:03,712 - DEBUG - stack ['$24unary_negative.4']
2026-02-19 06:59:03,712 - DEBUG - dispatch pc=28, inst=SWAP(arg=2, lineno=1141)
2026-02-19 06:59:03,712 - DEBUG - stack ['$24unary_negative.4', '$x026.5']
2026-02-19 06:59:03,712 - DEBUG - dispatch pc=30, inst=COPY(arg=2, lineno=1141)
2026-02-19 06:59:03,712 - DEBUG - stack ['$x026.5', '$24unary_negative.4']
2026-02-19 06:59:03,712 - DEBUG - dispatch pc=32, inst=COMPARE_OP(arg=58, lineno=1141)
2026-02-19 06:59:03,712 - DEBUG - stack ['$x026.5', '$24unary_negative.4', '$x026.5']
2026-02-19 06:59:03,712 - DEBUG - dispatch pc=36, inst=POP_JUMP_IF_FALSE(arg=8, lineno=1141)
2026-02-19 06:59:03,712 - DEBUG - stack ['$x026.5', '$32compare_op.6']
2026-02-19 06:59:03,712 - DEBUG - end state. edges=[Edge(pc=40, stack=('$x026.5',), blockstack=(), npush=0), Edge(pc=56, stack=('$x026.5',), blockstack=(), npush=0)]
2026-02-19 06:59:03,712 - DEBUG - pending: deque([State(pc_initial=40 nstack_initial=1), State(pc_initial=56 nstack_initial=1)])
2026-02-19 06:59:03,712 - DEBUG - stack: ['$phi40.0']
2026-02-19 06:59:03,712 - DEBUG - state.pc_initial: State(pc_initial=40 nstack_initial=1)
2026-02-19 06:59:03,712 - DEBUG - dispatch pc=40, inst=NOT_TAKEN(arg=None, lineno=1141)
2026-02-19 06:59:03,712 - DEBUG - stack ['$phi40.0']
2026-02-19 06:59:03,713 - DEBUG - dispatch pc=42, inst=LOAD_FAST_BORROW(arg=1, lineno=1141)
2026-02-19 06:59:03,713 - DEBUG - stack ['$phi40.0']
2026-02-19 06:59:03,713 - DEBUG - dispatch pc=44, inst=COMPARE_OP(arg=58, lineno=1141)
2026-02-19 06:59:03,713 - DEBUG - stack ['$phi40.0', '$threshold42.1']
2026-02-19 06:59:03,713 - DEBUG - dispatch pc=48, inst=POP_JUMP_IF_FALSE(arg=6, lineno=1141)
2026-02-19 06:59:03,713 - DEBUG - stack ['$44compare_op.2']
2026-02-19 06:59:03,713 - DEBUG - end state. edges=[Edge(pc=52, stack=(), blockstack=(), npush=0), Edge(pc=64, stack=(), blockstack=(), npush=0)]
2026-02-19 06:59:03,714 - DEBUG - pending: deque([State(pc_initial=56 nstack_initial=1), State(pc_initial=52 nstack_initial=0), State(pc_initial=64 nstack_initial=0)])
2026-02-19 06:59:03,714 - DEBUG - stack: ['$phi56.0']
2026-02-19 06:59:03,714 - DEBUG - state.pc_initial: State(pc_initial=56 nstack_initial=1)
2026-02-19 06:59:03,714 - DEBUG - dispatch pc=56, inst=POP_TOP(arg=None, lineno=1141)
2026-02-19 06:59:03,714 - DEBUG - stack ['$phi56.0']
2026-02-19 06:59:03,714 - DEBUG - dispatch pc=58, inst=JUMP_FORWARD(arg=2, lineno=1141)
2026-02-19 06:59:03,714 - DEBUG - stack []
2026-02-19 06:59:03,714 - DEBUG - end state. edges=[Edge(pc=64, stack=(), blockstack=(), npush=0)]
2026-02-19 06:59:03,714 - DEBUG - pending: deque([State(pc_initial=52 nstack_initial=0), State(pc_initial=64 nstack_initial=0), State(pc_initial=64 nstack_initial=0)])
2026-02-19 06:59:03,714 - DEBUG - stack: []
2026-02-19 06:59:03,714 - DEBUG - state.pc_initial: State(pc_initial=52 nstack_initial=0)
2026-02-19 06:59:03,714 - DEBUG - dispatch pc=52, inst=NOT_TAKEN(arg=None, lineno=1141)
2026-02-19 06:59:03,714 - DEBUG - stack []
2026-02-19 06:59:03,714 - DEBUG - dispatch pc=54, inst=JUMP_FORWARD(arg=2, lineno=1141)
2026-02-19 06:59:03,714 - DEBUG - stack []
2026-02-19 06:59:03,715 - DEBUG - end state. edges=[Edge(pc=60, stack=(), blockstack=(), npush=0)]
2026-02-19 06:59:03,715 - DEBUG - pending: deque([State(pc_initial=64 nstack_initial=0), State(pc_initial=64 nstack_initial=0), State(pc_initial=60 nstack_initial=0)])
2026-02-19 06:59:03,715 - DEBUG - stack: []
2026-02-19 06:59:03,715 - DEBUG - state.pc_initial: State(pc_initial=64 nstack_initial=0)
2026-02-19 06:59:03,715 - DEBUG - dispatch pc=64, inst=LOAD_FAST_BORROW(arg=0, lineno=1144)
2026-02-19 06:59:03,715 - DEBUG - stack []
2026-02-19 06:59:03,715 - DEBUG - dispatch pc=66, inst=LOAD_CONST(arg=1, lineno=1144)
2026-02-19 06:59:03,715 - DEBUG - stack ['$x64.0']
2026-02-19 06:59:03,715 - DEBUG - dispatch pc=68, inst=BINARY_OP(arg=26, lineno=1144)
2026-02-19 06:59:03,715 - DEBUG - stack ['$x64.0', '$const66.1.1']
2026-02-19 06:59:03,715 - DEBUG - dispatch pc=80, inst=STORE_FAST(arg=4, lineno=1144)
2026-02-19 06:59:03,715 - DEBUG - stack ['$68binary_op.2']
2026-02-19 06:59:03,715 - DEBUG - dispatch pc=82, inst=LOAD_FAST_BORROW(arg=1, lineno=1145)
2026-02-19 06:59:03,715 - DEBUG - stack []
2026-02-19 06:59:03,715 - DEBUG - dispatch pc=84, inst=UNARY_NEGATIVE(arg=None, lineno=1145)
2026-02-19 06:59:03,715 - DEBUG - stack ['$threshold82.3']
2026-02-19 06:59:03,715 - DEBUG - dispatch pc=86, inst=LOAD_FAST(arg=4, lineno=1145)
2026-02-19 06:59:03,715 - DEBUG - stack ['$84unary_negative.4']
2026-02-19 06:59:03,715 - DEBUG - dispatch pc=88, inst=SWAP(arg=2, lineno=1145)
2026-02-19 06:59:03,716 - DEBUG - stack ['$84unary_negative.4', '$x186.5']
2026-02-19 06:59:03,716 - DEBUG - dispatch pc=90, inst=COPY(arg=2, lineno=1145)
2026-02-19 06:59:03,716 - DEBUG - stack ['$x186.5', '$84unary_negative.4']
2026-02-19 06:59:03,716 - DEBUG - dispatch pc=92, inst=COMPARE_OP(arg=58, lineno=1145)
2026-02-19 06:59:03,716 - DEBUG - stack ['$x186.5', '$84unary_negative.4', '$x186.5']
2026-02-19 06:59:03,716 - DEBUG - dispatch pc=96, inst=POP_JUMP_IF_FALSE(arg=8, lineno=1145)
2026-02-19 06:59:03,716 - DEBUG - stack ['$x186.5', '$92compare_op.6']
2026-02-19 06:59:03,716 - DEBUG - end state. edges=[Edge(pc=100, stack=('$x186.5',), blockstack=(), npush=0), Edge(pc=116, stack=('$x186.5',), blockstack=(), npush=0)]
2026-02-19 06:59:03,716 - DEBUG - pending: deque([State(pc_initial=64 nstack_initial=0), State(pc_initial=60 nstack_initial=0), State(pc_initial=100 nstack_initial=1), State(pc_initial=116 nstack_initial=1)])
2026-02-19 06:59:03,716 - DEBUG - pending: deque([State(pc_initial=60 nstack_initial=0), State(pc_initial=100 nstack_initial=1), State(pc_initial=116 nstack_initial=1)])
2026-02-19 06:59:03,716 - DEBUG - stack: []
2026-02-19 06:59:03,716 - DEBUG - state.pc_initial: State(pc_initial=60 nstack_initial=0)
2026-02-19 06:59:03,716 - DEBUG - dispatch pc=60, inst=LOAD_SMALL_INT(arg=0, lineno=1142)
2026-02-19 06:59:03,716 - DEBUG - stack []
2026-02-19 06:59:03,716 - DEBUG - dispatch pc=62, inst=STORE_FAST(arg=3, lineno=1142)
2026-02-19 06:59:03,716 - DEBUG - stack ['$const60.0.0']
2026-02-19 06:59:03,716 - DEBUG - end state. edges=[Edge(pc=64, stack=(), blockstack=(), npush=0)]
2026-02-19 06:59:03,717 - DEBUG - pending: deque([State(pc_initial=100 nstack_initial=1), State(pc_initial=116 nstack_initial=1), State(pc_initial=64 nstack_initial=0)])
2026-02-19 06:59:03,717 - DEBUG - stack: ['$phi100.0']
2026-02-19 06:59:03,717 - DEBUG - state.pc_initial: State(pc_initial=100 nstack_initial=1)
2026-02-19 06:59:03,717 - DEBUG - dispatch pc=100, inst=NOT_TAKEN(arg=None, lineno=1145)
2026-02-19 06:59:03,717 - DEBUG - stack ['$phi100.0']
2026-02-19 06:59:03,717 - DEBUG - dispatch pc=102, inst=LOAD_FAST_BORROW(arg=1, lineno=1145)
2026-02-19 06:59:03,717 - DEBUG - stack ['$phi100.0']
2026-02-19 06:59:03,717 - DEBUG - dispatch pc=104, inst=COMPARE_OP(arg=58, lineno=1145)
2026-02-19 06:59:03,717 - DEBUG - stack ['$phi100.0', '$threshold102.1']
2026-02-19 06:59:03,717 - DEBUG - dispatch pc=108, inst=POP_JUMP_IF_FALSE(arg=6, lineno=1145)
2026-02-19 06:59:03,717 - DEBUG - stack ['$104compare_op.2']
2026-02-19 06:59:03,717 - DEBUG - end state. edges=[Edge(pc=112, stack=(), blockstack=(), npush=0), Edge(pc=124, stack=(), blockstack=(), npush=0)]
2026-02-19 06:59:03,718 - DEBUG - pending: deque([State(pc_initial=116 nstack_initial=1), State(pc_initial=64 nstack_initial=0), State(pc_initial=112 nstack_initial=0), State(pc_initial=124 nstack_initial=0)])
2026-02-19 06:59:03,718 - DEBUG - stack: ['$phi116.0']
2026-02-19 06:59:03,718 - DEBUG - state.pc_initial: State(pc_initial=116 nstack_initial=1)
2026-02-19 06:59:03,718 - DEBUG - dispatch pc=116, inst=POP_TOP(arg=None, lineno=1145)
2026-02-19 06:59:03,718 - DEBUG - stack ['$phi116.0']
2026-02-19 06:59:03,718 - DEBUG - dispatch pc=118, inst=JUMP_FORWARD(arg=2, lineno=1145)
2026-02-19 06:59:03,718 - DEBUG - stack []
2026-02-19 06:59:03,718 - DEBUG - end state. edges=[Edge(pc=124, stack=(), blockstack=(), npush=0)]
2026-02-19 06:59:03,718 - DEBUG - pending: deque([State(pc_initial=64 nstack_initial=0), State(pc_initial=112 nstack_initial=0), State(pc_initial=124 nstack_initial=0), State(pc_initial=124 nstack_initial=0)])
2026-02-19 06:59:03,718 - DEBUG - pending: deque([State(pc_initial=112 nstack_initial=0), State(pc_initial=124 nstack_initial=0), State(pc_initial=124 nstack_initial=0)])
2026-02-19 06:59:03,718 - DEBUG - stack: []
2026-02-19 06:59:03,719 - DEBUG - state.pc_initial: State(pc_initial=112 nstack_initial=0)
2026-02-19 06:59:03,719 - DEBUG - dispatch pc=112, inst=NOT_TAKEN(arg=None, lineno=1145)
2026-02-19 06:59:03,719 - DEBUG - stack []
2026-02-19 06:59:03,719 - DEBUG - dispatch pc=114, inst=JUMP_FORWARD(arg=2, lineno=1145)
2026-02-19 06:59:03,719 - DEBUG - stack []
2026-02-19 06:59:03,719 - DEBUG - end state. edges=[Edge(pc=120, stack=(), blockstack=(), npush=0)]
2026-02-19 06:59:03,719 - DEBUG - pending: deque([State(pc_initial=124 nstack_initial=0), State(pc_initial=124 nstack_initial=0), State(pc_initial=120 nstack_initial=0)])
2026-02-19 06:59:03,719 - DEBUG - stack: []
2026-02-19 06:59:03,719 - DEBUG - state.pc_initial: State(pc_initial=124 nstack_initial=0)
2026-02-19 06:59:03,719 - DEBUG - dispatch pc=124, inst=LOAD_FAST_BORROW(arg=2, lineno=1148)
2026-02-19 06:59:03,719 - DEBUG - stack []
2026-02-19 06:59:03,719 - DEBUG - dispatch pc=126, inst=TO_BOOL(arg=None, lineno=1148)
2026-02-19 06:59:03,719 - DEBUG - stack ['$zero_pos124.0']
2026-02-19 06:59:03,720 - DEBUG - dispatch pc=134, inst=POP_JUMP_IF_FALSE(arg=46, lineno=1148)
2026-02-19 06:59:03,720 - DEBUG - stack ['$126to_bool.1']
2026-02-19 06:59:03,720 - DEBUG - end state. edges=[Edge(pc=138, stack=(), blockstack=(), npush=0), Edge(pc=230, stack=(), blockstack=(), npush=0)]
2026-02-19 06:59:03,720 - DEBUG - pending: deque([State(pc_initial=124 nstack_initial=0), State(pc_initial=120 nstack_initial=0), State(pc_initial=138 nstack_initial=0), State(pc_initial=230 nstack_initial=0)])
2026-02-19 06:59:03,720 - DEBUG - pending: deque([State(pc_initial=120 nstack_initial=0), State(pc_initial=138 nstack_initial=0), State(pc_initial=230 nstack_initial=0)])
2026-02-19 06:59:03,720 - DEBUG - stack: []
2026-02-19 06:59:03,720 - DEBUG - state.pc_initial: State(pc_initial=120 nstack_initial=0)
2026-02-19 06:59:03,720 - DEBUG - dispatch pc=120, inst=LOAD_SMALL_INT(arg=0, lineno=1146)
2026-02-19 06:59:03,720 - DEBUG - stack []
2026-02-19 06:59:03,720 - DEBUG - dispatch pc=122, inst=STORE_FAST(arg=4, lineno=1146)
2026-02-19 06:59:03,720 - DEBUG - stack ['$const120.0.0']
2026-02-19 06:59:03,720 - DEBUG - end state. edges=[Edge(pc=124, stack=(), blockstack=(), npush=0)]
2026-02-19 06:59:03,720 - DEBUG - pending: deque([State(pc_initial=138 nstack_initial=0), State(pc_initial=230 nstack_initial=0), State(pc_initial=124 nstack_initial=0)])
2026-02-19 06:59:03,721 - DEBUG - stack: []
2026-02-19 06:59:03,721 - DEBUG - state.pc_initial: State(pc_initial=138 nstack_initial=0)
2026-02-19 06:59:03,721 - DEBUG - dispatch pc=138, inst=NOT_TAKEN(arg=None, lineno=1148)
2026-02-19 06:59:03,721 - DEBUG - stack []
2026-02-19 06:59:03,721 - DEBUG - dispatch pc=140, inst=LOAD_GLOBAL(arg=0, lineno=1149)
2026-02-19 06:59:03,721 - DEBUG - stack []
2026-02-19 06:59:03,721 - DEBUG - dispatch pc=150, inst=LOAD_ATTR(arg=2, lineno=1149)
2026-02-19 06:59:03,721 - DEBUG - stack ['$140load_global.0']
2026-02-19 06:59:03,721 - DEBUG - dispatch pc=170, inst=PUSH_NULL(arg=None, lineno=1149)
2026-02-19 06:59:03,721 - DEBUG - stack ['$150load_attr.1']
2026-02-19 06:59:03,721 - DEBUG - dispatch pc=172, inst=LOAD_FAST_BORROW(arg=3, lineno=1149)
2026-02-19 06:59:03,721 - DEBUG - stack ['$150load_attr.1', '$null$170.2']
2026-02-19 06:59:03,721 - DEBUG - dispatch pc=174, inst=CALL(arg=1, lineno=1149)
2026-02-19 06:59:03,721 - DEBUG - stack ['$150load_attr.1', '$null$170.2', '$x0172.3']
2026-02-19 06:59:03,722 - DEBUG - dispatch pc=182, inst=LOAD_GLOBAL(arg=0, lineno=1149)
2026-02-19 06:59:03,722 - DEBUG - stack ['$174call.4']
2026-02-19 06:59:03,722 - DEBUG - dispatch pc=192, inst=LOAD_ATTR(arg=2, lineno=1149)
2026-02-19 06:59:03,722 - DEBUG - stack ['$174call.4', '$182load_global.5']
2026-02-19 06:59:03,722 - DEBUG - dispatch pc=212, inst=PUSH_NULL(arg=None, lineno=1149)
2026-02-19 06:59:03,722 - DEBUG - stack ['$174call.4', '$192load_attr.6']
2026-02-19 06:59:03,722 - DEBUG - dispatch pc=214, inst=LOAD_FAST_BORROW(arg=4, lineno=1149)
2026-02-19 06:59:03,722 - DEBUG - stack ['$174call.4', '$192load_attr.6', '$null$212.7']
2026-02-19 06:59:03,722 - DEBUG - dispatch pc=216, inst=CALL(arg=1, lineno=1149)
2026-02-19 06:59:03,722 - DEBUG - stack ['$174call.4', '$192load_attr.6', '$null$212.7', '$x1214.8']
2026-02-19 06:59:03,722 - DEBUG - dispatch pc=224, inst=COMPARE_OP(arg=103, lineno=1149)
2026-02-19 06:59:03,722 - DEBUG - stack ['$174call.4', '$216call.9']
2026-02-19 06:59:03,722 - DEBUG - dispatch pc=228, inst=RETURN_VALUE(arg=None, lineno=1149)
2026-02-19 06:59:03,722 - DEBUG - stack ['$224compare_op.10']
2026-02-19 06:59:03,723 - DEBUG - end state. edges=[]
2026-02-19 06:59:03,723 - DEBUG - pending: deque([State(pc_initial=230 nstack_initial=0), State(pc_initial=124 nstack_initial=0)])
2026-02-19 06:59:03,723 - DEBUG - stack: []
2026-02-19 06:59:03,723 - DEBUG - state.pc_initial: State(pc_initial=230 nstack_initial=0)
2026-02-19 06:59:03,723 - DEBUG - dispatch pc=230, inst=LOAD_GLOBAL(arg=0, lineno=1151)
2026-02-19 06:59:03,723 - DEBUG - stack []
2026-02-19 06:59:03,723 - DEBUG - dispatch pc=240, inst=LOAD_ATTR(arg=4, lineno=1151)
2026-02-19 06:59:03,723 - DEBUG - stack ['$230load_global.0']
2026-02-19 06:59:03,723 - DEBUG - dispatch pc=260, inst=PUSH_NULL(arg=None, lineno=1151)
2026-02-19 06:59:03,723 - DEBUG - stack ['$240load_attr.1']
2026-02-19 06:59:03,723 - DEBUG - dispatch pc=262, inst=LOAD_FAST_BORROW(arg=3, lineno=1151)
2026-02-19 06:59:03,723 - DEBUG - stack ['$240load_attr.1', '$null$260.2']
2026-02-19 06:59:03,723 - DEBUG - dispatch pc=264, inst=CALL(arg=1, lineno=1151)
2026-02-19 06:59:03,723 - DEBUG - stack ['$240load_attr.1', '$null$260.2', '$x0262.3']
2026-02-19 06:59:03,724 - DEBUG - dispatch pc=272, inst=LOAD_GLOBAL(arg=0, lineno=1151)
2026-02-19 06:59:03,724 - DEBUG - stack ['$264call.4']
2026-02-19 06:59:03,724 - DEBUG - dispatch pc=282, inst=LOAD_ATTR(arg=4, lineno=1151)
2026-02-19 06:59:03,724 - DEBUG - stack ['$264call.4', '$272load_global.5']
2026-02-19 06:59:03,724 - DEBUG - dispatch pc=302, inst=PUSH_NULL(arg=None, lineno=1151)
2026-02-19 06:59:03,724 - DEBUG - stack ['$264call.4', '$282load_attr.6']
2026-02-19 06:59:03,724 - DEBUG - dispatch pc=304, inst=LOAD_FAST_BORROW(arg=4, lineno=1151)
2026-02-19 06:59:03,724 - DEBUG - stack ['$264call.4', '$282load_attr.6', '$null$302.7']
2026-02-19 06:59:03,724 - DEBUG - dispatch pc=306, inst=CALL(arg=1, lineno=1151)
2026-02-19 06:59:03,724 - DEBUG - stack ['$264call.4', '$282load_attr.6', '$null$302.7', '$x1304.8']
2026-02-19 06:59:03,724 - DEBUG - dispatch pc=314, inst=COMPARE_OP(arg=103, lineno=1151)
2026-02-19 06:59:03,724 - DEBUG - stack ['$264call.4', '$306call.9']
2026-02-19 06:59:03,724 - DEBUG - dispatch pc=318, inst=RETURN_VALUE(arg=None, lineno=1151)
2026-02-19 06:59:03,724 - DEBUG - stack ['$314compare_op.10']
2026-02-19 06:59:03,725 - DEBUG - end state. edges=[]
2026-02-19 06:59:03,725 - DEBUG - pending: deque([State(pc_initial=124 nstack_initial=0)])
2026-02-19 06:59:03,725 - DEBUG - -------------------------Prune PHIs-------------------------
2026-02-19 06:59:03,725 - DEBUG - Used_phis: defaultdict(<class 'set'>,
            {State(pc_initial=0 nstack_initial=0): set(),
             State(pc_initial=40 nstack_initial=1): {'$phi40.0'},
             State(pc_initial=52 nstack_initial=0): set(),
             State(pc_initial=56 nstack_initial=1): set(),
             State(pc_initial=60 nstack_initial=0): set(),
             State(pc_initial=64 nstack_initial=0): set(),
             State(pc_initial=100 nstack_initial=1): {'$phi100.0'},
             State(pc_initial=112 nstack_initial=0): set(),
             State(pc_initial=116 nstack_initial=1): set(),
             State(pc_initial=120 nstack_initial=0): set(),
             State(pc_initial=124 nstack_initial=0): set(),
             State(pc_initial=138 nstack_initial=0): set(),
             State(pc_initial=230 nstack_initial=0): set()})
2026-02-19 06:59:03,725 - DEBUG - defmap: {'$phi100.0': State(pc_initial=64 nstack_initial=0),
 '$phi116.0': State(pc_initial=64 nstack_initial=0),
 '$phi40.0': State(pc_initial=0 nstack_initial=0),
 '$phi56.0': State(pc_initial=0 nstack_initial=0)}
2026-02-19 06:59:03,725 - DEBUG - phismap: defaultdict(<class 'set'>,
            {'$phi100.0': {('$x186.5', State(pc_initial=64 nstack_initial=0))},
             '$phi116.0': {('$x186.5', State(pc_initial=64 nstack_initial=0))},
             '$phi40.0': {('$x026.5', State(pc_initial=0 nstack_initial=0))},
             '$phi56.0': {('$x026.5', State(pc_initial=0 nstack_initial=0))}})
2026-02-19 06:59:03,726 - DEBUG - changing phismap: defaultdict(<class 'set'>,
            {'$phi100.0': {('$x186.5', State(pc_initial=64 nstack_initial=0))},
             '$phi116.0': {('$x186.5', State(pc_initial=64 nstack_initial=0))},
             '$phi40.0': {('$x026.5', State(pc_initial=0 nstack_initial=0))},
             '$phi56.0': {('$x026.5', State(pc_initial=0 nstack_initial=0))}})
2026-02-19 06:59:03,726 - DEBUG - keep phismap: {'$phi100.0': {('$x186.5', State(pc_initial=64 nstack_initial=0))},
 '$phi40.0': {('$x026.5', State(pc_initial=0 nstack_initial=0))}}
2026-02-19 06:59:03,726 - DEBUG - new_out: defaultdict(<class 'dict'>,
            {State(pc_initial=0 nstack_initial=0): {'$phi40.0': '$x026.5'},
             State(pc_initial=64 nstack_initial=0): {'$phi100.0': '$x186.5'}})
2026-02-19 06:59:03,726 - DEBUG - ----------------------DONE Prune PHIs-----------------------
2026-02-19 06:59:03,726 - DEBUG - block_infos State(pc_initial=0 nstack_initial=0):
AdaptBlockInfo(insts=((0, {}), (2, {}), (4, {'res': '$x4.0'}), (6, {'res': '$const6.1.0'}), (8, {'op': '[]', 'lhs': '$x4.0', 'rhs': '$const6.1.0', 'res': '$8binary_op.2'}), (20, {'value': '$8binary_op.2'}), (22, {'res': '$threshold22.3'}), (24, {'value': '$threshold22.3', 'res': '$24unary_negative.4'}), (26, {'res': '$x026.5'}), (32, {'lhs': '$24unary_negative.4', 'rhs': '$x026.5', 'res': '$32compare_op.6'}), (36, {'pred': '$32compare_op.6'})), outgoing_phis={'$phi40.0': '$x026.5'}, blockstack=(), active_try_block=None, outgoing_edgepushed={40: ('$x026.5',), 56: ('$x026.5',)})
2026-02-19 06:59:03,726 - DEBUG - block_infos State(pc_initial=40 nstack_initial=1):
AdaptBlockInfo(insts=((40, {}), (42, {'res': '$threshold42.1'}), (44, {'lhs': '$phi40.0', 'rhs': '$threshold42.1', 'res': '$44compare_op.2'}), (48, {'pred': '$44compare_op.2'})), outgoing_phis={}, blockstack=(), active_try_block=None, outgoing_edgepushed={52: (), 64: ()})
2026-02-19 06:59:03,726 - DEBUG - block_infos State(pc_initial=52 nstack_initial=0):
AdaptBlockInfo(insts=((52, {}), (54, {})), outgoing_phis={}, blockstack=(), active_try_block=None, outgoing_edgepushed={60: ()})
2026-02-19 06:59:03,726 - DEBUG - block_infos State(pc_initial=56 nstack_initial=1):
AdaptBlockInfo(insts=((58, {}),), outgoing_phis={}, blockstack=(), active_try_block=None, outgoing_edgepushed={64: ()})
2026-02-19 06:59:03,726 - DEBUG - block_infos State(pc_initial=60 nstack_initial=0):
AdaptBlockInfo(insts=((60, {'res': '$const60.0.0'}), (62, {'value': '$const60.0.0'})), outgoing_phis={}, blockstack=(), active_try_block=None, outgoing_edgepushed={64: ()})
2026-02-19 06:59:03,726 - DEBUG - block_infos State(pc_initial=64 nstack_initial=0):
AdaptBlockInfo(insts=((64, {'res': '$x64.0'}), (66, {'res': '$const66.1.1'}), (68, {'op': '[]', 'lhs': '$x64.0', 'rhs': '$const66.1.1', 'res': '$68binary_op.2'}), (80, {'value': '$68binary_op.2'}), (82, {'res': '$threshold82.3'}), (84, {'value': '$threshold82.3', 'res': '$84unary_negative.4'}), (86, {'res': '$x186.5'}), (92, {'lhs': '$84unary_negative.4', 'rhs': '$x186.5', 'res': '$92compare_op.6'}), (96, {'pred': '$92compare_op.6'})), outgoing_phis={'$phi100.0': '$x186.5'}, blockstack=(), active_try_block=None, outgoing_edgepushed={100: ('$x186.5',), 116: ('$x186.5',)})
2026-02-19 06:59:03,727 - DEBUG - block_infos State(pc_initial=100 nstack_initial=1):
AdaptBlockInfo(insts=((100, {}), (102, {'res': '$threshold102.1'}), (104, {'lhs': '$phi100.0', 'rhs': '$threshold102.1', 'res': '$104compare_op.2'}), (108, {'pred': '$104compare_op.2'})), outgoing_phis={}, blockstack=(), active_try_block=None, outgoing_edgepushed={112: (), 124: ()})
2026-02-19 06:59:03,727 - DEBUG - block_infos State(pc_initial=112 nstack_initial=0):
AdaptBlockInfo(insts=((112, {}), (114, {})), outgoing_phis={}, blockstack=(), active_try_block=None, outgoing_edgepushed={120: ()})
2026-02-19 06:59:03,727 - DEBUG - block_infos State(pc_initial=116 nstack_initial=1):
AdaptBlockInfo(insts=((118, {}),), outgoing_phis={}, blockstack=(), active_try_block=None, outgoing_edgepushed={124: ()})
2026-02-19 06:59:03,727 - DEBUG - block_infos State(pc_initial=120 nstack_initial=0):
AdaptBlockInfo(insts=((120, {'res': '$const120.0.0'}), (122, {'value': '$const120.0.0'})), outgoing_phis={}, blockstack=(), active_try_block=None, outgoing_edgepushed={124: ()})
2026-02-19 06:59:03,727 - DEBUG - block_infos State(pc_initial=124 nstack_initial=0):
AdaptBlockInfo(insts=((124, {'res': '$zero_pos124.0'}), (126, {'val': '$zero_pos124.0', 'res': '$126to_bool.1'}), (134, {'pred': '$126to_bool.1'})), outgoing_phis={}, blockstack=(), active_try_block=None, outgoing_edgepushed={138: (), 230: ()})
2026-02-19 06:59:03,727 - DEBUG - block_infos State(pc_initial=138 nstack_initial=0):
AdaptBlockInfo(insts=((138, {}), (140, {'idx': 0, 'res': '$140load_global.0'}), (150, {'item': '$140load_global.0', 'res': '$150load_attr.1'}), (170, {}), (172, {'res': '$x0172.3'}), (174, {'func': '$150load_attr.1', 'args': ['$x0172.3'], 'kw_names': None, 'res': '$174call.4'}), (182, {'idx': 0, 'res': '$182load_global.5'}), (192, {'item': '$182load_global.5', 'res': '$192load_attr.6'}), (212, {}), (214, {'res': '$x1214.8'}), (216, {'func': '$192load_attr.6', 'args': ['$x1214.8'], 'kw_names': None, 'res': '$216call.9'}), (224, {'lhs': '$174call.4', 'rhs': '$216call.9', 'res': '$224compare_op.10'}), (228, {'retval': '$224compare_op.10', 'castval': '$228return_value.11'})), outgoing_phis={}, blockstack=(), active_try_block=None, outgoing_edgepushed={})
2026-02-19 06:59:03,727 - DEBUG - block_infos State(pc_initial=230 nstack_initial=0):
AdaptBlockInfo(insts=((230, {'idx': 0, 'res': '$230load_global.0'}), (240, {'item': '$230load_global.0', 'res': '$240load_attr.1'}), (260, {}), (262, {'res': '$x0262.3'}), (264, {'func': '$240load_attr.1', 'args': ['$x0262.3'], 'kw_names': None, 'res': '$264call.4'}), (272, {'idx': 0, 'res': '$272load_global.5'}), (282, {'item': '$272load_global.5', 'res': '$282load_attr.6'}), (302, {}), (304, {'res': '$x1304.8'}), (306, {'func': '$282load_attr.6', 'args': ['$x1304.8'], 'kw_names': None, 'res': '$306call.9'}), (314, {'lhs': '$264call.4', 'rhs': '$306call.9', 'res': '$314compare_op.10'}), (318, {'retval': '$314compare_op.10', 'castval': '$318return_value.11'})), outgoing_phis={}, blockstack=(), active_try_block=None, outgoing_edgepushed={})
2026-02-19 06:59:03,729 - DEBUG - label 0:
    x = arg(0, name=x)                       ['x']
    threshold = arg(1, name=threshold)       ['threshold']
    zero_pos = arg(2, name=zero_pos)         ['zero_pos']
    $const6.1.0 = const(int, 0)              ['$const6.1.0']
    x0 = getitem(value=x, index=$const6.1.0, fn=<built-in function getitem>) ['$const6.1.0', 'x', 'x0']
    $24unary_negative.4 = unary(fn=<built-in function neg>, value=threshold) ['$24unary_negative.4', 'threshold']
    $32compare_op.6 = $24unary_negative.4 <= x0 ['$24unary_negative.4', '$32compare_op.6', 'x0']
    $bool36 = global(bool: <class 'bool'>)   ['$bool36']
    $36pred = call $bool36($32compare_op.6, func=$bool36, args=(Var($32compare_op.6, audio.py:1141),), kws=(), vararg=None, varkwarg=None, target=None) ['$32compare_op.6', '$36pred', '$bool36']
    $phi40.0 = x0                            ['$phi40.0', 'x0']
    branch $36pred, 40, 56                   ['$36pred']
label 40:
    $44compare_op.2 = $phi40.0 <= threshold  ['$44compare_op.2', '$phi40.0', 'threshold']
    $bool48 = global(bool: <class 'bool'>)   ['$bool48']
    $48pred = call $bool48($44compare_op.2, func=$bool48, args=(Var($44compare_op.2, audio.py:1141),), kws=(), vararg=None, varkwarg=None, target=None) ['$44compare_op.2', '$48pred', '$bool48']
    branch $48pred, 52, 64                   ['$48pred']
label 52:
    jump 60                                  []
label 56:
    jump 64                                  []
label 60:
    x0 = const(int, 0)                       ['x0']
    jump 64                                  []
label 64:
    $const66.1.1 = const(int, -1)            ['$const66.1.1']
    x1 = getitem(value=x, index=$const66.1.1, fn=<built-in function getitem>) ['$const66.1.1', 'x', 'x1']
    $84unary_negative.4 = unary(fn=<built-in function neg>, value=threshold) ['$84unary_negative.4', 'threshold']
    $92compare_op.6 = $84unary_negative.4 <= x1 ['$84unary_negative.4', '$92compare_op.6', 'x1']
    $bool96 = global(bool: <class 'bool'>)   ['$bool96']
    $96pred = call $bool96($92compare_op.6, func=$bool96, args=(Var($92compare_op.6, audio.py:1145),), kws=(), vararg=None, varkwarg=None, target=None) ['$92compare_op.6', '$96pred', '$bool96']
    $phi100.0 = x1                           ['$phi100.0', 'x1']
    branch $96pred, 100, 116                 ['$96pred']
label 100:
    $104compare_op.2 = $phi100.0 <= threshold ['$104compare_op.2', '$phi100.0', 'threshold']
    $bool108 = global(bool: <class 'bool'>)  ['$bool108']
    $108pred = call $bool108($104compare_op.2, func=$bool108, args=(Var($104compare_op.2, audio.py:1145),), kws=(), vararg=None, varkwarg=None, target=None) ['$104compare_op.2', '$108pred', '$bool108']
    branch $108pred, 112, 124                ['$108pred']
label 112:
    jump 120                                 []
label 116:
    jump 124                                 []
label 120:
    x1 = const(int, 0)                       ['x1']
    jump 124                                 []
label 124:
    $bool134 = global(bool: <class 'bool'>)  ['$bool134']
    $134pred = call $bool134(zero_pos, func=$bool134, args=(Var(zero_pos, audio.py:1137),), kws=(), vararg=None, varkwarg=None, target=None) ['$134pred', '$bool134', 'zero_pos']
    branch $134pred, 138, 230                ['$134pred']
label 138:
    $140load_global.0 = global(np: <module 'numpy' from 'C:\\Users\\WINDOWS\\Desktop\\ai_stress_detector\\venv\\Lib\\site-packages\\numpy\\__init__.py'>) ['$140load_global.0']
    $150load_attr.1 = getattr(value=$140load_global.0, attr=signbit) ['$140load_global.0', '$150load_attr.1']
    $174call.4 = call $150load_attr.1(x0, func=$150load_attr.1, args=[Var(x0, audio.py:1140)], kws=(), vararg=None, varkwarg=None, target=None) ['$150load_attr.1', '$174call.4', 'x0']
    $182load_global.5 = global(np: <module 'numpy' from 'C:\\Users\\WINDOWS\\Desktop\\ai_stress_detector\\venv\\Lib\\site-packages\\numpy\\__init__.py'>) ['$182load_global.5']
    $192load_attr.6 = getattr(value=$182load_global.5, attr=signbit) ['$182load_global.5', '$192load_attr.6']
    $216call.9 = call $192load_attr.6(x1, func=$192load_attr.6, args=[Var(x1, audio.py:1144)], kws=(), vararg=None, varkwarg=None, target=None) ['$192load_attr.6', '$216call.9', 'x1']
    $224compare_op.10 = $174call.4 != $216call.9 ['$174call.4', '$216call.9', '$224compare_op.10']
    $228return_value.11 = cast(value=$224compare_op.10) ['$224compare_op.10', '$228return_value.11']
    return $228return_value.11               ['$228return_value.11']
label 230:
    $230load_global.0 = global(np: <module 'numpy' from 'C:\\Users\\WINDOWS\\Desktop\\ai_stress_detector\\venv\\Lib\\site-packages\\numpy\\__init__.py'>) ['$230load_global.0']
    $240load_attr.1 = getattr(value=$230load_global.0, attr=sign) ['$230load_global.0', '$240load_attr.1']
    $264call.4 = call $240load_attr.1(x0, func=$240load_attr.1, args=[Var(x0, audio.py:1140)], kws=(), vararg=None, varkwarg=None, target=None) ['$240load_attr.1', '$264call.4', 'x0']
    $272load_global.5 = global(np: <module 'numpy' from 'C:\\Users\\WINDOWS\\Desktop\\ai_stress_detector\\venv\\Lib\\site-packages\\numpy\\__init__.py'>) ['$272load_global.5']
    $282load_attr.6 = getattr(value=$272load_global.5, attr=sign) ['$272load_global.5', '$282load_attr.6']
    $306call.9 = call $282load_attr.6(x1, func=$282load_attr.6, args=[Var(x1, audio.py:1144)], kws=(), vararg=None, varkwarg=None, target=None) ['$282load_attr.6', '$306call.9', 'x1']
    $314compare_op.10 = $264call.4 != $306call.9 ['$264call.4', '$306call.9', '$314compare_op.10']
    $318return_value.11 = cast(value=$314compare_op.10) ['$314compare_op.10', '$318return_value.11']
    return $318return_value.11               ['$318return_value.11']

2026-02-19 06:59:05,200 - DEBUG - bytecode dump:
>          0	NOP(arg=None, lineno=1023)
           2	RESUME(arg=0, lineno=1023)
           4	LOAD_FAST_BORROW(arg=0, lineno=1026)
           6	LOAD_SMALL_INT(arg=0, lineno=1026)
           8	BINARY_OP(arg=26, lineno=1026)
          20	LOAD_FAST_BORROW(arg=0, lineno=1026)
          22	LOAD_CONST(arg=1, lineno=1026)
          24	BINARY_OP(arg=26, lineno=1026)
          36	COMPARE_OP(arg=132, lineno=1026)
          40	LOAD_FAST_BORROW(arg=0, lineno=1026)
          42	LOAD_SMALL_INT(arg=0, lineno=1026)
          44	BINARY_OP(arg=26, lineno=1026)
          56	LOAD_FAST_BORROW(arg=0, lineno=1026)
          58	LOAD_SMALL_INT(arg=1, lineno=1026)
          60	BINARY_OP(arg=26, lineno=1026)
          72	COMPARE_OP(arg=172, lineno=1026)
          76	BINARY_OP(arg=1, lineno=1026)
          88	RETURN_VALUE(arg=None, lineno=1026)
2026-02-19 06:59:05,200 - DEBUG - pending: deque([State(pc_initial=0 nstack_initial=0)])
2026-02-19 06:59:05,200 - DEBUG - stack: []
2026-02-19 06:59:05,200 - DEBUG - state.pc_initial: State(pc_initial=0 nstack_initial=0)
2026-02-19 06:59:05,200 - DEBUG - dispatch pc=0, inst=NOP(arg=None, lineno=1023)
2026-02-19 06:59:05,200 - DEBUG - stack []
2026-02-19 06:59:05,201 - DEBUG - dispatch pc=2, inst=RESUME(arg=0, lineno=1023)
2026-02-19 06:59:05,201 - DEBUG - stack []
2026-02-19 06:59:05,201 - DEBUG - dispatch pc=4, inst=LOAD_FAST_BORROW(arg=0, lineno=1026)
2026-02-19 06:59:05,201 - DEBUG - stack []
2026-02-19 06:59:05,201 - DEBUG - dispatch pc=6, inst=LOAD_SMALL_INT(arg=0, lineno=1026)
2026-02-19 06:59:05,201 - DEBUG - stack ['$x4.0']
2026-02-19 06:59:05,201 - DEBUG - dispatch pc=8, inst=BINARY_OP(arg=26, lineno=1026)
2026-02-19 06:59:05,201 - DEBUG - stack ['$x4.0', '$const6.1.0']
2026-02-19 06:59:05,201 - DEBUG - dispatch pc=20, inst=LOAD_FAST_BORROW(arg=0, lineno=1026)
2026-02-19 06:59:05,201 - DEBUG - stack ['$8binary_op.2']
2026-02-19 06:59:05,201 - DEBUG - dispatch pc=22, inst=LOAD_CONST(arg=1, lineno=1026)
2026-02-19 06:59:05,201 - DEBUG - stack ['$8binary_op.2', '$x20.3']
2026-02-19 06:59:05,201 - DEBUG - dispatch pc=24, inst=BINARY_OP(arg=26, lineno=1026)
2026-02-19 06:59:05,201 - DEBUG - stack ['$8binary_op.2', '$x20.3', '$const22.4.1']
2026-02-19 06:59:05,201 - DEBUG - dispatch pc=36, inst=COMPARE_OP(arg=132, lineno=1026)
2026-02-19 06:59:05,201 - DEBUG - stack ['$8binary_op.2', '$24binary_op.5']
2026-02-19 06:59:05,201 - DEBUG - dispatch pc=40, inst=LOAD_FAST_BORROW(arg=0, lineno=1026)
2026-02-19 06:59:05,201 - DEBUG - stack ['$36compare_op.6']
2026-02-19 06:59:05,201 - DEBUG - dispatch pc=42, inst=LOAD_SMALL_INT(arg=0, lineno=1026)
2026-02-19 06:59:05,201 - DEBUG - stack ['$36compare_op.6', '$x40.7']
2026-02-19 06:59:05,201 - DEBUG - dispatch pc=44, inst=BINARY_OP(arg=26, lineno=1026)
2026-02-19 06:59:05,201 - DEBUG - stack ['$36compare_op.6', '$x40.7', '$const42.8.0']
2026-02-19 06:59:05,201 - DEBUG - dispatch pc=56, inst=LOAD_FAST_BORROW(arg=0, lineno=1026)
2026-02-19 06:59:05,201 - DEBUG - stack ['$36compare_op.6', '$44binary_op.9']
2026-02-19 06:59:05,201 - DEBUG - dispatch pc=58, inst=LOAD_SMALL_INT(arg=1, lineno=1026)
2026-02-19 06:59:05,201 - DEBUG - stack ['$36compare_op.6', '$44binary_op.9', '$x56.10']
2026-02-19 06:59:05,202 - DEBUG - dispatch pc=60, inst=BINARY_OP(arg=26, lineno=1026)
2026-02-19 06:59:05,202 - DEBUG - stack ['$36compare_op.6', '$44binary_op.9', '$x56.10', '$const58.11.1']
2026-02-19 06:59:05,202 - DEBUG - dispatch pc=72, inst=COMPARE_OP(arg=172, lineno=1026)
2026-02-19 06:59:05,202 - DEBUG - stack ['$36compare_op.6', '$44binary_op.9', '$60binary_op.12']
2026-02-19 06:59:05,202 - DEBUG - dispatch pc=76, inst=BINARY_OP(arg=1, lineno=1026)
2026-02-19 06:59:05,202 - DEBUG - stack ['$36compare_op.6', '$72compare_op.13']
2026-02-19 06:59:05,202 - DEBUG - dispatch pc=88, inst=RETURN_VALUE(arg=None, lineno=1026)
2026-02-19 06:59:05,202 - DEBUG - stack ['$binop_and_76.14']
2026-02-19 06:59:05,202 - DEBUG - end state. edges=[]
2026-02-19 06:59:05,202 - DEBUG - -------------------------Prune PHIs-------------------------
2026-02-19 06:59:05,202 - DEBUG - Used_phis: defaultdict(<class 'set'>, {State(pc_initial=0 nstack_initial=0): set()})
2026-02-19 06:59:05,202 - DEBUG - defmap: {}
2026-02-19 06:59:05,202 - DEBUG - phismap: defaultdict(<class 'set'>, {})
2026-02-19 06:59:05,202 - DEBUG - changing phismap: defaultdict(<class 'set'>, {})
2026-02-19 06:59:05,202 - DEBUG - keep phismap: {}
2026-02-19 06:59:05,202 - DEBUG - new_out: defaultdict(<class 'dict'>, {})
2026-02-19 06:59:05,202 - DEBUG - ----------------------DONE Prune PHIs-----------------------
2026-02-19 06:59:05,202 - DEBUG - block_infos State(pc_initial=0 nstack_initial=0):
AdaptBlockInfo(insts=((0, {}), (2, {}), (4, {'res': '$x4.0'}), (6, {'res': '$const6.1.0'}), (8, {'op': '[]', 'lhs': '$x4.0', 'rhs': '$const6.1.0', 'res': '$8binary_op.2'}), (20, {'res': '$x20.3'}), (22, {'res': '$const22.4.1'}), (24, {'op': '[]', 'lhs': '$x20.3', 'rhs': '$const22.4.1', 'res': '$24binary_op.5'}), (36, {'lhs': '$8binary_op.2', 'rhs': '$24binary_op.5', 'res': '$36compare_op.6'}), (40, {'res': '$x40.7'}), (42, {'res': '$const42.8.0'}), (44, {'op': '[]', 'lhs': '$x40.7', 'rhs': '$const42.8.0', 'res': '$44binary_op.9'}), (56, {'res': '$x56.10'}), (58, {'res': '$const58.11.1'}), (60, {'op': '[]', 'lhs': '$x56.10', 'rhs': '$const58.11.1', 'res': '$60binary_op.12'}), (72, {'lhs': '$44binary_op.9', 'rhs': '$60binary_op.12', 'res': '$72compare_op.13'}), (76, {'op': '&', 'lhs': '$36compare_op.6', 'rhs': '$72compare_op.13', 'res': '$binop_and_76.14'}), (88, {'retval': '$binop_and_76.14', 'castval': '$88return_value.15'})), outgoing_phis={}, blockstack=(), active_try_block=None, outgoing_edgepushed={})
2026-02-19 06:59:05,203 - DEBUG - label 0:
    x = arg(0, name=x)                       ['x']
    $const6.1.0 = const(int, 0)              ['$const6.1.0']
    $8binary_op.2 = getitem(value=x, index=$const6.1.0, fn=<built-in function getitem>) ['$8binary_op.2', '$const6.1.0', 'x']
    $const22.4.1 = const(int, -1)            ['$const22.4.1']
    $24binary_op.5 = getitem(value=x, index=$const22.4.1, fn=<built-in function getitem>) ['$24binary_op.5', '$const22.4.1', 'x']
    $36compare_op.6 = $8binary_op.2 > $24binary_op.5 ['$24binary_op.5', '$36compare_op.6', '$8binary_op.2']
    $const42.8.0 = const(int, 0)             ['$const42.8.0']
    $44binary_op.9 = getitem(value=x, index=$const42.8.0, fn=<built-in function getitem>) ['$44binary_op.9', '$const42.8.0', 'x']
    $const58.11.1 = const(int, 1)            ['$const58.11.1']
    $60binary_op.12 = getitem(value=x, index=$const58.11.1, fn=<built-in function getitem>) ['$60binary_op.12', '$const58.11.1', 'x']
    $72compare_op.13 = $44binary_op.9 >= $60binary_op.12 ['$44binary_op.9', '$60binary_op.12', '$72compare_op.13']
    $binop_and_76.14 = $36compare_op.6 & $72compare_op.13 ['$36compare_op.6', '$72compare_op.13', '$binop_and_76.14']
    $88return_value.15 = cast(value=$binop_and_76.14) ['$88return_value.15', '$binop_and_76.14']
    return $88return_value.15                ['$88return_value.15']

2026-02-19 06:59:05,204 - DEBUG - bytecode dump:
>          0	NOP(arg=None, lineno=1029)
           2	RESUME(arg=0, lineno=1029)
           4	LOAD_FAST_BORROW(arg=0, lineno=1032)
           6	LOAD_SMALL_INT(arg=0, lineno=1032)
           8	BINARY_OP(arg=26, lineno=1032)
          20	LOAD_FAST_BORROW(arg=0, lineno=1032)
          22	LOAD_CONST(arg=1, lineno=1032)
          24	BINARY_OP(arg=26, lineno=1032)
          36	COMPARE_OP(arg=2, lineno=1032)
          40	LOAD_FAST_BORROW(arg=0, lineno=1032)
          42	LOAD_SMALL_INT(arg=0, lineno=1032)
          44	BINARY_OP(arg=26, lineno=1032)
          56	LOAD_FAST_BORROW(arg=0, lineno=1032)
          58	LOAD_SMALL_INT(arg=1, lineno=1032)
          60	BINARY_OP(arg=26, lineno=1032)
          72	COMPARE_OP(arg=42, lineno=1032)
          76	BINARY_OP(arg=1, lineno=1032)
          88	RETURN_VALUE(arg=None, lineno=1032)
2026-02-19 06:59:05,204 - DEBUG - pending: deque([State(pc_initial=0 nstack_initial=0)])
2026-02-19 06:59:05,204 - DEBUG - stack: []
2026-02-19 06:59:05,204 - DEBUG - state.pc_initial: State(pc_initial=0 nstack_initial=0)
2026-02-19 06:59:05,204 - DEBUG - dispatch pc=0, inst=NOP(arg=None, lineno=1029)
2026-02-19 06:59:05,204 - DEBUG - stack []
2026-02-19 06:59:05,204 - DEBUG - dispatch pc=2, inst=RESUME(arg=0, lineno=1029)
2026-02-19 06:59:05,204 - DEBUG - stack []
2026-02-19 06:59:05,204 - DEBUG - dispatch pc=4, inst=LOAD_FAST_BORROW(arg=0, lineno=1032)
2026-02-19 06:59:05,204 - DEBUG - stack []
2026-02-19 06:59:05,204 - DEBUG - dispatch pc=6, inst=LOAD_SMALL_INT(arg=0, lineno=1032)
2026-02-19 06:59:05,204 - DEBUG - stack ['$x4.0']
2026-02-19 06:59:05,204 - DEBUG - dispatch pc=8, inst=BINARY_OP(arg=26, lineno=1032)
2026-02-19 06:59:05,204 - DEBUG - stack ['$x4.0', '$const6.1.0']
2026-02-19 06:59:05,204 - DEBUG - dispatch pc=20, inst=LOAD_FAST_BORROW(arg=0, lineno=1032)
2026-02-19 06:59:05,204 - DEBUG - stack ['$8binary_op.2']
2026-02-19 06:59:05,204 - DEBUG - dispatch pc=22, inst=LOAD_CONST(arg=1, lineno=1032)
2026-02-19 06:59:05,204 - DEBUG - stack ['$8binary_op.2', '$x20.3']
2026-02-19 06:59:05,204 - DEBUG - dispatch pc=24, inst=BINARY_OP(arg=26, lineno=1032)
2026-02-19 06:59:05,204 - DEBUG - stack ['$8binary_op.2', '$x20.3', '$const22.4.1']
2026-02-19 06:59:05,204 - DEBUG - dispatch pc=36, inst=COMPARE_OP(arg=2, lineno=1032)
2026-02-19 06:59:05,205 - DEBUG - stack ['$8binary_op.2', '$24binary_op.5']
2026-02-19 06:59:05,205 - DEBUG - dispatch pc=40, inst=LOAD_FAST_BORROW(arg=0, lineno=1032)
2026-02-19 06:59:05,205 - DEBUG - stack ['$36compare_op.6']
2026-02-19 06:59:05,205 - DEBUG - dispatch pc=42, inst=LOAD_SMALL_INT(arg=0, lineno=1032)
2026-02-19 06:59:05,205 - DEBUG - stack ['$36compare_op.6', '$x40.7']
2026-02-19 06:59:05,205 - DEBUG - dispatch pc=44, inst=BINARY_OP(arg=26, lineno=1032)
2026-02-19 06:59:05,205 - DEBUG - stack ['$36compare_op.6', '$x40.7', '$const42.8.0']
2026-02-19 06:59:05,205 - DEBUG - dispatch pc=56, inst=LOAD_FAST_BORROW(arg=0, lineno=1032)
2026-02-19 06:59:05,205 - DEBUG - stack ['$36compare_op.6', '$44binary_op.9']
2026-02-19 06:59:05,205 - DEBUG - dispatch pc=58, inst=LOAD_SMALL_INT(arg=1, lineno=1032)
2026-02-19 06:59:05,205 - DEBUG - stack ['$36compare_op.6', '$44binary_op.9', '$x56.10']
2026-02-19 06:59:05,205 - DEBUG - dispatch pc=60, inst=BINARY_OP(arg=26, lineno=1032)
2026-02-19 06:59:05,205 - DEBUG - stack ['$36compare_op.6', '$44binary_op.9', '$x56.10', '$const58.11.1']
2026-02-19 06:59:05,205 - DEBUG - dispatch pc=72, inst=COMPARE_OP(arg=42, lineno=1032)
2026-02-19 06:59:05,205 - DEBUG - stack ['$36compare_op.6', '$44binary_op.9', '$60binary_op.12']
2026-02-19 06:59:05,205 - DEBUG - dispatch pc=76, inst=BINARY_OP(arg=1, lineno=1032)
2026-02-19 06:59:05,205 - DEBUG - stack ['$36compare_op.6', '$72compare_op.13']
2026-02-19 06:59:05,205 - DEBUG - dispatch pc=88, inst=RETURN_VALUE(arg=None, lineno=1032)
2026-02-19 06:59:05,205 - DEBUG - stack ['$binop_and_76.14']
2026-02-19 06:59:05,205 - DEBUG - end state. edges=[]
2026-02-19 06:59:05,205 - DEBUG - -------------------------Prune PHIs-------------------------
2026-02-19 06:59:05,205 - DEBUG - Used_phis: defaultdict(<class 'set'>, {State(pc_initial=0 nstack_initial=0): set()})
2026-02-19 06:59:05,205 - DEBUG - defmap: {}
2026-02-19 06:59:05,205 - DEBUG - phismap: defaultdict(<class 'set'>, {})
2026-02-19 06:59:05,205 - DEBUG - changing phismap: defaultdict(<class 'set'>, {})
2026-02-19 06:59:05,205 - DEBUG - keep phismap: {}
2026-02-19 06:59:05,205 - DEBUG - new_out: defaultdict(<class 'dict'>, {})
2026-02-19 06:59:05,206 - DEBUG - ----------------------DONE Prune PHIs-----------------------
2026-02-19 06:59:05,206 - DEBUG - block_infos State(pc_initial=0 nstack_initial=0):
AdaptBlockInfo(insts=((0, {}), (2, {}), (4, {'res': '$x4.0'}), (6, {'res': '$const6.1.0'}), (8, {'op': '[]', 'lhs': '$x4.0', 'rhs': '$const6.1.0', 'res': '$8binary_op.2'}), (20, {'res': '$x20.3'}), (22, {'res': '$const22.4.1'}), (24, {'op': '[]', 'lhs': '$x20.3', 'rhs': '$const22.4.1', 'res': '$24binary_op.5'}), (36, {'lhs': '$8binary_op.2', 'rhs': '$24binary_op.5', 'res': '$36compare_op.6'}), (40, {'res': '$x40.7'}), (42, {'res': '$const42.8.0'}), (44, {'op': '[]', 'lhs': '$x40.7', 'rhs': '$const42.8.0', 'res': '$44binary_op.9'}), (56, {'res': '$x56.10'}), (58, {'res': '$const58.11.1'}), (60, {'op': '[]', 'lhs': '$x56.10', 'rhs': '$const58.11.1', 'res': '$60binary_op.12'}), (72, {'lhs': '$44binary_op.9', 'rhs': '$60binary_op.12', 'res': '$72compare_op.13'}), (76, {'op': '&', 'lhs': '$36compare_op.6', 'rhs': '$72compare_op.13', 'res': '$binop_and_76.14'}), (88, {'retval': '$binop_and_76.14', 'castval': '$88return_value.15'})), outgoing_phis={}, blockstack=(), active_try_block=None, outgoing_edgepushed={})
2026-02-19 06:59:05,206 - DEBUG - label 0:
    x = arg(0, name=x)                       ['x']
    $const6.1.0 = const(int, 0)              ['$const6.1.0']
    $8binary_op.2 = getitem(value=x, index=$const6.1.0, fn=<built-in function getitem>) ['$8binary_op.2', '$const6.1.0', 'x']
    $const22.4.1 = const(int, -1)            ['$const22.4.1']
    $24binary_op.5 = getitem(value=x, index=$const22.4.1, fn=<built-in function getitem>) ['$24binary_op.5', '$const22.4.1', 'x']
    $36compare_op.6 = $8binary_op.2 < $24binary_op.5 ['$24binary_op.5', '$36compare_op.6', '$8binary_op.2']
    $const42.8.0 = const(int, 0)             ['$const42.8.0']
    $44binary_op.9 = getitem(value=x, index=$const42.8.0, fn=<built-in function getitem>) ['$44binary_op.9', '$const42.8.0', 'x']
    $const58.11.1 = const(int, 1)            ['$const58.11.1']
    $60binary_op.12 = getitem(value=x, index=$const58.11.1, fn=<built-in function getitem>) ['$60binary_op.12', '$const58.11.1', 'x']
    $72compare_op.13 = $44binary_op.9 <= $60binary_op.12 ['$44binary_op.9', '$60binary_op.12', '$72compare_op.13']
    $binop_and_76.14 = $36compare_op.6 & $72compare_op.13 ['$36compare_op.6', '$72compare_op.13', '$binop_and_76.14']
    $88return_value.15 = cast(value=$binop_and_76.14) ['$88return_value.15', '$binop_and_76.14']
    return $88return_value.15                ['$88return_value.15']

2026-02-19 06:59:07,460 - DEBUG - bytecode dump:
>          0	NOP(arg=None, lineno=416)
           2	RESUME(arg=0, lineno=416)
           4	LOAD_FAST_BORROW(arg=0, lineno=419)
           6	LOAD_SMALL_INT(arg=1, lineno=419)
           8	BINARY_OP(arg=26, lineno=419)
          20	LOAD_FAST_BORROW(arg=0, lineno=419)
          22	LOAD_CONST(arg=1, lineno=419)
          24	BINARY_OP(arg=26, lineno=419)
          36	BINARY_OP(arg=0, lineno=419)
          48	LOAD_SMALL_INT(arg=2, lineno=419)
          50	LOAD_FAST_BORROW(arg=0, lineno=419)
          52	LOAD_SMALL_INT(arg=0, lineno=419)
          54	BINARY_OP(arg=26, lineno=419)
          66	BINARY_OP(arg=5, lineno=419)
          78	BINARY_OP(arg=10, lineno=419)
          90	STORE_FAST(arg=1, lineno=419)
          92	LOAD_FAST_BORROW(arg=0, lineno=420)
          94	LOAD_SMALL_INT(arg=1, lineno=420)
          96	BINARY_OP(arg=26, lineno=420)
         108	LOAD_FAST_BORROW(arg=0, lineno=420)
         110	LOAD_CONST(arg=1, lineno=420)
         112	BINARY_OP(arg=26, lineno=420)
         124	BINARY_OP(arg=10, lineno=420)
         136	LOAD_SMALL_INT(arg=2, lineno=420)
         138	BINARY_OP(arg=11, lineno=420)
         150	STORE_FAST(arg=2, lineno=420)
         152	LOAD_GLOBAL(arg=0, lineno=422)
         162	LOAD_ATTR(arg=2, lineno=422)
         182	PUSH_NULL(arg=None, lineno=422)
         184	LOAD_FAST_BORROW(arg=2, lineno=422)
         186	CALL(arg=1, lineno=422)
         194	LOAD_GLOBAL(arg=0, lineno=422)
         204	LOAD_ATTR(arg=2, lineno=422)
         224	PUSH_NULL(arg=None, lineno=422)
         226	LOAD_FAST_BORROW(arg=1, lineno=422)
         228	CALL(arg=1, lineno=422)
         236	COMPARE_OP(arg=188, lineno=422)
         240	POP_JUMP_IF_FALSE(arg=3, lineno=422)
         244	NOT_TAKEN(arg=None, lineno=422)
         246	LOAD_SMALL_INT(arg=0, lineno=425)
         248	RETURN_VALUE(arg=None, lineno=425)
>        250	LOAD_FAST_BORROW(arg=2, lineno=427)
         252	UNARY_NEGATIVE(arg=None, lineno=427)
         254	LOAD_FAST_BORROW(arg=1, lineno=427)
         256	BINARY_OP(arg=11, lineno=427)
         268	RETURN_VALUE(arg=None, lineno=427)
2026-02-19 06:59:07,460 - DEBUG - pending: deque([State(pc_initial=0 nstack_initial=0)])
2026-02-19 06:59:07,461 - DEBUG - stack: []
2026-02-19 06:59:07,461 - DEBUG - state.pc_initial: State(pc_initial=0 nstack_initial=0)
2026-02-19 06:59:07,461 - DEBUG - dispatch pc=0, inst=NOP(arg=None, lineno=416)
2026-02-19 06:59:07,461 - DEBUG - stack []
2026-02-19 06:59:07,461 - DEBUG - dispatch pc=2, inst=RESUME(arg=0, lineno=416)
2026-02-19 06:59:07,461 - DEBUG - stack []
2026-02-19 06:59:07,461 - DEBUG - dispatch pc=4, inst=LOAD_FAST_BORROW(arg=0, lineno=419)
2026-02-19 06:59:07,461 - DEBUG - stack []
2026-02-19 06:59:07,461 - DEBUG - dispatch pc=6, inst=LOAD_SMALL_INT(arg=1, lineno=419)
2026-02-19 06:59:07,461 - DEBUG - stack ['$x4.0']
2026-02-19 06:59:07,461 - DEBUG - dispatch pc=8, inst=BINARY_OP(arg=26, lineno=419)
2026-02-19 06:59:07,461 - DEBUG - stack ['$x4.0', '$const6.1.1']
2026-02-19 06:59:07,461 - DEBUG - dispatch pc=20, inst=LOAD_FAST_BORROW(arg=0, lineno=419)
2026-02-19 06:59:07,461 - DEBUG - stack ['$8binary_op.2']
2026-02-19 06:59:07,461 - DEBUG - dispatch pc=22, inst=LOAD_CONST(arg=1, lineno=419)
2026-02-19 06:59:07,462 - DEBUG - stack ['$8binary_op.2', '$x20.3']
2026-02-19 06:59:07,462 - DEBUG - dispatch pc=24, inst=BINARY_OP(arg=26, lineno=419)
2026-02-19 06:59:07,462 - DEBUG - stack ['$8binary_op.2', '$x20.3', '$const22.4.1']
2026-02-19 06:59:07,462 - DEBUG - dispatch pc=36, inst=BINARY_OP(arg=0, lineno=419)
2026-02-19 06:59:07,462 - DEBUG - stack ['$8binary_op.2', '$24binary_op.5']
2026-02-19 06:59:07,462 - DEBUG - dispatch pc=48, inst=LOAD_SMALL_INT(arg=2, lineno=419)
2026-02-19 06:59:07,462 - DEBUG - stack ['$binop_add36.6']
2026-02-19 06:59:07,462 - DEBUG - dispatch pc=50, inst=LOAD_FAST_BORROW(arg=0, lineno=419)
2026-02-19 06:59:07,462 - DEBUG - stack ['$binop_add36.6', '$const48.7.2']
2026-02-19 06:59:07,462 - DEBUG - dispatch pc=52, inst=LOAD_SMALL_INT(arg=0, lineno=419)
2026-02-19 06:59:07,462 - DEBUG - stack ['$binop_add36.6', '$const48.7.2', '$x50.8']
2026-02-19 06:59:07,462 - DEBUG - dispatch pc=54, inst=BINARY_OP(arg=26, lineno=419)
2026-02-19 06:59:07,462 - DEBUG - stack ['$binop_add36.6', '$const48.7.2', '$x50.8', '$const52.9.0']
2026-02-19 06:59:07,462 - DEBUG - dispatch pc=66, inst=BINARY_OP(arg=5, lineno=419)
2026-02-19 06:59:07,462 - DEBUG - stack ['$binop_add36.6', '$const48.7.2', '$54binary_op.10']
2026-02-19 06:59:07,462 - DEBUG - dispatch pc=78, inst=BINARY_OP(arg=10, lineno=419)
2026-02-19 06:59:07,462 - DEBUG - stack ['$binop_add36.6', '$binop_mul66.11']
2026-02-19 06:59:07,463 - DEBUG - dispatch pc=90, inst=STORE_FAST(arg=1, lineno=419)
2026-02-19 06:59:07,463 - DEBUG - stack ['$binop_sub78.12']
2026-02-19 06:59:07,463 - DEBUG - dispatch pc=92, inst=LOAD_FAST_BORROW(arg=0, lineno=420)
2026-02-19 06:59:07,463 - DEBUG - stack []
2026-02-19 06:59:07,463 - DEBUG - dispatch pc=94, inst=LOAD_SMALL_INT(arg=1, lineno=420)
2026-02-19 06:59:07,463 - DEBUG - stack ['$x92.13']
2026-02-19 06:59:07,463 - DEBUG - dispatch pc=96, inst=BINARY_OP(arg=26, lineno=420)
2026-02-19 06:59:07,463 - DEBUG - stack ['$x92.13', '$const94.14.1']
2026-02-19 06:59:07,464 - DEBUG - dispatch pc=108, inst=LOAD_FAST_BORROW(arg=0, lineno=420)
2026-02-19 06:59:07,464 - DEBUG - stack ['$96binary_op.15']
2026-02-19 06:59:07,464 - DEBUG - dispatch pc=110, inst=LOAD_CONST(arg=1, lineno=420)
2026-02-19 06:59:07,464 - DEBUG - stack ['$96binary_op.15', '$x108.16']
2026-02-19 06:59:07,464 - DEBUG - dispatch pc=112, inst=BINARY_OP(arg=26, lineno=420)
2026-02-19 06:59:07,464 - DEBUG - stack ['$96binary_op.15', '$x108.16', '$const110.17.1']
2026-02-19 06:59:07,464 - DEBUG - dispatch pc=124, inst=BINARY_OP(arg=10, lineno=420)
2026-02-19 06:59:07,464 - DEBUG - stack ['$96binary_op.15', '$112binary_op.18']
2026-02-19 06:59:07,464 - DEBUG - dispatch pc=136, inst=LOAD_SMALL_INT(arg=2, lineno=420)
2026-02-19 06:59:07,464 - DEBUG - stack ['$binop_sub124.19']
2026-02-19 06:59:07,464 - DEBUG - dispatch pc=138, inst=BINARY_OP(arg=11, lineno=420)
2026-02-19 06:59:07,464 - DEBUG - stack ['$binop_sub124.19', '$const136.20.2']
2026-02-19 06:59:07,464 - DEBUG - dispatch pc=150, inst=STORE_FAST(arg=2, lineno=420)
2026-02-19 06:59:07,464 - DEBUG - stack ['$binop_truediv138.21']
2026-02-19 06:59:07,464 - DEBUG - dispatch pc=152, inst=LOAD_GLOBAL(arg=0, lineno=422)
2026-02-19 06:59:07,464 - DEBUG - stack []
2026-02-19 06:59:07,465 - DEBUG - dispatch pc=162, inst=LOAD_ATTR(arg=2, lineno=422)
2026-02-19 06:59:07,465 - DEBUG - stack ['$152load_global.22']
2026-02-19 06:59:07,465 - DEBUG - dispatch pc=182, inst=PUSH_NULL(arg=None, lineno=422)
2026-02-19 06:59:07,465 - DEBUG - stack ['$162load_attr.23']
2026-02-19 06:59:07,465 - DEBUG - dispatch pc=184, inst=LOAD_FAST_BORROW(arg=2, lineno=422)
2026-02-19 06:59:07,465 - DEBUG - stack ['$162load_attr.23', '$null$182.24']
2026-02-19 06:59:07,465 - DEBUG - dispatch pc=186, inst=CALL(arg=1, lineno=422)
2026-02-19 06:59:07,465 - DEBUG - stack ['$162load_attr.23', '$null$182.24', '$b184.25']
2026-02-19 06:59:07,465 - DEBUG - dispatch pc=194, inst=LOAD_GLOBAL(arg=0, lineno=422)
2026-02-19 06:59:07,465 - DEBUG - stack ['$186call.26']
2026-02-19 06:59:07,465 - DEBUG - dispatch pc=204, inst=LOAD_ATTR(arg=2, lineno=422)
2026-02-19 06:59:07,465 - DEBUG - stack ['$186call.26', '$194load_global.27']
2026-02-19 06:59:07,465 - DEBUG - dispatch pc=224, inst=PUSH_NULL(arg=None, lineno=422)
2026-02-19 06:59:07,465 - DEBUG - stack ['$186call.26', '$204load_attr.28']
2026-02-19 06:59:07,465 - DEBUG - dispatch pc=226, inst=LOAD_FAST_BORROW(arg=1, lineno=422)
2026-02-19 06:59:07,465 - DEBUG - stack ['$186call.26', '$204load_attr.28', '$null$224.29']
2026-02-19 06:59:07,465 - DEBUG - dispatch pc=228, inst=CALL(arg=1, lineno=422)
2026-02-19 06:59:07,465 - DEBUG - stack ['$186call.26', '$204load_attr.28', '$null$224.29', '$a226.30']
2026-02-19 06:59:07,465 - DEBUG - dispatch pc=236, inst=COMPARE_OP(arg=188, lineno=422)
2026-02-19 06:59:07,465 - DEBUG - stack ['$186call.26', '$228call.31']
2026-02-19 06:59:07,465 - DEBUG - dispatch pc=240, inst=POP_JUMP_IF_FALSE(arg=3, lineno=422)
2026-02-19 06:59:07,466 - DEBUG - stack ['$236compare_op.32']
2026-02-19 06:59:07,466 - DEBUG - end state. edges=[Edge(pc=244, stack=(), blockstack=(), npush=0), Edge(pc=250, stack=(), blockstack=(), npush=0)]
2026-02-19 06:59:07,466 - DEBUG - pending: deque([State(pc_initial=244 nstack_initial=0), State(pc_initial=250 nstack_initial=0)])
2026-02-19 06:59:07,466 - DEBUG - stack: []
2026-02-19 06:59:07,466 - DEBUG - state.pc_initial: State(pc_initial=244 nstack_initial=0)
2026-02-19 06:59:07,466 - DEBUG - dispatch pc=244, inst=NOT_TAKEN(arg=None, lineno=422)
2026-02-19 06:59:07,466 - DEBUG - stack []
2026-02-19 06:59:07,466 - DEBUG - dispatch pc=246, inst=LOAD_SMALL_INT(arg=0, lineno=425)
2026-02-19 06:59:07,466 - DEBUG - stack []
2026-02-19 06:59:07,466 - DEBUG - dispatch pc=248, inst=RETURN_VALUE(arg=None, lineno=425)
2026-02-19 06:59:07,466 - DEBUG - stack ['$const246.0.0']
2026-02-19 06:59:07,466 - DEBUG - end state. edges=[]
2026-02-19 06:59:07,466 - DEBUG - pending: deque([State(pc_initial=250 nstack_initial=0)])
2026-02-19 06:59:07,466 - DEBUG - stack: []
2026-02-19 06:59:07,466 - DEBUG - state.pc_initial: State(pc_initial=250 nstack_initial=0)
2026-02-19 06:59:07,466 - DEBUG - dispatch pc=250, inst=LOAD_FAST_BORROW(arg=2, lineno=427)
2026-02-19 06:59:07,466 - DEBUG - stack []
2026-02-19 06:59:07,466 - DEBUG - dispatch pc=252, inst=UNARY_NEGATIVE(arg=None, lineno=427)
2026-02-19 06:59:07,466 - DEBUG - stack ['$b250.0']
2026-02-19 06:59:07,466 - DEBUG - dispatch pc=254, inst=LOAD_FAST_BORROW(arg=1, lineno=427)
2026-02-19 06:59:07,466 - DEBUG - stack ['$252unary_negative.1']
2026-02-19 06:59:07,467 - DEBUG - dispatch pc=256, inst=BINARY_OP(arg=11, lineno=427)
2026-02-19 06:59:07,467 - DEBUG - stack ['$252unary_negative.1', '$a254.2']
2026-02-19 06:59:07,467 - DEBUG - dispatch pc=268, inst=RETURN_VALUE(arg=None, lineno=427)
2026-02-19 06:59:07,467 - DEBUG - stack ['$binop_truediv256.3']
2026-02-19 06:59:07,467 - DEBUG - end state. edges=[]
2026-02-19 06:59:07,467 - DEBUG - -------------------------Prune PHIs-------------------------
2026-02-19 06:59:07,467 - DEBUG - Used_phis: defaultdict(<class 'set'>,
            {State(pc_initial=0 nstack_initial=0): set(),
             State(pc_initial=244 nstack_initial=0): set(),
             State(pc_initial=250 nstack_initial=0): set()})
2026-02-19 06:59:07,467 - DEBUG - defmap: {}
2026-02-19 06:59:07,467 - DEBUG - phismap: defaultdict(<class 'set'>, {})
2026-02-19 06:59:07,467 - DEBUG - changing phismap: defaultdict(<class 'set'>, {})
2026-02-19 06:59:07,467 - DEBUG - keep phismap: {}
2026-02-19 06:59:07,467 - DEBUG - new_out: defaultdict(<class 'dict'>, {})
2026-02-19 06:59:07,467 - DEBUG - ----------------------DONE Prune PHIs-----------------------
2026-02-19 06:59:07,467 - DEBUG - block_infos State(pc_initial=0 nstack_initial=0):
AdaptBlockInfo(insts=((0, {}), (2, {}), (4, {'res': '$x4.0'}), (6, {'res': '$const6.1.1'}), (8, {'op': '[]', 'lhs': '$x4.0', 'rhs': '$const6.1.1', 'res': '$8binary_op.2'}), (20, {'res': '$x20.3'}), (22, {'res': '$const22.4.1'}), (24, {'op': '[]', 'lhs': '$x20.3', 'rhs': '$const22.4.1', 'res': '$24binary_op.5'}), (36, {'op': '+', 'lhs': '$8binary_op.2', 'rhs': '$24binary_op.5', 'res': '$binop_add36.6'}), (48, {'res': '$const48.7.2'}), (50, {'res': '$x50.8'}), (52, {'res': '$const52.9.0'}), (54, {'op': '[]', 'lhs': '$x50.8', 'rhs': '$const52.9.0', 'res': '$54binary_op.10'}), (66, {'op': '*', 'lhs': '$const48.7.2', 'rhs': '$54binary_op.10', 'res': '$binop_mul66.11'}), (78, {'op': '-', 'lhs': '$binop_add36.6', 'rhs': '$binop_mul66.11', 'res': '$binop_sub78.12'}), (90, {'value': '$binop_sub78.12'}), (92, {'res': '$x92.13'}), (94, {'res': '$const94.14.1'}), (96, {'op': '[]', 'lhs': '$x92.13', 'rhs': '$const94.14.1', 'res': '$96binary_op.15'}), (108, {'res': '$x108.16'}), (110, {'res': '$const110.17.1'}), (112, {'op': '[]', 'lhs': '$x108.16', 'rhs': '$const110.17.1', 'res': '$112binary_op.18'}), (124, {'op': '-', 'lhs': '$96binary_op.15', 'rhs': '$112binary_op.18', 'res': '$binop_sub124.19'}), (136, {'res': '$const136.20.2'}), (138, {'op': '/', 'lhs': '$binop_sub124.19', 'rhs': '$const136.20.2', 'res': '$binop_truediv138.21'}), (150, {'value': '$binop_truediv138.21'}), (152, {'idx': 0, 'res': '$152load_global.22'}), (162, {'item': '$152load_global.22', 'res': '$162load_attr.23'}), (182, {}), (184, {'res': '$b184.25'}), (186, {'func': '$162load_attr.23', 'args': ['$b184.25'], 'kw_names': None, 'res': '$186call.26'}), (194, {'idx': 0, 'res': '$194load_global.27'}), (204, {'item': '$194load_global.27', 'res': '$204load_attr.28'}), (224, {}), (226, {'res': '$a226.30'}), (228, {'func': '$204load_attr.28', 'args': ['$a226.30'], 'kw_names': None, 'res': '$228call.31'}), (236, {'lhs': '$186call.26', 'rhs': '$228call.31', 'res': '$236compare_op.32'}), (240, {'pred': '$236compare_op.32'})), outgoing_phis={}, blockstack=(), active_try_block=None, outgoing_edgepushed={244: (), 250: ()})
2026-02-19 06:59:07,467 - DEBUG - block_infos State(pc_initial=244 nstack_initial=0):
AdaptBlockInfo(insts=((244, {}), (246, {'res': '$const246.0.0'}), (248, {'retval': '$const246.0.0', 'castval': '$248return_value.1'})), outgoing_phis={}, blockstack=(), active_try_block=None, outgoing_edgepushed={})
2026-02-19 06:59:07,467 - DEBUG - block_infos State(pc_initial=250 nstack_initial=0):
AdaptBlockInfo(insts=((250, {'res': '$b250.0'}), (252, {'value': '$b250.0', 'res': '$252unary_negative.1'}), (254, {'res': '$a254.2'}), (256, {'op': '/', 'lhs': '$252unary_negative.1', 'rhs': '$a254.2', 'res': '$binop_truediv256.3'}), (268, {'retval': '$binop_truediv256.3', 'castval': '$268return_value.4'})), outgoing_phis={}, blockstack=(), active_try_block=None, outgoing_edgepushed={})
2026-02-19 06:59:07,468 - DEBUG - label 0:
    x = arg(0, name=x)                       ['x']
    $const6.1.1 = const(int, 1)              ['$const6.1.1']
    $8binary_op.2 = getitem(value=x, index=$const6.1.1, fn=<built-in function getitem>) ['$8binary_op.2', '$const6.1.1', 'x']
    $const22.4.1 = const(int, -1)            ['$const22.4.1']
    $24binary_op.5 = getitem(value=x, index=$const22.4.1, fn=<built-in function getitem>) ['$24binary_op.5', '$const22.4.1', 'x']
    $binop_add36.6 = $8binary_op.2 + $24binary_op.5 ['$24binary_op.5', '$8binary_op.2', '$binop_add36.6']
    $const48.7.2 = const(int, 2)             ['$const48.7.2']
    $const52.9.0 = const(int, 0)             ['$const52.9.0']
    $54binary_op.10 = getitem(value=x, index=$const52.9.0, fn=<built-in function getitem>) ['$54binary_op.10', '$const52.9.0', 'x']
    $binop_mul66.11 = $const48.7.2 * $54binary_op.10 ['$54binary_op.10', '$binop_mul66.11', '$const48.7.2']
    a = $binop_add36.6 - $binop_mul66.11     ['$binop_add36.6', '$binop_mul66.11', 'a']
    $const94.14.1 = const(int, 1)            ['$const94.14.1']
    $96binary_op.15 = getitem(value=x, index=$const94.14.1, fn=<built-in function getitem>) ['$96binary_op.15', '$const94.14.1', 'x']
    $const110.17.1 = const(int, -1)          ['$const110.17.1']
    $112binary_op.18 = getitem(value=x, index=$const110.17.1, fn=<built-in function getitem>) ['$112binary_op.18', '$const110.17.1', 'x']
    $binop_sub124.19 = $96binary_op.15 - $112binary_op.18 ['$112binary_op.18', '$96binary_op.15', '$binop_sub124.19']
    $const136.20.2 = const(int, 2)           ['$const136.20.2']
    b = $binop_sub124.19 / $const136.20.2    ['$binop_sub124.19', '$const136.20.2', 'b']
    $152load_global.22 = global(np: <module 'numpy' from 'C:\\Users\\WINDOWS\\Desktop\\ai_stress_detector\\venv\\Lib\\site-packages\\numpy\\__init__.py'>) ['$152load_global.22']
    $162load_attr.23 = getattr(value=$152load_global.22, attr=abs) ['$152load_global.22', '$162load_attr.23']
    $186call.26 = call $162load_attr.23(b, func=$162load_attr.23, args=[Var(b, pitch.py:420)], kws=(), vararg=None, varkwarg=None, target=None) ['$162load_attr.23', '$186call.26', 'b']
    $194load_global.27 = global(np: <module 'numpy' from 'C:\\Users\\WINDOWS\\Desktop\\ai_stress_detector\\venv\\Lib\\site-packages\\numpy\\__init__.py'>) ['$194load_global.27']
    $204load_attr.28 = getattr(value=$194load_global.27, attr=abs) ['$194load_global.27', '$204load_attr.28']
    $228call.31 = call $204load_attr.28(a, func=$204load_attr.28, args=[Var(a, pitch.py:419)], kws=(), vararg=None, varkwarg=None, target=None) ['$204load_attr.28', '$228call.31', 'a']
    $236compare_op.32 = $186call.26 >= $228call.31 ['$186call.26', '$228call.31', '$236compare_op.32']
    $bool240 = global(bool: <class 'bool'>)  ['$bool240']
    $240pred = call $bool240($236compare_op.32, func=$bool240, args=(Var($236compare_op.32, pitch.py:422),), kws=(), vararg=None, varkwarg=None, target=None) ['$236compare_op.32', '$240pred', '$bool240']
    branch $240pred, 244, 250                ['$240pred']
label 244:
    $const246.0.0 = const(int, 0)            ['$const246.0.0']
    $248return_value.1 = cast(value=$const246.0.0) ['$248return_value.1', '$const246.0.0']
    return $248return_value.1                ['$248return_value.1']
label 250:
    $252unary_negative.1 = unary(fn=<built-in function neg>, value=b) ['$252unary_negative.1', 'b']
    $binop_truediv256.3 = $252unary_negative.1 / a ['$252unary_negative.1', '$binop_truediv256.3', 'a']
    $268return_value.4 = cast(value=$binop_truediv256.3) ['$268return_value.4', '$binop_truediv256.3']
    return $268return_value.4                ['$268return_value.4']

2026-02-19 06:59:12,442 - INFO - 127.0.0.1 - - [19/Feb/2026 06:59:12] "GET /analyze HTTP/1.1" 200 -
2026-02-19 07:02:46,934 - INFO - 127.0.0.1 - - [19/Feb/2026 07:02:46] "GET /analyze HTTP/1.1" 200 -
2026-02-19 07:04:11,965 - INFO - 127.0.0.1 - - [19/Feb/2026 07:04:11] "GET /analyze HTTP/1.1" 200 -
2026-02-19 07:12:57,882 - INFO -  * Detected change in 'C:\\Users\\WINDOWS\\Desktop\\ai_stress_detector\\breath_detector.py', reloading
2026-02-19 07:12:57,890 - INFO -  * Detected change in 'C:\\Users\\WINDOWS\\Desktop\\ai_stress_detector\\breath_detector.py', reloading
2026-02-19 07:12:58,505 - INFO -  * Restarting with watchdog (windowsapi)
2026-02-19 07:12:58,640 - INFO - Server script started
2026-02-19 07:13:00,636 - WARNING -  * Debugger is active!
2026-02-19 07:13:00,639 - INFO -  * Debugger PIN: 179-709-766
2026-02-19 07:13:19,034 - INFO -  * Detected change in 'C:\\Users\\WINDOWS\\Desktop\\ai_stress_detector\\mic_breath.py', reloading
2026-02-19 07:13:19,241 - INFO -  * Restarting with watchdog (windowsapi)
2026-02-19 07:13:19,356 - INFO - Server script started
2026-02-19 07:13:21,306 - WARNING -  * Debugger is active!
2026-02-19 07:13:21,309 - INFO -  * Debugger PIN: 179-709-766
2026-02-19 07:13:23,050 - INFO -  * Detected change in 'C:\\Users\\WINDOWS\\Desktop\\ai_stress_detector\\voice_stress.py', reloading
2026-02-19 07:13:23,051 - INFO -  * Detected change in 'C:\\Users\\WINDOWS\\Desktop\\ai_stress_detector\\voice_stress.py', reloading
2026-02-19 07:13:23,275 - INFO -  * Restarting with watchdog (windowsapi)
2026-02-19 07:13:23,386 - INFO - Server script started
2026-02-19 07:13:25,092 - WARNING -  * Debugger is active!
2026-02-19 07:13:25,097 - INFO -  * Debugger PIN: 179-709-766
2026-02-19 07:13:48,083 - INFO -  * Detected change in 'C:\\Users\\WINDOWS\\Desktop\\ai_stress_detector\\server.py', reloading
2026-02-19 07:13:48,345 - INFO -  * Restarting with watchdog (windowsapi)
2026-02-19 07:13:48,456 - INFO - Server script started
2026-02-19 07:13:50,163 - WARNING -  * Debugger is active!
2026-02-19 07:13:50,168 - INFO -  * Debugger PIN: 179-709-766
2026-02-19 07:14:29,871 - INFO -  * Detected change in 'C:\\Users\\WINDOWS\\Desktop\\ai_stress_detector\\app.py', reloading
2026-02-19 07:14:30,084 - INFO -  * Restarting with watchdog (windowsapi)
2026-02-19 07:14:30,192 - INFO - Server script started
2026-02-19 07:14:32,106 - WARNING -  * Debugger is active!
2026-02-19 07:14:32,109 - INFO -  * Debugger PIN: 179-709-766
2026-02-19 07:15:49,581 - INFO - Server script started
2026-02-19 07:15:51,476 - INFO - [31m[1mWARNING: This is a development server. Do not use it in a production deployment. Use a production WSGI server instead.[0m
 * Running on all addresses (0.0.0.0)
 * Running on http://127.0.0.1:5000
 * Running on http://192.168.0.9:5000
2026-02-19 07:15:51,476 - INFO - [33mPress CTRL+C to quit[0m
2026-02-19 07:15:51,489 - INFO -  * Restarting with watchdog (windowsapi)
2026-02-19 07:15:51,606 - INFO - Server script started
2026-02-19 07:15:53,162 - WARNING -  * Debugger is active!
2026-02-19 07:15:53,166 - INFO -  * Debugger PIN: 179-709-766
2026-02-19 07:16:47,605 - DEBUG - bytecode dump:
>          0	NOP(arg=None, lineno=1137)
           2	RESUME(arg=0, lineno=1137)
           4	LOAD_FAST_BORROW(arg=0, lineno=1140)
           6	LOAD_SMALL_INT(arg=0, lineno=1140)
           8	BINARY_OP(arg=26, lineno=1140)
          20	STORE_FAST(arg=3, lineno=1140)
          22	LOAD_FAST_BORROW(arg=1, lineno=1141)
          24	UNARY_NEGATIVE(arg=None, lineno=1141)
          26	LOAD_FAST(arg=3, lineno=1141)
          28	SWAP(arg=2, lineno=1141)
          30	COPY(arg=2, lineno=1141)
          32	COMPARE_OP(arg=58, lineno=1141)
          36	POP_JUMP_IF_FALSE(arg=8, lineno=1141)
          40	NOT_TAKEN(arg=None, lineno=1141)
          42	LOAD_FAST_BORROW(arg=1, lineno=1141)
          44	COMPARE_OP(arg=58, lineno=1141)
          48	POP_JUMP_IF_FALSE(arg=6, lineno=1141)
          52	NOT_TAKEN(arg=None, lineno=1141)
          54	JUMP_FORWARD(arg=2, lineno=1141)
>         56	POP_TOP(arg=None, lineno=1141)
          58	JUMP_FORWARD(arg=2, lineno=1141)
>         60	LOAD_SMALL_INT(arg=0, lineno=1142)
          62	STORE_FAST(arg=3, lineno=1142)
>         64	LOAD_FAST_BORROW(arg=0, lineno=1144)
          66	LOAD_CONST(arg=1, lineno=1144)
          68	BINARY_OP(arg=26, lineno=1144)
          80	STORE_FAST(arg=4, lineno=1144)
          82	LOAD_FAST_BORROW(arg=1, lineno=1145)
          84	UNARY_NEGATIVE(arg=None, lineno=1145)
          86	LOAD_FAST(arg=4, lineno=1145)
          88	SWAP(arg=2, lineno=1145)
          90	COPY(arg=2, lineno=1145)
          92	COMPARE_OP(arg=58, lineno=1145)
          96	POP_JUMP_IF_FALSE(arg=8, lineno=1145)
         100	NOT_TAKEN(arg=None, lineno=1145)
         102	LOAD_FAST_BORROW(arg=1, lineno=1145)
         104	COMPARE_OP(arg=58, lineno=1145)
         108	POP_JUMP_IF_FALSE(arg=6, lineno=1145)
         112	NOT_TAKEN(arg=None, lineno=1145)
         114	JUMP_FORWARD(arg=2, lineno=1145)
>        116	POP_TOP(arg=None, lineno=1145)
         118	JUMP_FORWARD(arg=2, lineno=1145)
>        120	LOAD_SMALL_INT(arg=0, lineno=1146)
         122	STORE_FAST(arg=4, lineno=1146)
>        124	LOAD_FAST_BORROW(arg=2, lineno=1148)
         126	TO_BOOL(arg=None, lineno=1148)
         134	POP_JUMP_IF_FALSE(arg=46, lineno=1148)
         138	NOT_TAKEN(arg=None, lineno=1148)
         140	LOAD_GLOBAL(arg=0, lineno=1149)
         150	LOAD_ATTR(arg=2, lineno=1149)
         170	PUSH_NULL(arg=None, lineno=1149)
         172	LOAD_FAST_BORROW(arg=3, lineno=1149)
         174	CALL(arg=1, lineno=1149)
         182	LOAD_GLOBAL(arg=0, lineno=1149)
         192	LOAD_ATTR(arg=2, lineno=1149)
         212	PUSH_NULL(arg=None, lineno=1149)
         214	LOAD_FAST_BORROW(arg=4, lineno=1149)
         216	CALL(arg=1, lineno=1149)
         224	COMPARE_OP(arg=103, lineno=1149)
         228	RETURN_VALUE(arg=None, lineno=1149)
>        230	LOAD_GLOBAL(arg=0, lineno=1151)
         240	LOAD_ATTR(arg=4, lineno=1151)
         260	PUSH_NULL(arg=None, lineno=1151)
         262	LOAD_FAST_BORROW(arg=3, lineno=1151)
         264	CALL(arg=1, lineno=1151)
         272	LOAD_GLOBAL(arg=0, lineno=1151)
         282	LOAD_ATTR(arg=4, lineno=1151)
         302	PUSH_NULL(arg=None, lineno=1151)
         304	LOAD_FAST_BORROW(arg=4, lineno=1151)
         306	CALL(arg=1, lineno=1151)
         314	COMPARE_OP(arg=103, lineno=1151)
         318	RETURN_VALUE(arg=None, lineno=1151)
2026-02-19 07:16:47,606 - DEBUG - pending: deque([State(pc_initial=0 nstack_initial=0)])
2026-02-19 07:16:47,613 - DEBUG - stack: []
2026-02-19 07:16:47,613 - DEBUG - state.pc_initial: State(pc_initial=0 nstack_initial=0)
2026-02-19 07:16:47,614 - DEBUG - dispatch pc=0, inst=NOP(arg=None, lineno=1137)
2026-02-19 07:16:47,614 - DEBUG - stack []
2026-02-19 07:16:47,614 - DEBUG - dispatch pc=2, inst=RESUME(arg=0, lineno=1137)
2026-02-19 07:16:47,614 - DEBUG - stack []
2026-02-19 07:16:47,614 - DEBUG - dispatch pc=4, inst=LOAD_FAST_BORROW(arg=0, lineno=1140)
2026-02-19 07:16:47,614 - DEBUG - stack []
2026-02-19 07:16:47,614 - DEBUG - dispatch pc=6, inst=LOAD_SMALL_INT(arg=0, lineno=1140)
2026-02-19 07:16:47,614 - DEBUG - stack ['$x4.0']
2026-02-19 07:16:47,614 - DEBUG - dispatch pc=8, inst=BINARY_OP(arg=26, lineno=1140)
2026-02-19 07:16:47,614 - DEBUG - stack ['$x4.0', '$const6.1.0']
2026-02-19 07:16:47,614 - DEBUG - dispatch pc=20, inst=STORE_FAST(arg=3, lineno=1140)
2026-02-19 07:16:47,614 - DEBUG - stack ['$8binary_op.2']
2026-02-19 07:16:47,614 - DEBUG - dispatch pc=22, inst=LOAD_FAST_BORROW(arg=1, lineno=1141)
2026-02-19 07:16:47,614 - DEBUG - stack []
2026-02-19 07:16:47,614 - DEBUG - dispatch pc=24, inst=UNARY_NEGATIVE(arg=None, lineno=1141)
2026-02-19 07:16:47,614 - DEBUG - stack ['$threshold22.3']
2026-02-19 07:16:47,614 - DEBUG - dispatch pc=26, inst=LOAD_FAST(arg=3, lineno=1141)
2026-02-19 07:16:47,614 - DEBUG - stack ['$24unary_negative.4']
2026-02-19 07:16:47,614 - DEBUG - dispatch pc=28, inst=SWAP(arg=2, lineno=1141)
2026-02-19 07:16:47,615 - DEBUG - stack ['$24unary_negative.4', '$x026.5']
2026-02-19 07:16:47,615 - DEBUG - dispatch pc=30, inst=COPY(arg=2, lineno=1141)
2026-02-19 07:16:47,615 - DEBUG - stack ['$x026.5', '$24unary_negative.4']
2026-02-19 07:16:47,615 - DEBUG - dispatch pc=32, inst=COMPARE_OP(arg=58, lineno=1141)
2026-02-19 07:16:47,615 - DEBUG - stack ['$x026.5', '$24unary_negative.4', '$x026.5']
2026-02-19 07:16:47,615 - DEBUG - dispatch pc=36, inst=POP_JUMP_IF_FALSE(arg=8, lineno=1141)
2026-02-19 07:16:47,615 - DEBUG - stack ['$x026.5', '$32compare_op.6']
2026-02-19 07:16:47,615 - DEBUG - end state. edges=[Edge(pc=40, stack=('$x026.5',), blockstack=(), npush=0), Edge(pc=56, stack=('$x026.5',), blockstack=(), npush=0)]
2026-02-19 07:16:47,615 - DEBUG - pending: deque([State(pc_initial=40 nstack_initial=1), State(pc_initial=56 nstack_initial=1)])
2026-02-19 07:16:47,615 - DEBUG - stack: ['$phi40.0']
2026-02-19 07:16:47,615 - DEBUG - state.pc_initial: State(pc_initial=40 nstack_initial=1)
2026-02-19 07:16:47,615 - DEBUG - dispatch pc=40, inst=NOT_TAKEN(arg=None, lineno=1141)
2026-02-19 07:16:47,615 - DEBUG - stack ['$phi40.0']
2026-02-19 07:16:47,615 - DEBUG - dispatch pc=42, inst=LOAD_FAST_BORROW(arg=1, lineno=1141)
2026-02-19 07:16:47,615 - DEBUG - stack ['$phi40.0']
2026-02-19 07:16:47,615 - DEBUG - dispatch pc=44, inst=COMPARE_OP(arg=58, lineno=1141)
2026-02-19 07:16:47,615 - DEBUG - stack ['$phi40.0', '$threshold42.1']
2026-02-19 07:16:47,615 - DEBUG - dispatch pc=48, inst=POP_JUMP_IF_FALSE(arg=6, lineno=1141)
2026-02-19 07:16:47,615 - DEBUG - stack ['$44compare_op.2']
2026-02-19 07:16:47,616 - DEBUG - end state. edges=[Edge(pc=52, stack=(), blockstack=(), npush=0), Edge(pc=64, stack=(), blockstack=(), npush=0)]
2026-02-19 07:16:47,616 - DEBUG - pending: deque([State(pc_initial=56 nstack_initial=1), State(pc_initial=52 nstack_initial=0), State(pc_initial=64 nstack_initial=0)])
2026-02-19 07:16:47,616 - DEBUG - stack: ['$phi56.0']
2026-02-19 07:16:47,616 - DEBUG - state.pc_initial: State(pc_initial=56 nstack_initial=1)
2026-02-19 07:16:47,616 - DEBUG - dispatch pc=56, inst=POP_TOP(arg=None, lineno=1141)
2026-02-19 07:16:47,616 - DEBUG - stack ['$phi56.0']
2026-02-19 07:16:47,616 - DEBUG - dispatch pc=58, inst=JUMP_FORWARD(arg=2, lineno=1141)
2026-02-19 07:16:47,616 - DEBUG - stack []
2026-02-19 07:16:47,616 - DEBUG - end state. edges=[Edge(pc=64, stack=(), blockstack=(), npush=0)]
2026-02-19 07:16:47,616 - DEBUG - pending: deque([State(pc_initial=52 nstack_initial=0), State(pc_initial=64 nstack_initial=0), State(pc_initial=64 nstack_initial=0)])
2026-02-19 07:16:47,616 - DEBUG - stack: []
2026-02-19 07:16:47,616 - DEBUG - state.pc_initial: State(pc_initial=52 nstack_initial=0)
2026-02-19 07:16:47,616 - DEBUG - dispatch pc=52, inst=NOT_TAKEN(arg=None, lineno=1141)
2026-02-19 07:16:47,616 - DEBUG - stack []
2026-02-19 07:16:47,616 - DEBUG - dispatch pc=54, inst=JUMP_FORWARD(arg=2, lineno=1141)
2026-02-19 07:16:47,616 - DEBUG - stack []
2026-02-19 07:16:47,616 - DEBUG - end state. edges=[Edge(pc=60, stack=(), blockstack=(), npush=0)]
2026-02-19 07:16:47,616 - DEBUG - pending: deque([State(pc_initial=64 nstack_initial=0), State(pc_initial=64 nstack_initial=0), State(pc_initial=60 nstack_initial=0)])
2026-02-19 07:16:47,616 - DEBUG - stack: []
2026-02-19 07:16:47,616 - DEBUG - state.pc_initial: State(pc_initial=64 nstack_initial=0)
2026-02-19 07:16:47,616 - DEBUG - dispatch pc=64, inst=LOAD_FAST_BORROW(arg=0, lineno=1144)
2026-02-19 07:16:47,616 - DEBUG - stack []
2026-02-19 07:16:47,616 - DEBUG - dispatch pc=66, inst=LOAD_CONST(arg=1, lineno=1144)
2026-02-19 07:16:47,617 - DEBUG - stack ['$x64.0']
2026-02-19 07:16:47,617 - DEBUG - dispatch pc=68, inst=BINARY_OP(arg=26, lineno=1144)
2026-02-19 07:16:47,617 - DEBUG - stack ['$x64.0', '$const66.1.1']
2026-02-19 07:16:47,617 - DEBUG - dispatch pc=80, inst=STORE_FAST(arg=4, lineno=1144)
2026-02-19 07:16:47,617 - DEBUG - stack ['$68binary_op.2']
2026-02-19 07:16:47,617 - DEBUG - dispatch pc=82, inst=LOAD_FAST_BORROW(arg=1, lineno=1145)
2026-02-19 07:16:47,617 - DEBUG - stack []
2026-02-19 07:16:47,617 - DEBUG - dispatch pc=84, inst=UNARY_NEGATIVE(arg=None, lineno=1145)
2026-02-19 07:16:47,617 - DEBUG - stack ['$threshold82.3']
2026-02-19 07:16:47,617 - DEBUG - dispatch pc=86, inst=LOAD_FAST(arg=4, lineno=1145)
2026-02-19 07:16:47,617 - DEBUG - stack ['$84unary_negative.4']
2026-02-19 07:16:47,617 - DEBUG - dispatch pc=88, inst=SWAP(arg=2, lineno=1145)
2026-02-19 07:16:47,617 - DEBUG - stack ['$84unary_negative.4', '$x186.5']
2026-02-19 07:16:47,617 - DEBUG - dispatch pc=90, inst=COPY(arg=2, lineno=1145)
2026-02-19 07:16:47,617 - DEBUG - stack ['$x186.5', '$84unary_negative.4']
2026-02-19 07:16:47,617 - DEBUG - dispatch pc=92, inst=COMPARE_OP(arg=58, lineno=1145)
2026-02-19 07:16:47,617 - DEBUG - stack ['$x186.5', '$84unary_negative.4', '$x186.5']
2026-02-19 07:16:47,617 - DEBUG - dispatch pc=96, inst=POP_JUMP_IF_FALSE(arg=8, lineno=1145)
2026-02-19 07:16:47,617 - DEBUG - stack ['$x186.5', '$92compare_op.6']
2026-02-19 07:16:47,617 - DEBUG - end state. edges=[Edge(pc=100, stack=('$x186.5',), blockstack=(), npush=0), Edge(pc=116, stack=('$x186.5',), blockstack=(), npush=0)]
2026-02-19 07:16:47,617 - DEBUG - pending: deque([State(pc_initial=64 nstack_initial=0), State(pc_initial=60 nstack_initial=0), State(pc_initial=100 nstack_initial=1), State(pc_initial=116 nstack_initial=1)])
2026-02-19 07:16:47,617 - DEBUG - pending: deque([State(pc_initial=60 nstack_initial=0), State(pc_initial=100 nstack_initial=1), State(pc_initial=116 nstack_initial=1)])
2026-02-19 07:16:47,617 - DEBUG - stack: []
2026-02-19 07:16:47,618 - DEBUG - state.pc_initial: State(pc_initial=60 nstack_initial=0)
2026-02-19 07:16:47,618 - DEBUG - dispatch pc=60, inst=LOAD_SMALL_INT(arg=0, lineno=1142)
2026-02-19 07:16:47,618 - DEBUG - stack []
2026-02-19 07:16:47,618 - DEBUG - dispatch pc=62, inst=STORE_FAST(arg=3, lineno=1142)
2026-02-19 07:16:47,618 - DEBUG - stack ['$const60.0.0']
2026-02-19 07:16:47,618 - DEBUG - end state. edges=[Edge(pc=64, stack=(), blockstack=(), npush=0)]
2026-02-19 07:16:47,618 - DEBUG - pending: deque([State(pc_initial=100 nstack_initial=1), State(pc_initial=116 nstack_initial=1), State(pc_initial=64 nstack_initial=0)])
2026-02-19 07:16:47,618 - DEBUG - stack: ['$phi100.0']
2026-02-19 07:16:47,618 - DEBUG - state.pc_initial: State(pc_initial=100 nstack_initial=1)
2026-02-19 07:16:47,618 - DEBUG - dispatch pc=100, inst=NOT_TAKEN(arg=None, lineno=1145)
2026-02-19 07:16:47,618 - DEBUG - stack ['$phi100.0']
2026-02-19 07:16:47,618 - DEBUG - dispatch pc=102, inst=LOAD_FAST_BORROW(arg=1, lineno=1145)
2026-02-19 07:16:47,618 - DEBUG - stack ['$phi100.0']
2026-02-19 07:16:47,618 - DEBUG - dispatch pc=104, inst=COMPARE_OP(arg=58, lineno=1145)
2026-02-19 07:16:47,618 - DEBUG - stack ['$phi100.0', '$threshold102.1']
2026-02-19 07:16:47,618 - DEBUG - dispatch pc=108, inst=POP_JUMP_IF_FALSE(arg=6, lineno=1145)
2026-02-19 07:16:47,618 - DEBUG - stack ['$104compare_op.2']
2026-02-19 07:16:47,618 - DEBUG - end state. edges=[Edge(pc=112, stack=(), blockstack=(), npush=0), Edge(pc=124, stack=(), blockstack=(), npush=0)]
2026-02-19 07:16:47,618 - DEBUG - pending: deque([State(pc_initial=116 nstack_initial=1), State(pc_initial=64 nstack_initial=0), State(pc_initial=112 nstack_initial=0), State(pc_initial=124 nstack_initial=0)])
2026-02-19 07:16:47,618 - DEBUG - stack: ['$phi116.0']
2026-02-19 07:16:47,618 - DEBUG - state.pc_initial: State(pc_initial=116 nstack_initial=1)
2026-02-19 07:16:47,618 - DEBUG - dispatch pc=116, inst=POP_TOP(arg=None, lineno=1145)
2026-02-19 07:16:47,618 - DEBUG - stack ['$phi116.0']
2026-02-19 07:16:47,618 - DEBUG - dispatch pc=118, inst=JUMP_FORWARD(arg=2, lineno=1145)
2026-02-19 07:16:47,619 - DEBUG - stack []
2026-02-19 07:16:47,619 - DEBUG - end state. edges=[Edge(pc=124, stack=(), blockstack=(), npush=0)]
2026-02-19 07:16:47,619 - DEBUG - pending: deque([State(pc_initial=64 nstack_initial=0), State(pc_initial=112 nstack_initial=0), State(pc_initial=124 nstack_initial=0), State(pc_initial=124 nstack_initial=0)])
2026-02-19 07:16:47,619 - DEBUG - pending: deque([State(pc_initial=112 nstack_initial=0), State(pc_initial=124 nstack_initial=0), State(pc_initial=124 nstack_initial=0)])
2026-02-19 07:16:47,619 - DEBUG - stack: []
2026-02-19 07:16:47,619 - DEBUG - state.pc_initial: State(pc_initial=112 nstack_initial=0)
2026-02-19 07:16:47,619 - DEBUG - dispatch pc=112, inst=NOT_TAKEN(arg=None, lineno=1145)
2026-02-19 07:16:47,619 - DEBUG - stack []
2026-02-19 07:16:47,619 - DEBUG - dispatch pc=114, inst=JUMP_FORWARD(arg=2, lineno=1145)
2026-02-19 07:16:47,619 - DEBUG - stack []
2026-02-19 07:16:47,619 - DEBUG - end state. edges=[Edge(pc=120, stack=(), blockstack=(), npush=0)]
2026-02-19 07:16:47,619 - DEBUG - pending: deque([State(pc_initial=124 nstack_initial=0), State(pc_initial=124 nstack_initial=0), State(pc_initial=120 nstack_initial=0)])
2026-02-19 07:16:47,619 - DEBUG - stack: []
2026-02-19 07:16:47,619 - DEBUG - state.pc_initial: State(pc_initial=124 nstack_initial=0)
2026-02-19 07:16:47,619 - DEBUG - dispatch pc=124, inst=LOAD_FAST_BORROW(arg=2, lineno=1148)
2026-02-19 07:16:47,619 - DEBUG - stack []
2026-02-19 07:16:47,619 - DEBUG - dispatch pc=126, inst=TO_BOOL(arg=None, lineno=1148)
2026-02-19 07:16:47,619 - DEBUG - stack ['$zero_pos124.0']
2026-02-19 07:16:47,619 - DEBUG - dispatch pc=134, inst=POP_JUMP_IF_FALSE(arg=46, lineno=1148)
2026-02-19 07:16:47,619 - DEBUG - stack ['$126to_bool.1']
2026-02-19 07:16:47,619 - DEBUG - end state. edges=[Edge(pc=138, stack=(), blockstack=(), npush=0), Edge(pc=230, stack=(), blockstack=(), npush=0)]
2026-02-19 07:16:47,619 - DEBUG - pending: deque([State(pc_initial=124 nstack_initial=0), State(pc_initial=120 nstack_initial=0), State(pc_initial=138 nstack_initial=0), State(pc_initial=230 nstack_initial=0)])
2026-02-19 07:16:47,619 - DEBUG - pending: deque([State(pc_initial=120 nstack_initial=0), State(pc_initial=138 nstack_initial=0), State(pc_initial=230 nstack_initial=0)])
2026-02-19 07:16:47,619 - DEBUG - stack: []
2026-02-19 07:16:47,620 - DEBUG - state.pc_initial: State(pc_initial=120 nstack_initial=0)
2026-02-19 07:16:47,620 - DEBUG - dispatch pc=120, inst=LOAD_SMALL_INT(arg=0, lineno=1146)
2026-02-19 07:16:47,620 - DEBUG - stack []
2026-02-19 07:16:47,620 - DEBUG - dispatch pc=122, inst=STORE_FAST(arg=4, lineno=1146)
2026-02-19 07:16:47,620 - DEBUG - stack ['$const120.0.0']
2026-02-19 07:16:47,620 - DEBUG - end state. edges=[Edge(pc=124, stack=(), blockstack=(), npush=0)]
2026-02-19 07:16:47,620 - DEBUG - pending: deque([State(pc_initial=138 nstack_initial=0), State(pc_initial=230 nstack_initial=0), State(pc_initial=124 nstack_initial=0)])
2026-02-19 07:16:47,620 - DEBUG - stack: []
2026-02-19 07:16:47,620 - DEBUG - state.pc_initial: State(pc_initial=138 nstack_initial=0)
2026-02-19 07:16:47,620 - DEBUG - dispatch pc=138, inst=NOT_TAKEN(arg=None, lineno=1148)
2026-02-19 07:16:47,620 - DEBUG - stack []
2026-02-19 07:16:47,620 - DEBUG - dispatch pc=140, inst=LOAD_GLOBAL(arg=0, lineno=1149)
2026-02-19 07:16:47,620 - DEBUG - stack []
2026-02-19 07:16:47,620 - DEBUG - dispatch pc=150, inst=LOAD_ATTR(arg=2, lineno=1149)
2026-02-19 07:16:47,620 - DEBUG - stack ['$140load_global.0']
2026-02-19 07:16:47,620 - DEBUG - dispatch pc=170, inst=PUSH_NULL(arg=None, lineno=1149)
2026-02-19 07:16:47,620 - DEBUG - stack ['$150load_attr.1']
2026-02-19 07:16:47,620 - DEBUG - dispatch pc=172, inst=LOAD_FAST_BORROW(arg=3, lineno=1149)
2026-02-19 07:16:47,620 - DEBUG - stack ['$150load_attr.1', '$null$170.2']
2026-02-19 07:16:47,620 - DEBUG - dispatch pc=174, inst=CALL(arg=1, lineno=1149)
2026-02-19 07:16:47,620 - DEBUG - stack ['$150load_attr.1', '$null$170.2', '$x0172.3']
2026-02-19 07:16:47,620 - DEBUG - dispatch pc=182, inst=LOAD_GLOBAL(arg=0, lineno=1149)
2026-02-19 07:16:47,620 - DEBUG - stack ['$174call.4']
2026-02-19 07:16:47,620 - DEBUG - dispatch pc=192, inst=LOAD_ATTR(arg=2, lineno=1149)
2026-02-19 07:16:47,620 - DEBUG - stack ['$174call.4', '$182load_global.5']
2026-02-19 07:16:47,620 - DEBUG - dispatch pc=212, inst=PUSH_NULL(arg=None, lineno=1149)
2026-02-19 07:16:47,620 - DEBUG - stack ['$174call.4', '$192load_attr.6']
2026-02-19 07:16:47,620 - DEBUG - dispatch pc=214, inst=LOAD_FAST_BORROW(arg=4, lineno=1149)
2026-02-19 07:16:47,620 - DEBUG - stack ['$174call.4', '$192load_attr.6', '$null$212.7']
2026-02-19 07:16:47,621 - DEBUG - dispatch pc=216, inst=CALL(arg=1, lineno=1149)
2026-02-19 07:16:47,621 - DEBUG - stack ['$174call.4', '$192load_attr.6', '$null$212.7', '$x1214.8']
2026-02-19 07:16:47,621 - DEBUG - dispatch pc=224, inst=COMPARE_OP(arg=103, lineno=1149)
2026-02-19 07:16:47,621 - DEBUG - stack ['$174call.4', '$216call.9']
2026-02-19 07:16:47,621 - DEBUG - dispatch pc=228, inst=RETURN_VALUE(arg=None, lineno=1149)
2026-02-19 07:16:47,621 - DEBUG - stack ['$224compare_op.10']
2026-02-19 07:16:47,621 - DEBUG - end state. edges=[]
2026-02-19 07:16:47,621 - DEBUG - pending: deque([State(pc_initial=230 nstack_initial=0), State(pc_initial=124 nstack_initial=0)])
2026-02-19 07:16:47,621 - DEBUG - stack: []
2026-02-19 07:16:47,621 - DEBUG - state.pc_initial: State(pc_initial=230 nstack_initial=0)
2026-02-19 07:16:47,621 - DEBUG - dispatch pc=230, inst=LOAD_GLOBAL(arg=0, lineno=1151)
2026-02-19 07:16:47,621 - DEBUG - stack []
2026-02-19 07:16:47,621 - DEBUG - dispatch pc=240, inst=LOAD_ATTR(arg=4, lineno=1151)
2026-02-19 07:16:47,621 - DEBUG - stack ['$230load_global.0']
2026-02-19 07:16:47,621 - DEBUG - dispatch pc=260, inst=PUSH_NULL(arg=None, lineno=1151)
2026-02-19 07:16:47,621 - DEBUG - stack ['$240load_attr.1']
2026-02-19 07:16:47,621 - DEBUG - dispatch pc=262, inst=LOAD_FAST_BORROW(arg=3, lineno=1151)
2026-02-19 07:16:47,621 - DEBUG - stack ['$240load_attr.1', '$null$260.2']
2026-02-19 07:16:47,621 - DEBUG - dispatch pc=264, inst=CALL(arg=1, lineno=1151)
2026-02-19 07:16:47,621 - DEBUG - stack ['$240load_attr.1', '$null$260.2', '$x0262.3']
2026-02-19 07:16:47,621 - DEBUG - dispatch pc=272, inst=LOAD_GLOBAL(arg=0, lineno=1151)
2026-02-19 07:16:47,621 - DEBUG - stack ['$264call.4']
2026-02-19 07:16:47,621 - DEBUG - dispatch pc=282, inst=LOAD_ATTR(arg=4, lineno=1151)
2026-02-19 07:16:47,621 - DEBUG - stack ['$264call.4', '$272load_global.5']
2026-02-19 07:16:47,621 - DEBUG - dispatch pc=302, inst=PUSH_NULL(arg=None, lineno=1151)
2026-02-19 07:16:47,621 - DEBUG - stack ['$264call.4', '$282load_attr.6']
2026-02-19 07:16:47,621 - DEBUG - dispatch pc=304, inst=LOAD_FAST_BORROW(arg=4, lineno=1151)
2026-02-19 07:16:47,621 - DEBUG - stack ['$264call.4', '$282load_attr.6', '$null$302.7']
2026-02-19 07:16:47,622 - DEBUG - dispatch pc=306, inst=CALL(arg=1, lineno=1151)
2026-02-19 07:16:47,622 - DEBUG - stack ['$264call.4', '$282load_attr.6', '$null$302.7', '$x1304.8']
2026-02-19 07:16:47,622 - DEBUG - dispatch pc=314, inst=COMPARE_OP(arg=103, lineno=1151)
2026-02-19 07:16:47,622 - DEBUG - stack ['$264call.4', '$306call.9']
2026-02-19 07:16:47,622 - DEBUG - dispatch pc=318, inst=RETURN_VALUE(arg=None, lineno=1151)
2026-02-19 07:16:47,622 - DEBUG - stack ['$314compare_op.10']
2026-02-19 07:16:47,622 - DEBUG - end state. edges=[]
2026-02-19 07:16:47,622 - DEBUG - pending: deque([State(pc_initial=124 nstack_initial=0)])
2026-02-19 07:16:47,622 - DEBUG - -------------------------Prune PHIs-------------------------
2026-02-19 07:16:47,622 - DEBUG - Used_phis: defaultdict(<class 'set'>,
            {State(pc_initial=0 nstack_initial=0): set(),
             State(pc_initial=40 nstack_initial=1): {'$phi40.0'},
             State(pc_initial=52 nstack_initial=0): set(),
             State(pc_initial=56 nstack_initial=1): set(),
             State(pc_initial=60 nstack_initial=0): set(),
             State(pc_initial=64 nstack_initial=0): set(),
             State(pc_initial=100 nstack_initial=1): {'$phi100.0'},
             State(pc_initial=112 nstack_initial=0): set(),
             State(pc_initial=116 nstack_initial=1): set(),
             State(pc_initial=120 nstack_initial=0): set(),
             State(pc_initial=124 nstack_initial=0): set(),
             State(pc_initial=138 nstack_initial=0): set(),
             State(pc_initial=230 nstack_initial=0): set()})
2026-02-19 07:16:47,622 - DEBUG - defmap: {'$phi100.0': State(pc_initial=64 nstack_initial=0),
 '$phi116.0': State(pc_initial=64 nstack_initial=0),
 '$phi40.0': State(pc_initial=0 nstack_initial=0),
 '$phi56.0': State(pc_initial=0 nstack_initial=0)}
2026-02-19 07:16:47,622 - DEBUG - phismap: defaultdict(<class 'set'>,
            {'$phi100.0': {('$x186.5', State(pc_initial=64 nstack_initial=0))},
             '$phi116.0': {('$x186.5', State(pc_initial=64 nstack_initial=0))},
             '$phi40.0': {('$x026.5', State(pc_initial=0 nstack_initial=0))},
             '$phi56.0': {('$x026.5', State(pc_initial=0 nstack_initial=0))}})
2026-02-19 07:16:47,622 - DEBUG - changing phismap: defaultdict(<class 'set'>,
            {'$phi100.0': {('$x186.5', State(pc_initial=64 nstack_initial=0))},
             '$phi116.0': {('$x186.5', State(pc_initial=64 nstack_initial=0))},
             '$phi40.0': {('$x026.5', State(pc_initial=0 nstack_initial=0))},
             '$phi56.0': {('$x026.5', State(pc_initial=0 nstack_initial=0))}})
2026-02-19 07:16:47,622 - DEBUG - keep phismap: {'$phi100.0': {('$x186.5', State(pc_initial=64 nstack_initial=0))},
 '$phi40.0': {('$x026.5', State(pc_initial=0 nstack_initial=0))}}
2026-02-19 07:16:47,623 - DEBUG - new_out: defaultdict(<class 'dict'>,
            {State(pc_initial=0 nstack_initial=0): {'$phi40.0': '$x026.5'},
             State(pc_initial=64 nstack_initial=0): {'$phi100.0': '$x186.5'}})
2026-02-19 07:16:47,623 - DEBUG - ----------------------DONE Prune PHIs-----------------------
2026-02-19 07:16:47,623 - DEBUG - block_infos State(pc_initial=0 nstack_initial=0):
AdaptBlockInfo(insts=((0, {}), (2, {}), (4, {'res': '$x4.0'}), (6, {'res': '$const6.1.0'}), (8, {'op': '[]', 'lhs': '$x4.0', 'rhs': '$const6.1.0', 'res': '$8binary_op.2'}), (20, {'value': '$8binary_op.2'}), (22, {'res': '$threshold22.3'}), (24, {'value': '$threshold22.3', 'res': '$24unary_negative.4'}), (26, {'res': '$x026.5'}), (32, {'lhs': '$24unary_negative.4', 'rhs': '$x026.5', 'res': '$32compare_op.6'}), (36, {'pred': '$32compare_op.6'})), outgoing_phis={'$phi40.0': '$x026.5'}, blockstack=(), active_try_block=None, outgoing_edgepushed={40: ('$x026.5',), 56: ('$x026.5',)})
2026-02-19 07:16:47,623 - DEBUG - block_infos State(pc_initial=40 nstack_initial=1):
AdaptBlockInfo(insts=((40, {}), (42, {'res': '$threshold42.1'}), (44, {'lhs': '$phi40.0', 'rhs': '$threshold42.1', 'res': '$44compare_op.2'}), (48, {'pred': '$44compare_op.2'})), outgoing_phis={}, blockstack=(), active_try_block=None, outgoing_edgepushed={52: (), 64: ()})
2026-02-19 07:16:47,623 - DEBUG - block_infos State(pc_initial=52 nstack_initial=0):
AdaptBlockInfo(insts=((52, {}), (54, {})), outgoing_phis={}, blockstack=(), active_try_block=None, outgoing_edgepushed={60: ()})
2026-02-19 07:16:47,623 - DEBUG - block_infos State(pc_initial=56 nstack_initial=1):
AdaptBlockInfo(insts=((58, {}),), outgoing_phis={}, blockstack=(), active_try_block=None, outgoing_edgepushed={64: ()})
2026-02-19 07:16:47,623 - DEBUG - block_infos State(pc_initial=60 nstack_initial=0):
AdaptBlockInfo(insts=((60, {'res': '$const60.0.0'}), (62, {'value': '$const60.0.0'})), outgoing_phis={}, blockstack=(), active_try_block=None, outgoing_edgepushed={64: ()})
2026-02-19 07:16:47,623 - DEBUG - block_infos State(pc_initial=64 nstack_initial=0):
AdaptBlockInfo(insts=((64, {'res': '$x64.0'}), (66, {'res': '$const66.1.1'}), (68, {'op': '[]', 'lhs': '$x64.0', 'rhs': '$const66.1.1', 'res': '$68binary_op.2'}), (80, {'value': '$68binary_op.2'}), (82, {'res': '$threshold82.3'}), (84, {'value': '$threshold82.3', 'res': '$84unary_negative.4'}), (86, {'res': '$x186.5'}), (92, {'lhs': '$84unary_negative.4', 'rhs': '$x186.5', 'res': '$92compare_op.6'}), (96, {'pred': '$92compare_op.6'})), outgoing_phis={'$phi100.0': '$x186.5'}, blockstack=(), active_try_block=None, outgoing_edgepushed={100: ('$x186.5',), 116: ('$x186.5',)})
2026-02-19 07:16:47,623 - DEBUG - block_infos State(pc_initial=100 nstack_initial=1):
AdaptBlockInfo(insts=((100, {}), (102, {'res': '$threshold102.1'}), (104, {'lhs': '$phi100.0', 'rhs': '$threshold102.1', 'res': '$104compare_op.2'}), (108, {'pred': '$104compare_op.2'})), outgoing_phis={}, blockstack=(), active_try_block=None, outgoing_edgepushed={112: (), 124: ()})
2026-02-19 07:16:47,623 - DEBUG - block_infos State(pc_initial=112 nstack_initial=0):
AdaptBlockInfo(insts=((112, {}), (114, {})), outgoing_phis={}, blockstack=(), active_try_block=None, outgoing_edgepushed={120: ()})
2026-02-19 07:16:47,623 - DEBUG - block_infos State(pc_initial=116 nstack_initial=1):
AdaptBlockInfo(insts=((118, {}),), outgoing_phis={}, blockstack=(), active_try_block=None, outgoing_edgepushed={124: ()})
2026-02-19 07:16:47,623 - DEBUG - block_infos State(pc_initial=120 nstack_initial=0):
AdaptBlockInfo(insts=((120, {'res': '$const120.0.0'}), (122, {'value': '$const120.0.0'})), outgoing_phis={}, blockstack=(), active_try_block=None, outgoing_edgepushed={124: ()})
2026-02-19 07:16:47,623 - DEBUG - block_infos State(pc_initial=124 nstack_initial=0):
AdaptBlockInfo(insts=((124, {'res': '$zero_pos124.0'}), (126, {'val': '$zero_pos124.0', 'res': '$126to_bool.1'}), (134, {'pred': '$126to_bool.1'})), outgoing_phis={}, blockstack=(), active_try_block=None, outgoing_edgepushed={138: (), 230: ()})
2026-02-19 07:16:47,623 - DEBUG - block_infos State(pc_initial=138 nstack_initial=0):
AdaptBlockInfo(insts=((138, {}), (140, {'idx': 0, 'res': '$140load_global.0'}), (150, {'item': '$140load_global.0', 'res': '$150load_attr.1'}), (170, {}), (172, {'res': '$x0172.3'}), (174, {'func': '$150load_attr.1', 'args': ['$x0172.3'], 'kw_names': None, 'res': '$174call.4'}), (182, {'idx': 0, 'res': '$182load_global.5'}), (192, {'item': '$182load_global.5', 'res': '$192load_attr.6'}), (212, {}), (214, {'res': '$x1214.8'}), (216, {'func': '$192load_attr.6', 'args': ['$x1214.8'], 'kw_names': None, 'res': '$216call.9'}), (224, {'lhs': '$174call.4', 'rhs': '$216call.9', 'res': '$224compare_op.10'}), (228, {'retval': '$224compare_op.10', 'castval': '$228return_value.11'})), outgoing_phis={}, blockstack=(), active_try_block=None, outgoing_edgepushed={})
2026-02-19 07:16:47,623 - DEBUG - block_infos State(pc_initial=230 nstack_initial=0):
AdaptBlockInfo(insts=((230, {'idx': 0, 'res': '$230load_global.0'}), (240, {'item': '$230load_global.0', 'res': '$240load_attr.1'}), (260, {}), (262, {'res': '$x0262.3'}), (264, {'func': '$240load_attr.1', 'args': ['$x0262.3'], 'kw_names': None, 'res': '$264call.4'}), (272, {'idx': 0, 'res': '$272load_global.5'}), (282, {'item': '$272load_global.5', 'res': '$282load_attr.6'}), (302, {}), (304, {'res': '$x1304.8'}), (306, {'func': '$282load_attr.6', 'args': ['$x1304.8'], 'kw_names': None, 'res': '$306call.9'}), (314, {'lhs': '$264call.4', 'rhs': '$306call.9', 'res': '$314compare_op.10'}), (318, {'retval': '$314compare_op.10', 'castval': '$318return_value.11'})), outgoing_phis={}, blockstack=(), active_try_block=None, outgoing_edgepushed={})
2026-02-19 07:16:47,626 - DEBUG - label 0:
    x = arg(0, name=x)                       ['x']
    threshold = arg(1, name=threshold)       ['threshold']
    zero_pos = arg(2, name=zero_pos)         ['zero_pos']
    $const6.1.0 = const(int, 0)              ['$const6.1.0']
    x0 = getitem(value=x, index=$const6.1.0, fn=<built-in function getitem>) ['$const6.1.0', 'x', 'x0']
    $24unary_negative.4 = unary(fn=<built-in function neg>, value=threshold) ['$24unary_negative.4', 'threshold']
    $32compare_op.6 = $24unary_negative.4 <= x0 ['$24unary_negative.4', '$32compare_op.6', 'x0']
    $bool36 = global(bool: <class 'bool'>)   ['$bool36']
    $36pred = call $bool36($32compare_op.6, func=$bool36, args=(Var($32compare_op.6, audio.py:1141),), kws=(), vararg=None, varkwarg=None, target=None) ['$32compare_op.6', '$36pred', '$bool36']
    $phi40.0 = x0                            ['$phi40.0', 'x0']
    branch $36pred, 40, 56                   ['$36pred']
label 40:
    $44compare_op.2 = $phi40.0 <= threshold  ['$44compare_op.2', '$phi40.0', 'threshold']
    $bool48 = global(bool: <class 'bool'>)   ['$bool48']
    $48pred = call $bool48($44compare_op.2, func=$bool48, args=(Var($44compare_op.2, audio.py:1141),), kws=(), vararg=None, varkwarg=None, target=None) ['$44compare_op.2', '$48pred', '$bool48']
    branch $48pred, 52, 64                   ['$48pred']
label 52:
    jump 60                                  []
label 56:
    jump 64                                  []
label 60:
    x0 = const(int, 0)                       ['x0']
    jump 64                                  []
label 64:
    $const66.1.1 = const(int, -1)            ['$const66.1.1']
    x1 = getitem(value=x, index=$const66.1.1, fn=<built-in function getitem>) ['$const66.1.1', 'x', 'x1']
    $84unary_negative.4 = unary(fn=<built-in function neg>, value=threshold) ['$84unary_negative.4', 'threshold']
    $92compare_op.6 = $84unary_negative.4 <= x1 ['$84unary_negative.4', '$92compare_op.6', 'x1']
    $bool96 = global(bool: <class 'bool'>)   ['$bool96']
    $96pred = call $bool96($92compare_op.6, func=$bool96, args=(Var($92compare_op.6, audio.py:1145),), kws=(), vararg=None, varkwarg=None, target=None) ['$92compare_op.6', '$96pred', '$bool96']
    $phi100.0 = x1                           ['$phi100.0', 'x1']
    branch $96pred, 100, 116                 ['$96pred']
label 100:
    $104compare_op.2 = $phi100.0 <= threshold ['$104compare_op.2', '$phi100.0', 'threshold']
    $bool108 = global(bool: <class 'bool'>)  ['$bool108']
    $108pred = call $bool108($104compare_op.2, func=$bool108, args=(Var($104compare_op.2, audio.py:1145),), kws=(), vararg=None, varkwarg=None, target=None) ['$104compare_op.2', '$108pred', '$bool108']
    branch $108pred, 112, 124                ['$108pred']
label 112:
    jump 120                                 []
label 116:
    jump 124                                 []
label 120:
    x1 = const(int, 0)                       ['x1']
    jump 124                                 []
label 124:
    $bool134 = global(bool: <class 'bool'>)  ['$bool134']
    $134pred = call $bool134(zero_pos, func=$bool134, args=(Var(zero_pos, audio.py:1137),), kws=(), vararg=None, varkwarg=None, target=None) ['$134pred', '$bool134', 'zero_pos']
    branch $134pred, 138, 230                ['$134pred']
label 138:
    $140load_global.0 = global(np: <module 'numpy' from 'C:\\Users\\WINDOWS\\Desktop\\ai_stress_detector\\venv\\Lib\\site-packages\\numpy\\__init__.py'>) ['$140load_global.0']
    $150load_attr.1 = getattr(value=$140load_global.0, attr=signbit) ['$140load_global.0', '$150load_attr.1']
    $174call.4 = call $150load_attr.1(x0, func=$150load_attr.1, args=[Var(x0, audio.py:1140)], kws=(), vararg=None, varkwarg=None, target=None) ['$150load_attr.1', '$174call.4', 'x0']
    $182load_global.5 = global(np: <module 'numpy' from 'C:\\Users\\WINDOWS\\Desktop\\ai_stress_detector\\venv\\Lib\\site-packages\\numpy\\__init__.py'>) ['$182load_global.5']
    $192load_attr.6 = getattr(value=$182load_global.5, attr=signbit) ['$182load_global.5', '$192load_attr.6']
    $216call.9 = call $192load_attr.6(x1, func=$192load_attr.6, args=[Var(x1, audio.py:1144)], kws=(), vararg=None, varkwarg=None, target=None) ['$192load_attr.6', '$216call.9', 'x1']
    $224compare_op.10 = $174call.4 != $216call.9 ['$174call.4', '$216call.9', '$224compare_op.10']
    $228return_value.11 = cast(value=$224compare_op.10) ['$224compare_op.10', '$228return_value.11']
    return $228return_value.11               ['$228return_value.11']
label 230:
    $230load_global.0 = global(np: <module 'numpy' from 'C:\\Users\\WINDOWS\\Desktop\\ai_stress_detector\\venv\\Lib\\site-packages\\numpy\\__init__.py'>) ['$230load_global.0']
    $240load_attr.1 = getattr(value=$230load_global.0, attr=sign) ['$230load_global.0', '$240load_attr.1']
    $264call.4 = call $240load_attr.1(x0, func=$240load_attr.1, args=[Var(x0, audio.py:1140)], kws=(), vararg=None, varkwarg=None, target=None) ['$240load_attr.1', '$264call.4', 'x0']
    $272load_global.5 = global(np: <module 'numpy' from 'C:\\Users\\WINDOWS\\Desktop\\ai_stress_detector\\venv\\Lib\\site-packages\\numpy\\__init__.py'>) ['$272load_global.5']
    $282load_attr.6 = getattr(value=$272load_global.5, attr=sign) ['$272load_global.5', '$282load_attr.6']
    $306call.9 = call $282load_attr.6(x1, func=$282load_attr.6, args=[Var(x1, audio.py:1144)], kws=(), vararg=None, varkwarg=None, target=None) ['$282load_attr.6', '$306call.9', 'x1']
    $314compare_op.10 = $264call.4 != $306call.9 ['$264call.4', '$306call.9', '$314compare_op.10']
    $318return_value.11 = cast(value=$314compare_op.10) ['$314compare_op.10', '$318return_value.11']
    return $318return_value.11               ['$318return_value.11']

2026-02-19 07:16:48,088 - DEBUG - bytecode dump:
>          0	NOP(arg=None, lineno=1023)
           2	RESUME(arg=0, lineno=1023)
           4	LOAD_FAST_BORROW(arg=0, lineno=1026)
           6	LOAD_SMALL_INT(arg=0, lineno=1026)
           8	BINARY_OP(arg=26, lineno=1026)
          20	LOAD_FAST_BORROW(arg=0, lineno=1026)
          22	LOAD_CONST(arg=1, lineno=1026)
          24	BINARY_OP(arg=26, lineno=1026)
          36	COMPARE_OP(arg=132, lineno=1026)
          40	LOAD_FAST_BORROW(arg=0, lineno=1026)
          42	LOAD_SMALL_INT(arg=0, lineno=1026)
          44	BINARY_OP(arg=26, lineno=1026)
          56	LOAD_FAST_BORROW(arg=0, lineno=1026)
          58	LOAD_SMALL_INT(arg=1, lineno=1026)
          60	BINARY_OP(arg=26, lineno=1026)
          72	COMPARE_OP(arg=172, lineno=1026)
          76	BINARY_OP(arg=1, lineno=1026)
          88	RETURN_VALUE(arg=None, lineno=1026)
2026-02-19 07:16:48,089 - DEBUG - pending: deque([State(pc_initial=0 nstack_initial=0)])
2026-02-19 07:16:48,089 - DEBUG - stack: []
2026-02-19 07:16:48,089 - DEBUG - state.pc_initial: State(pc_initial=0 nstack_initial=0)
2026-02-19 07:16:48,089 - DEBUG - dispatch pc=0, inst=NOP(arg=None, lineno=1023)
2026-02-19 07:16:48,089 - DEBUG - stack []
2026-02-19 07:16:48,089 - DEBUG - dispatch pc=2, inst=RESUME(arg=0, lineno=1023)
2026-02-19 07:16:48,089 - DEBUG - stack []
2026-02-19 07:16:48,089 - DEBUG - dispatch pc=4, inst=LOAD_FAST_BORROW(arg=0, lineno=1026)
2026-02-19 07:16:48,089 - DEBUG - stack []
2026-02-19 07:16:48,089 - DEBUG - dispatch pc=6, inst=LOAD_SMALL_INT(arg=0, lineno=1026)
2026-02-19 07:16:48,089 - DEBUG - stack ['$x4.0']
2026-02-19 07:16:48,089 - DEBUG - dispatch pc=8, inst=BINARY_OP(arg=26, lineno=1026)
2026-02-19 07:16:48,089 - DEBUG - stack ['$x4.0', '$const6.1.0']
2026-02-19 07:16:48,089 - DEBUG - dispatch pc=20, inst=LOAD_FAST_BORROW(arg=0, lineno=1026)
2026-02-19 07:16:48,089 - DEBUG - stack ['$8binary_op.2']
2026-02-19 07:16:48,089 - DEBUG - dispatch pc=22, inst=LOAD_CONST(arg=1, lineno=1026)
2026-02-19 07:16:48,089 - DEBUG - stack ['$8binary_op.2', '$x20.3']
2026-02-19 07:16:48,089 - DEBUG - dispatch pc=24, inst=BINARY_OP(arg=26, lineno=1026)
2026-02-19 07:16:48,089 - DEBUG - stack ['$8binary_op.2', '$x20.3', '$const22.4.1']
2026-02-19 07:16:48,089 - DEBUG - dispatch pc=36, inst=COMPARE_OP(arg=132, lineno=1026)
2026-02-19 07:16:48,089 - DEBUG - stack ['$8binary_op.2', '$24binary_op.5']
2026-02-19 07:16:48,089 - DEBUG - dispatch pc=40, inst=LOAD_FAST_BORROW(arg=0, lineno=1026)
2026-02-19 07:16:48,090 - DEBUG - stack ['$36compare_op.6']
2026-02-19 07:16:48,090 - DEBUG - dispatch pc=42, inst=LOAD_SMALL_INT(arg=0, lineno=1026)
2026-02-19 07:16:48,090 - DEBUG - stack ['$36compare_op.6', '$x40.7']
2026-02-19 07:16:48,090 - DEBUG - dispatch pc=44, inst=BINARY_OP(arg=26, lineno=1026)
2026-02-19 07:16:48,090 - DEBUG - stack ['$36compare_op.6', '$x40.7', '$const42.8.0']
2026-02-19 07:16:48,090 - DEBUG - dispatch pc=56, inst=LOAD_FAST_BORROW(arg=0, lineno=1026)
2026-02-19 07:16:48,090 - DEBUG - stack ['$36compare_op.6', '$44binary_op.9']
2026-02-19 07:16:48,090 - DEBUG - dispatch pc=58, inst=LOAD_SMALL_INT(arg=1, lineno=1026)
2026-02-19 07:16:48,090 - DEBUG - stack ['$36compare_op.6', '$44binary_op.9', '$x56.10']
2026-02-19 07:16:48,090 - DEBUG - dispatch pc=60, inst=BINARY_OP(arg=26, lineno=1026)
2026-02-19 07:16:48,090 - DEBUG - stack ['$36compare_op.6', '$44binary_op.9', '$x56.10', '$const58.11.1']
2026-02-19 07:16:48,090 - DEBUG - dispatch pc=72, inst=COMPARE_OP(arg=172, lineno=1026)
2026-02-19 07:16:48,090 - DEBUG - stack ['$36compare_op.6', '$44binary_op.9', '$60binary_op.12']
2026-02-19 07:16:48,090 - DEBUG - dispatch pc=76, inst=BINARY_OP(arg=1, lineno=1026)
2026-02-19 07:16:48,090 - DEBUG - stack ['$36compare_op.6', '$72compare_op.13']
2026-02-19 07:16:48,090 - DEBUG - dispatch pc=88, inst=RETURN_VALUE(arg=None, lineno=1026)
2026-02-19 07:16:48,090 - DEBUG - stack ['$binop_and_76.14']
2026-02-19 07:16:48,090 - DEBUG - end state. edges=[]
2026-02-19 07:16:48,090 - DEBUG - -------------------------Prune PHIs-------------------------
2026-02-19 07:16:48,090 - DEBUG - Used_phis: defaultdict(<class 'set'>, {State(pc_initial=0 nstack_initial=0): set()})
2026-02-19 07:16:48,090 - DEBUG - defmap: {}
2026-02-19 07:16:48,091 - DEBUG - phismap: defaultdict(<class 'set'>, {})
2026-02-19 07:16:48,091 - DEBUG - changing phismap: defaultdict(<class 'set'>, {})
2026-02-19 07:16:48,091 - DEBUG - keep phismap: {}
2026-02-19 07:16:48,091 - DEBUG - new_out: defaultdict(<class 'dict'>, {})
2026-02-19 07:16:48,091 - DEBUG - ----------------------DONE Prune PHIs-----------------------
2026-02-19 07:16:48,091 - DEBUG - block_infos State(pc_initial=0 nstack_initial=0):
AdaptBlockInfo(insts=((0, {}), (2, {}), (4, {'res': '$x4.0'}), (6, {'res': '$const6.1.0'}), (8, {'op': '[]', 'lhs': '$x4.0', 'rhs': '$const6.1.0', 'res': '$8binary_op.2'}), (20, {'res': '$x20.3'}), (22, {'res': '$const22.4.1'}), (24, {'op': '[]', 'lhs': '$x20.3', 'rhs': '$const22.4.1', 'res': '$24binary_op.5'}), (36, {'lhs': '$8binary_op.2', 'rhs': '$24binary_op.5', 'res': '$36compare_op.6'}), (40, {'res': '$x40.7'}), (42, {'res': '$const42.8.0'}), (44, {'op': '[]', 'lhs': '$x40.7', 'rhs': '$const42.8.0', 'res': '$44binary_op.9'}), (56, {'res': '$x56.10'}), (58, {'res': '$const58.11.1'}), (60, {'op': '[]', 'lhs': '$x56.10', 'rhs': '$const58.11.1', 'res': '$60binary_op.12'}), (72, {'lhs': '$44binary_op.9', 'rhs': '$60binary_op.12', 'res': '$72compare_op.13'}), (76, {'op': '&', 'lhs': '$36compare_op.6', 'rhs': '$72compare_op.13', 'res': '$binop_and_76.14'}), (88, {'retval': '$binop_and_76.14', 'castval': '$88return_value.15'})), outgoing_phis={}, blockstack=(), active_try_block=None, outgoing_edgepushed={})
2026-02-19 07:16:48,092 - DEBUG - label 0:
    x = arg(0, name=x)                       ['x']
    $const6.1.0 = const(int, 0)              ['$const6.1.0']
    $8binary_op.2 = getitem(value=x, index=$const6.1.0, fn=<built-in function getitem>) ['$8binary_op.2', '$const6.1.0', 'x']
    $const22.4.1 = const(int, -1)            ['$const22.4.1']
    $24binary_op.5 = getitem(value=x, index=$const22.4.1, fn=<built-in function getitem>) ['$24binary_op.5', '$const22.4.1', 'x']
    $36compare_op.6 = $8binary_op.2 > $24binary_op.5 ['$24binary_op.5', '$36compare_op.6', '$8binary_op.2']
    $const42.8.0 = const(int, 0)             ['$const42.8.0']
    $44binary_op.9 = getitem(value=x, index=$const42.8.0, fn=<built-in function getitem>) ['$44binary_op.9', '$const42.8.0', 'x']
    $const58.11.1 = const(int, 1)            ['$const58.11.1']
    $60binary_op.12 = getitem(value=x, index=$const58.11.1, fn=<built-in function getitem>) ['$60binary_op.12', '$const58.11.1', 'x']
    $72compare_op.13 = $44binary_op.9 >= $60binary_op.12 ['$44binary_op.9', '$60binary_op.12', '$72compare_op.13']
    $binop_and_76.14 = $36compare_op.6 & $72compare_op.13 ['$36compare_op.6', '$72compare_op.13', '$binop_and_76.14']
    $88return_value.15 = cast(value=$binop_and_76.14) ['$88return_value.15', '$binop_and_76.14']
    return $88return_value.15                ['$88return_value.15']

2026-02-19 07:16:48,093 - DEBUG - bytecode dump:
>          0	NOP(arg=None, lineno=1029)
           2	RESUME(arg=0, lineno=1029)
           4	LOAD_FAST_BORROW(arg=0, lineno=1032)
           6	LOAD_SMALL_INT(arg=0, lineno=1032)
           8	BINARY_OP(arg=26, lineno=1032)
          20	LOAD_FAST_BORROW(arg=0, lineno=1032)
          22	LOAD_CONST(arg=1, lineno=1032)
          24	BINARY_OP(arg=26, lineno=1032)
          36	COMPARE_OP(arg=2, lineno=1032)
          40	LOAD_FAST_BORROW(arg=0, lineno=1032)
          42	LOAD_SMALL_INT(arg=0, lineno=1032)
          44	BINARY_OP(arg=26, lineno=1032)
          56	LOAD_FAST_BORROW(arg=0, lineno=1032)
          58	LOAD_SMALL_INT(arg=1, lineno=1032)
          60	BINARY_OP(arg=26, lineno=1032)
          72	COMPARE_OP(arg=42, lineno=1032)
          76	BINARY_OP(arg=1, lineno=1032)
          88	RETURN_VALUE(arg=None, lineno=1032)
2026-02-19 07:16:48,093 - DEBUG - pending: deque([State(pc_initial=0 nstack_initial=0)])
2026-02-19 07:16:48,093 - DEBUG - stack: []
2026-02-19 07:16:48,093 - DEBUG - state.pc_initial: State(pc_initial=0 nstack_initial=0)
2026-02-19 07:16:48,093 - DEBUG - dispatch pc=0, inst=NOP(arg=None, lineno=1029)
2026-02-19 07:16:48,093 - DEBUG - stack []
2026-02-19 07:16:48,093 - DEBUG - dispatch pc=2, inst=RESUME(arg=0, lineno=1029)
2026-02-19 07:16:48,093 - DEBUG - stack []
2026-02-19 07:16:48,093 - DEBUG - dispatch pc=4, inst=LOAD_FAST_BORROW(arg=0, lineno=1032)
2026-02-19 07:16:48,093 - DEBUG - stack []
2026-02-19 07:16:48,093 - DEBUG - dispatch pc=6, inst=LOAD_SMALL_INT(arg=0, lineno=1032)
2026-02-19 07:16:48,093 - DEBUG - stack ['$x4.0']
2026-02-19 07:16:48,093 - DEBUG - dispatch pc=8, inst=BINARY_OP(arg=26, lineno=1032)
2026-02-19 07:16:48,093 - DEBUG - stack ['$x4.0', '$const6.1.0']
2026-02-19 07:16:48,093 - DEBUG - dispatch pc=20, inst=LOAD_FAST_BORROW(arg=0, lineno=1032)
2026-02-19 07:16:48,093 - DEBUG - stack ['$8binary_op.2']
2026-02-19 07:16:48,093 - DEBUG - dispatch pc=22, inst=LOAD_CONST(arg=1, lineno=1032)
2026-02-19 07:16:48,094 - DEBUG - stack ['$8binary_op.2', '$x20.3']
2026-02-19 07:16:48,094 - DEBUG - dispatch pc=24, inst=BINARY_OP(arg=26, lineno=1032)
2026-02-19 07:16:48,094 - DEBUG - stack ['$8binary_op.2', '$x20.3', '$const22.4.1']
2026-02-19 07:16:48,094 - DEBUG - dispatch pc=36, inst=COMPARE_OP(arg=2, lineno=1032)
2026-02-19 07:16:48,094 - DEBUG - stack ['$8binary_op.2', '$24binary_op.5']
2026-02-19 07:16:48,094 - DEBUG - dispatch pc=40, inst=LOAD_FAST_BORROW(arg=0, lineno=1032)
2026-02-19 07:16:48,094 - DEBUG - stack ['$36compare_op.6']
2026-02-19 07:16:48,094 - DEBUG - dispatch pc=42, inst=LOAD_SMALL_INT(arg=0, lineno=1032)
2026-02-19 07:16:48,094 - DEBUG - stack ['$36compare_op.6', '$x40.7']
2026-02-19 07:16:48,094 - DEBUG - dispatch pc=44, inst=BINARY_OP(arg=26, lineno=1032)
2026-02-19 07:16:48,094 - DEBUG - stack ['$36compare_op.6', '$x40.7', '$const42.8.0']
2026-02-19 07:16:48,094 - DEBUG - dispatch pc=56, inst=LOAD_FAST_BORROW(arg=0, lineno=1032)
2026-02-19 07:16:48,094 - DEBUG - stack ['$36compare_op.6', '$44binary_op.9']
2026-02-19 07:16:48,094 - DEBUG - dispatch pc=58, inst=LOAD_SMALL_INT(arg=1, lineno=1032)
2026-02-19 07:16:48,094 - DEBUG - stack ['$36compare_op.6', '$44binary_op.9', '$x56.10']
2026-02-19 07:16:48,094 - DEBUG - dispatch pc=60, inst=BINARY_OP(arg=26, lineno=1032)
2026-02-19 07:16:48,094 - DEBUG - stack ['$36compare_op.6', '$44binary_op.9', '$x56.10', '$const58.11.1']
2026-02-19 07:16:48,095 - DEBUG - dispatch pc=72, inst=COMPARE_OP(arg=42, lineno=1032)
2026-02-19 07:16:48,095 - DEBUG - stack ['$36compare_op.6', '$44binary_op.9', '$60binary_op.12']
2026-02-19 07:16:48,095 - DEBUG - dispatch pc=76, inst=BINARY_OP(arg=1, lineno=1032)
2026-02-19 07:16:48,095 - DEBUG - stack ['$36compare_op.6', '$72compare_op.13']
2026-02-19 07:16:48,095 - DEBUG - dispatch pc=88, inst=RETURN_VALUE(arg=None, lineno=1032)
2026-02-19 07:16:48,095 - DEBUG - stack ['$binop_and_76.14']
2026-02-19 07:16:48,095 - DEBUG - end state. edges=[]
2026-02-19 07:16:48,095 - DEBUG - -------------------------Prune PHIs-------------------------
2026-02-19 07:16:48,095 - DEBUG - Used_phis: defaultdict(<class 'set'>, {State(pc_initial=0 nstack_initial=0): set()})
2026-02-19 07:16:48,095 - DEBUG - defmap: {}
2026-02-19 07:16:48,095 - DEBUG - phismap: defaultdict(<class 'set'>, {})
2026-02-19 07:16:48,095 - DEBUG - changing phismap: defaultdict(<class 'set'>, {})
2026-02-19 07:16:48,095 - DEBUG - keep phismap: {}
2026-02-19 07:16:48,095 - DEBUG - new_out: defaultdict(<class 'dict'>, {})
2026-02-19 07:16:48,095 - DEBUG - ----------------------DONE Prune PHIs-----------------------
2026-02-19 07:16:48,095 - DEBUG - block_infos State(pc_initial=0 nstack_initial=0):
AdaptBlockInfo(insts=((0, {}), (2, {}), (4, {'res': '$x4.0'}), (6, {'res': '$const6.1.0'}), (8, {'op': '[]', 'lhs': '$x4.0', 'rhs': '$const6.1.0', 'res': '$8binary_op.2'}), (20, {'res': '$x20.3'}), (22, {'res': '$const22.4.1'}), (24, {'op': '[]', 'lhs': '$x20.3', 'rhs': '$const22.4.1', 'res': '$24binary_op.5'}), (36, {'lhs': '$8binary_op.2', 'rhs': '$24binary_op.5', 'res': '$36compare_op.6'}), (40, {'res': '$x40.7'}), (42, {'res': '$const42.8.0'}), (44, {'op': '[]', 'lhs': '$x40.7', 'rhs': '$const42.8.0', 'res': '$44binary_op.9'}), (56, {'res': '$x56.10'}), (58, {'res': '$const58.11.1'}), (60, {'op': '[]', 'lhs': '$x56.10', 'rhs': '$const58.11.1', 'res': '$60binary_op.12'}), (72, {'lhs': '$44binary_op.9', 'rhs': '$60binary_op.12', 'res': '$72compare_op.13'}), (76, {'op': '&', 'lhs': '$36compare_op.6', 'rhs': '$72compare_op.13', 'res': '$binop_and_76.14'}), (88, {'retval': '$binop_and_76.14', 'castval': '$88return_value.15'})), outgoing_phis={}, blockstack=(), active_try_block=None, outgoing_edgepushed={})
2026-02-19 07:16:48,096 - DEBUG - label 0:
    x = arg(0, name=x)                       ['x']
    $const6.1.0 = const(int, 0)              ['$const6.1.0']
    $8binary_op.2 = getitem(value=x, index=$const6.1.0, fn=<built-in function getitem>) ['$8binary_op.2', '$const6.1.0', 'x']
    $const22.4.1 = const(int, -1)            ['$const22.4.1']
    $24binary_op.5 = getitem(value=x, index=$const22.4.1, fn=<built-in function getitem>) ['$24binary_op.5', '$const22.4.1', 'x']
    $36compare_op.6 = $8binary_op.2 < $24binary_op.5 ['$24binary_op.5', '$36compare_op.6', '$8binary_op.2']
    $const42.8.0 = const(int, 0)             ['$const42.8.0']
    $44binary_op.9 = getitem(value=x, index=$const42.8.0, fn=<built-in function getitem>) ['$44binary_op.9', '$const42.8.0', 'x']
    $const58.11.1 = const(int, 1)            ['$const58.11.1']
    $60binary_op.12 = getitem(value=x, index=$const58.11.1, fn=<built-in function getitem>) ['$60binary_op.12', '$const58.11.1', 'x']
    $72compare_op.13 = $44binary_op.9 <= $60binary_op.12 ['$44binary_op.9', '$60binary_op.12', '$72compare_op.13']
    $binop_and_76.14 = $36compare_op.6 & $72compare_op.13 ['$36compare_op.6', '$72compare_op.13', '$binop_and_76.14']
    $88return_value.15 = cast(value=$binop_and_76.14) ['$88return_value.15', '$binop_and_76.14']
    return $88return_value.15                ['$88return_value.15']

2026-02-19 07:16:49,053 - DEBUG - bytecode dump:
>          0	NOP(arg=None, lineno=416)
           2	RESUME(arg=0, lineno=416)
           4	LOAD_FAST_BORROW(arg=0, lineno=419)
           6	LOAD_SMALL_INT(arg=1, lineno=419)
           8	BINARY_OP(arg=26, lineno=419)
          20	LOAD_FAST_BORROW(arg=0, lineno=419)
          22	LOAD_CONST(arg=1, lineno=419)
          24	BINARY_OP(arg=26, lineno=419)
          36	BINARY_OP(arg=0, lineno=419)
          48	LOAD_SMALL_INT(arg=2, lineno=419)
          50	LOAD_FAST_BORROW(arg=0, lineno=419)
          52	LOAD_SMALL_INT(arg=0, lineno=419)
          54	BINARY_OP(arg=26, lineno=419)
          66	BINARY_OP(arg=5, lineno=419)
          78	BINARY_OP(arg=10, lineno=419)
          90	STORE_FAST(arg=1, lineno=419)
          92	LOAD_FAST_BORROW(arg=0, lineno=420)
          94	LOAD_SMALL_INT(arg=1, lineno=420)
          96	BINARY_OP(arg=26, lineno=420)
         108	LOAD_FAST_BORROW(arg=0, lineno=420)
         110	LOAD_CONST(arg=1, lineno=420)
         112	BINARY_OP(arg=26, lineno=420)
         124	BINARY_OP(arg=10, lineno=420)
         136	LOAD_SMALL_INT(arg=2, lineno=420)
         138	BINARY_OP(arg=11, lineno=420)
         150	STORE_FAST(arg=2, lineno=420)
         152	LOAD_GLOBAL(arg=0, lineno=422)
         162	LOAD_ATTR(arg=2, lineno=422)
         182	PUSH_NULL(arg=None, lineno=422)
         184	LOAD_FAST_BORROW(arg=2, lineno=422)
         186	CALL(arg=1, lineno=422)
         194	LOAD_GLOBAL(arg=0, lineno=422)
         204	LOAD_ATTR(arg=2, lineno=422)
         224	PUSH_NULL(arg=None, lineno=422)
         226	LOAD_FAST_BORROW(arg=1, lineno=422)
         228	CALL(arg=1, lineno=422)
         236	COMPARE_OP(arg=188, lineno=422)
         240	POP_JUMP_IF_FALSE(arg=3, lineno=422)
         244	NOT_TAKEN(arg=None, lineno=422)
         246	LOAD_SMALL_INT(arg=0, lineno=425)
         248	RETURN_VALUE(arg=None, lineno=425)
>        250	LOAD_FAST_BORROW(arg=2, lineno=427)
         252	UNARY_NEGATIVE(arg=None, lineno=427)
         254	LOAD_FAST_BORROW(arg=1, lineno=427)
         256	BINARY_OP(arg=11, lineno=427)
         268	RETURN_VALUE(arg=None, lineno=427)
2026-02-19 07:16:49,053 - DEBUG - pending: deque([State(pc_initial=0 nstack_initial=0)])
2026-02-19 07:16:49,054 - DEBUG - stack: []
2026-02-19 07:16:49,054 - DEBUG - state.pc_initial: State(pc_initial=0 nstack_initial=0)
2026-02-19 07:16:49,054 - DEBUG - dispatch pc=0, inst=NOP(arg=None, lineno=416)
2026-02-19 07:16:49,054 - DEBUG - stack []
2026-02-19 07:16:49,054 - DEBUG - dispatch pc=2, inst=RESUME(arg=0, lineno=416)
2026-02-19 07:16:49,054 - DEBUG - stack []
2026-02-19 07:16:49,054 - DEBUG - dispatch pc=4, inst=LOAD_FAST_BORROW(arg=0, lineno=419)
2026-02-19 07:16:49,054 - DEBUG - stack []
2026-02-19 07:16:49,054 - DEBUG - dispatch pc=6, inst=LOAD_SMALL_INT(arg=1, lineno=419)
2026-02-19 07:16:49,055 - DEBUG - stack ['$x4.0']
2026-02-19 07:16:49,055 - DEBUG - dispatch pc=8, inst=BINARY_OP(arg=26, lineno=419)
2026-02-19 07:16:49,055 - DEBUG - stack ['$x4.0', '$const6.1.1']
2026-02-19 07:16:49,055 - DEBUG - dispatch pc=20, inst=LOAD_FAST_BORROW(arg=0, lineno=419)
2026-02-19 07:16:49,055 - DEBUG - stack ['$8binary_op.2']
2026-02-19 07:16:49,055 - DEBUG - dispatch pc=22, inst=LOAD_CONST(arg=1, lineno=419)
2026-02-19 07:16:49,055 - DEBUG - stack ['$8binary_op.2', '$x20.3']
2026-02-19 07:16:49,055 - DEBUG - dispatch pc=24, inst=BINARY_OP(arg=26, lineno=419)
2026-02-19 07:16:49,055 - DEBUG - stack ['$8binary_op.2', '$x20.3', '$const22.4.1']
2026-02-19 07:16:49,055 - DEBUG - dispatch pc=36, inst=BINARY_OP(arg=0, lineno=419)
2026-02-19 07:16:49,055 - DEBUG - stack ['$8binary_op.2', '$24binary_op.5']
2026-02-19 07:16:49,055 - DEBUG - dispatch pc=48, inst=LOAD_SMALL_INT(arg=2, lineno=419)
2026-02-19 07:16:49,055 - DEBUG - stack ['$binop_add36.6']
2026-02-19 07:16:49,055 - DEBUG - dispatch pc=50, inst=LOAD_FAST_BORROW(arg=0, lineno=419)
2026-02-19 07:16:49,055 - DEBUG - stack ['$binop_add36.6', '$const48.7.2']
2026-02-19 07:16:49,055 - DEBUG - dispatch pc=52, inst=LOAD_SMALL_INT(arg=0, lineno=419)
2026-02-19 07:16:49,055 - DEBUG - stack ['$binop_add36.6', '$const48.7.2', '$x50.8']
2026-02-19 07:16:49,055 - DEBUG - dispatch pc=54, inst=BINARY_OP(arg=26, lineno=419)
2026-02-19 07:16:49,055 - DEBUG - stack ['$binop_add36.6', '$const48.7.2', '$x50.8', '$const52.9.0']
2026-02-19 07:16:49,055 - DEBUG - dispatch pc=66, inst=BINARY_OP(arg=5, lineno=419)
2026-02-19 07:16:49,055 - DEBUG - stack ['$binop_add36.6', '$const48.7.2', '$54binary_op.10']
2026-02-19 07:16:49,055 - DEBUG - dispatch pc=78, inst=BINARY_OP(arg=10, lineno=419)
2026-02-19 07:16:49,055 - DEBUG - stack ['$binop_add36.6', '$binop_mul66.11']
2026-02-19 07:16:49,055 - DEBUG - dispatch pc=90, inst=STORE_FAST(arg=1, lineno=419)
2026-02-19 07:16:49,055 - DEBUG - stack ['$binop_sub78.12']
2026-02-19 07:16:49,055 - DEBUG - dispatch pc=92, inst=LOAD_FAST_BORROW(arg=0, lineno=420)
2026-02-19 07:16:49,055 - DEBUG - stack []
2026-02-19 07:16:49,056 - DEBUG - dispatch pc=94, inst=LOAD_SMALL_INT(arg=1, lineno=420)
2026-02-19 07:16:49,056 - DEBUG - stack ['$x92.13']
2026-02-19 07:16:49,056 - DEBUG - dispatch pc=96, inst=BINARY_OP(arg=26, lineno=420)
2026-02-19 07:16:49,056 - DEBUG - stack ['$x92.13', '$const94.14.1']
2026-02-19 07:16:49,056 - DEBUG - dispatch pc=108, inst=LOAD_FAST_BORROW(arg=0, lineno=420)
2026-02-19 07:16:49,056 - DEBUG - stack ['$96binary_op.15']
2026-02-19 07:16:49,056 - DEBUG - dispatch pc=110, inst=LOAD_CONST(arg=1, lineno=420)
2026-02-19 07:16:49,056 - DEBUG - stack ['$96binary_op.15', '$x108.16']
2026-02-19 07:16:49,056 - DEBUG - dispatch pc=112, inst=BINARY_OP(arg=26, lineno=420)
2026-02-19 07:16:49,056 - DEBUG - stack ['$96binary_op.15', '$x108.16', '$const110.17.1']
2026-02-19 07:16:49,056 - DEBUG - dispatch pc=124, inst=BINARY_OP(arg=10, lineno=420)
2026-02-19 07:16:49,056 - DEBUG - stack ['$96binary_op.15', '$112binary_op.18']
2026-02-19 07:16:49,056 - DEBUG - dispatch pc=136, inst=LOAD_SMALL_INT(arg=2, lineno=420)
2026-02-19 07:16:49,056 - DEBUG - stack ['$binop_sub124.19']
2026-02-19 07:16:49,056 - DEBUG - dispatch pc=138, inst=BINARY_OP(arg=11, lineno=420)
2026-02-19 07:16:49,056 - DEBUG - stack ['$binop_sub124.19', '$const136.20.2']
2026-02-19 07:16:49,056 - DEBUG - dispatch pc=150, inst=STORE_FAST(arg=2, lineno=420)
2026-02-19 07:16:49,056 - DEBUG - stack ['$binop_truediv138.21']
2026-02-19 07:16:49,056 - DEBUG - dispatch pc=152, inst=LOAD_GLOBAL(arg=0, lineno=422)
2026-02-19 07:16:49,056 - DEBUG - stack []
2026-02-19 07:16:49,056 - DEBUG - dispatch pc=162, inst=LOAD_ATTR(arg=2, lineno=422)
2026-02-19 07:16:49,056 - DEBUG - stack ['$152load_global.22']
2026-02-19 07:16:49,056 - DEBUG - dispatch pc=182, inst=PUSH_NULL(arg=None, lineno=422)
2026-02-19 07:16:49,056 - DEBUG - stack ['$162load_attr.23']
2026-02-19 07:16:49,056 - DEBUG - dispatch pc=184, inst=LOAD_FAST_BORROW(arg=2, lineno=422)
2026-02-19 07:16:49,056 - DEBUG - stack ['$162load_attr.23', '$null$182.24']
2026-02-19 07:16:49,056 - DEBUG - dispatch pc=186, inst=CALL(arg=1, lineno=422)
2026-02-19 07:16:49,056 - DEBUG - stack ['$162load_attr.23', '$null$182.24', '$b184.25']
2026-02-19 07:16:49,057 - DEBUG - dispatch pc=194, inst=LOAD_GLOBAL(arg=0, lineno=422)
2026-02-19 07:16:49,057 - DEBUG - stack ['$186call.26']
2026-02-19 07:16:49,057 - DEBUG - dispatch pc=204, inst=LOAD_ATTR(arg=2, lineno=422)
2026-02-19 07:16:49,057 - DEBUG - stack ['$186call.26', '$194load_global.27']
2026-02-19 07:16:49,057 - DEBUG - dispatch pc=224, inst=PUSH_NULL(arg=None, lineno=422)
2026-02-19 07:16:49,057 - DEBUG - stack ['$186call.26', '$204load_attr.28']
2026-02-19 07:16:49,057 - DEBUG - dispatch pc=226, inst=LOAD_FAST_BORROW(arg=1, lineno=422)
2026-02-19 07:16:49,057 - DEBUG - stack ['$186call.26', '$204load_attr.28', '$null$224.29']
2026-02-19 07:16:49,057 - DEBUG - dispatch pc=228, inst=CALL(arg=1, lineno=422)
2026-02-19 07:16:49,058 - DEBUG - stack ['$186call.26', '$204load_attr.28', '$null$224.29', '$a226.30']
2026-02-19 07:16:49,058 - DEBUG - dispatch pc=236, inst=COMPARE_OP(arg=188, lineno=422)
2026-02-19 07:16:49,058 - DEBUG - stack ['$186call.26', '$228call.31']
2026-02-19 07:16:49,058 - DEBUG - dispatch pc=240, inst=POP_JUMP_IF_FALSE(arg=3, lineno=422)
2026-02-19 07:16:49,058 - DEBUG - stack ['$236compare_op.32']
2026-02-19 07:16:49,058 - DEBUG - end state. edges=[Edge(pc=244, stack=(), blockstack=(), npush=0), Edge(pc=250, stack=(), blockstack=(), npush=0)]
2026-02-19 07:16:49,058 - DEBUG - pending: deque([State(pc_initial=244 nstack_initial=0), State(pc_initial=250 nstack_initial=0)])
2026-02-19 07:16:49,058 - DEBUG - stack: []
2026-02-19 07:16:49,058 - DEBUG - state.pc_initial: State(pc_initial=244 nstack_initial=0)
2026-02-19 07:16:49,058 - DEBUG - dispatch pc=244, inst=NOT_TAKEN(arg=None, lineno=422)
2026-02-19 07:16:49,058 - DEBUG - stack []
2026-02-19 07:16:49,058 - DEBUG - dispatch pc=246, inst=LOAD_SMALL_INT(arg=0, lineno=425)
2026-02-19 07:16:49,058 - DEBUG - stack []
2026-02-19 07:16:49,058 - DEBUG - dispatch pc=248, inst=RETURN_VALUE(arg=None, lineno=425)
2026-02-19 07:16:49,058 - DEBUG - stack ['$const246.0.0']
2026-02-19 07:16:49,058 - DEBUG - end state. edges=[]
2026-02-19 07:16:49,058 - DEBUG - pending: deque([State(pc_initial=250 nstack_initial=0)])
2026-02-19 07:16:49,059 - DEBUG - stack: []
2026-02-19 07:16:49,059 - DEBUG - state.pc_initial: State(pc_initial=250 nstack_initial=0)
2026-02-19 07:16:49,059 - DEBUG - dispatch pc=250, inst=LOAD_FAST_BORROW(arg=2, lineno=427)
2026-02-19 07:16:49,059 - DEBUG - stack []
2026-02-19 07:16:49,059 - DEBUG - dispatch pc=252, inst=UNARY_NEGATIVE(arg=None, lineno=427)
2026-02-19 07:16:49,059 - DEBUG - stack ['$b250.0']
2026-02-19 07:16:49,059 - DEBUG - dispatch pc=254, inst=LOAD_FAST_BORROW(arg=1, lineno=427)
2026-02-19 07:16:49,059 - DEBUG - stack ['$252unary_negative.1']
2026-02-19 07:16:49,059 - DEBUG - dispatch pc=256, inst=BINARY_OP(arg=11, lineno=427)
2026-02-19 07:16:49,059 - DEBUG - stack ['$252unary_negative.1', '$a254.2']
2026-02-19 07:16:49,059 - DEBUG - dispatch pc=268, inst=RETURN_VALUE(arg=None, lineno=427)
2026-02-19 07:16:49,059 - DEBUG - stack ['$binop_truediv256.3']
2026-02-19 07:16:49,059 - DEBUG - end state. edges=[]
2026-02-19 07:16:49,059 - DEBUG - -------------------------Prune PHIs-------------------------
2026-02-19 07:16:49,059 - DEBUG - Used_phis: defaultdict(<class 'set'>,
            {State(pc_initial=0 nstack_initial=0): set(),
             State(pc_initial=244 nstack_initial=0): set(),
             State(pc_initial=250 nstack_initial=0): set()})
2026-02-19 07:16:49,059 - DEBUG - defmap: {}
2026-02-19 07:16:49,059 - DEBUG - phismap: defaultdict(<class 'set'>, {})
2026-02-19 07:16:49,059 - DEBUG - changing phismap: defaultdict(<class 'set'>, {})
2026-02-19 07:16:49,059 - DEBUG - keep phismap: {}
2026-02-19 07:16:49,060 - DEBUG - new_out: defaultdict(<class 'dict'>, {})
2026-02-19 07:16:49,060 - DEBUG - ----------------------DONE Prune PHIs-----------------------
2026-02-19 07:16:49,060 - DEBUG - block_infos State(pc_initial=0 nstack_initial=0):
AdaptBlockInfo(insts=((0, {}), (2, {}), (4, {'res': '$x4.0'}), (6, {'res': '$const6.1.1'}), (8, {'op': '[]', 'lhs': '$x4.0', 'rhs': '$const6.1.1', 'res': '$8binary_op.2'}), (20, {'res': '$x20.3'}), (22, {'res': '$const22.4.1'}), (24, {'op': '[]', 'lhs': '$x20.3', 'rhs': '$const22.4.1', 'res': '$24binary_op.5'}), (36, {'op': '+', 'lhs': '$8binary_op.2', 'rhs': '$24binary_op.5', 'res': '$binop_add36.6'}), (48, {'res': '$const48.7.2'}), (50, {'res': '$x50.8'}), (52, {'res': '$const52.9.0'}), (54, {'op': '[]', 'lhs': '$x50.8', 'rhs': '$const52.9.0', 'res': '$54binary_op.10'}), (66, {'op': '*', 'lhs': '$const48.7.2', 'rhs': '$54binary_op.10', 'res': '$binop_mul66.11'}), (78, {'op': '-', 'lhs': '$binop_add36.6', 'rhs': '$binop_mul66.11', 'res': '$binop_sub78.12'}), (90, {'value': '$binop_sub78.12'}), (92, {'res': '$x92.13'}), (94, {'res': '$const94.14.1'}), (96, {'op': '[]', 'lhs': '$x92.13', 'rhs': '$const94.14.1', 'res': '$96binary_op.15'}), (108, {'res': '$x108.16'}), (110, {'res': '$const110.17.1'}), (112, {'op': '[]', 'lhs': '$x108.16', 'rhs': '$const110.17.1', 'res': '$112binary_op.18'}), (124, {'op': '-', 'lhs': '$96binary_op.15', 'rhs': '$112binary_op.18', 'res': '$binop_sub124.19'}), (136, {'res': '$const136.20.2'}), (138, {'op': '/', 'lhs': '$binop_sub124.19', 'rhs': '$const136.20.2', 'res': '$binop_truediv138.21'}), (150, {'value': '$binop_truediv138.21'}), (152, {'idx': 0, 'res': '$152load_global.22'}), (162, {'item': '$152load_global.22', 'res': '$162load_attr.23'}), (182, {}), (184, {'res': '$b184.25'}), (186, {'func': '$162load_attr.23', 'args': ['$b184.25'], 'kw_names': None, 'res': '$186call.26'}), (194, {'idx': 0, 'res': '$194load_global.27'}), (204, {'item': '$194load_global.27', 'res': '$204load_attr.28'}), (224, {}), (226, {'res': '$a226.30'}), (228, {'func': '$204load_attr.28', 'args': ['$a226.30'], 'kw_names': None, 'res': '$228call.31'}), (236, {'lhs': '$186call.26', 'rhs': '$228call.31', 'res': '$236compare_op.32'}), (240, {'pred': '$236compare_op.32'})), outgoing_phis={}, blockstack=(), active_try_block=None, outgoing_edgepushed={244: (), 250: ()})
2026-02-19 07:16:49,060 - DEBUG - block_infos State(pc_initial=244 nstack_initial=0):
AdaptBlockInfo(insts=((244, {}), (246, {'res': '$const246.0.0'}), (248, {'retval': '$const246.0.0', 'castval': '$248return_value.1'})), outgoing_phis={}, blockstack=(), active_try_block=None, outgoing_edgepushed={})
2026-02-19 07:16:49,060 - DEBUG - block_infos State(pc_initial=250 nstack_initial=0):
AdaptBlockInfo(insts=((250, {'res': '$b250.0'}), (252, {'value': '$b250.0', 'res': '$252unary_negative.1'}), (254, {'res': '$a254.2'}), (256, {'op': '/', 'lhs': '$252unary_negative.1', 'rhs': '$a254.2', 'res': '$binop_truediv256.3'}), (268, {'retval': '$binop_truediv256.3', 'castval': '$268return_value.4'})), outgoing_phis={}, blockstack=(), active_try_block=None, outgoing_edgepushed={})
2026-02-19 07:16:49,060 - DEBUG - label 0:
    x = arg(0, name=x)                       ['x']
    $const6.1.1 = const(int, 1)              ['$const6.1.1']
    $8binary_op.2 = getitem(value=x, index=$const6.1.1, fn=<built-in function getitem>) ['$8binary_op.2', '$const6.1.1', 'x']
    $const22.4.1 = const(int, -1)            ['$const22.4.1']
    $24binary_op.5 = getitem(value=x, index=$const22.4.1, fn=<built-in function getitem>) ['$24binary_op.5', '$const22.4.1', 'x']
    $binop_add36.6 = $8binary_op.2 + $24binary_op.5 ['$24binary_op.5', '$8binary_op.2', '$binop_add36.6']
    $const48.7.2 = const(int, 2)             ['$const48.7.2']
    $const52.9.0 = const(int, 0)             ['$const52.9.0']
    $54binary_op.10 = getitem(value=x, index=$const52.9.0, fn=<built-in function getitem>) ['$54binary_op.10', '$const52.9.0', 'x']
    $binop_mul66.11 = $const48.7.2 * $54binary_op.10 ['$54binary_op.10', '$binop_mul66.11', '$const48.7.2']
    a = $binop_add36.6 - $binop_mul66.11     ['$binop_add36.6', '$binop_mul66.11', 'a']
    $const94.14.1 = const(int, 1)            ['$const94.14.1']
    $96binary_op.15 = getitem(value=x, index=$const94.14.1, fn=<built-in function getitem>) ['$96binary_op.15', '$const94.14.1', 'x']
    $const110.17.1 = const(int, -1)          ['$const110.17.1']
    $112binary_op.18 = getitem(value=x, index=$const110.17.1, fn=<built-in function getitem>) ['$112binary_op.18', '$const110.17.1', 'x']
    $binop_sub124.19 = $96binary_op.15 - $112binary_op.18 ['$112binary_op.18', '$96binary_op.15', '$binop_sub124.19']
    $const136.20.2 = const(int, 2)           ['$const136.20.2']
    b = $binop_sub124.19 / $const136.20.2    ['$binop_sub124.19', '$const136.20.2', 'b']
    $152load_global.22 = global(np: <module 'numpy' from 'C:\\Users\\WINDOWS\\Desktop\\ai_stress_detector\\venv\\Lib\\site-packages\\numpy\\__init__.py'>) ['$152load_global.22']
    $162load_attr.23 = getattr(value=$152load_global.22, attr=abs) ['$152load_global.22', '$162load_attr.23']
    $186call.26 = call $162load_attr.23(b, func=$162load_attr.23, args=[Var(b, pitch.py:420)], kws=(), vararg=None, varkwarg=None, target=None) ['$162load_attr.23', '$186call.26', 'b']
    $194load_global.27 = global(np: <module 'numpy' from 'C:\\Users\\WINDOWS\\Desktop\\ai_stress_detector\\venv\\Lib\\site-packages\\numpy\\__init__.py'>) ['$194load_global.27']
    $204load_attr.28 = getattr(value=$194load_global.27, attr=abs) ['$194load_global.27', '$204load_attr.28']
    $228call.31 = call $204load_attr.28(a, func=$204load_attr.28, args=[Var(a, pitch.py:419)], kws=(), vararg=None, varkwarg=None, target=None) ['$204load_attr.28', '$228call.31', 'a']
    $236compare_op.32 = $186call.26 >= $228call.31 ['$186call.26', '$228call.31', '$236compare_op.32']
    $bool240 = global(bool: <class 'bool'>)  ['$bool240']
    $240pred = call $bool240($236compare_op.32, func=$bool240, args=(Var($236compare_op.32, pitch.py:422),), kws=(), vararg=None, varkwarg=None, target=None) ['$236compare_op.32', '$240pred', '$bool240']
    branch $240pred, 244, 250                ['$240pred']
label 244:
    $const246.0.0 = const(int, 0)            ['$const246.0.0']
    $248return_value.1 = cast(value=$const246.0.0) ['$248return_value.1', '$const246.0.0']
    return $248return_value.1                ['$248return_value.1']
label 250:
    $252unary_negative.1 = unary(fn=<built-in function neg>, value=b) ['$252unary_negative.1', 'b']
    $binop_truediv256.3 = $252unary_negative.1 / a ['$252unary_negative.1', '$binop_truediv256.3', 'a']
    $268return_value.4 = cast(value=$binop_truediv256.3) ['$268return_value.4', '$binop_truediv256.3']
    return $268return_value.4                ['$268return_value.4']

2026-02-19 07:16:53,982 - INFO -  * Detected change in 'C:\\Users\\WINDOWS\\Desktop\\ai_stress_detector\\venv\\Lib\\site-packages\\flask_cors\\extension.py', reloading
2026-02-19 07:16:54,487 - INFO -  * Restarting with watchdog (windowsapi)
2026-02-19 07:16:54,613 - INFO - Server script started
2026-02-19 07:16:56,168 - WARNING -  * Debugger is active!
2026-02-19 07:16:56,171 - INFO -  * Debugger PIN: 179-709-766
2026-02-19 07:17:46,771 - INFO -  * Detected change in 'C:\\Program Files\\Python314\\Lib\\threading.py', reloading
2026-02-19 07:17:47,208 - INFO -  * Restarting with watchdog (windowsapi)
2026-02-19 07:17:47,359 - INFO - Server script started
2026-02-19 07:17:48,959 - WARNING -  * Debugger is active!
2026-02-19 07:17:48,962 - INFO -  * Debugger PIN: 179-709-766
2026-02-19 07:18:42,068 - DEBUG - bytecode dump:
>          0	NOP(arg=None, lineno=1137)
           2	RESUME(arg=0, lineno=1137)
           4	LOAD_FAST_BORROW(arg=0, lineno=1140)
           6	LOAD_SMALL_INT(arg=0, lineno=1140)
           8	BINARY_OP(arg=26, lineno=1140)
          20	STORE_FAST(arg=3, lineno=1140)
          22	LOAD_FAST_BORROW(arg=1, lineno=1141)
          24	UNARY_NEGATIVE(arg=None, lineno=1141)
          26	LOAD_FAST(arg=3, lineno=1141)
          28	SWAP(arg=2, lineno=1141)
          30	COPY(arg=2, lineno=1141)
          32	COMPARE_OP(arg=58, lineno=1141)
          36	POP_JUMP_IF_FALSE(arg=8, lineno=1141)
          40	NOT_TAKEN(arg=None, lineno=1141)
          42	LOAD_FAST_BORROW(arg=1, lineno=1141)
          44	COMPARE_OP(arg=58, lineno=1141)
          48	POP_JUMP_IF_FALSE(arg=6, lineno=1141)
          52	NOT_TAKEN(arg=None, lineno=1141)
          54	JUMP_FORWARD(arg=2, lineno=1141)
>         56	POP_TOP(arg=None, lineno=1141)
          58	JUMP_FORWARD(arg=2, lineno=1141)
>         60	LOAD_SMALL_INT(arg=0, lineno=1142)
          62	STORE_FAST(arg=3, lineno=1142)
>         64	LOAD_FAST_BORROW(arg=0, lineno=1144)
          66	LOAD_CONST(arg=1, lineno=1144)
          68	BINARY_OP(arg=26, lineno=1144)
          80	STORE_FAST(arg=4, lineno=1144)
          82	LOAD_FAST_BORROW(arg=1, lineno=1145)
          84	UNARY_NEGATIVE(arg=None, lineno=1145)
          86	LOAD_FAST(arg=4, lineno=1145)
          88	SWAP(arg=2, lineno=1145)
          90	COPY(arg=2, lineno=1145)
          92	COMPARE_OP(arg=58, lineno=1145)
          96	POP_JUMP_IF_FALSE(arg=8, lineno=1145)
         100	NOT_TAKEN(arg=None, lineno=1145)
         102	LOAD_FAST_BORROW(arg=1, lineno=1145)
         104	COMPARE_OP(arg=58, lineno=1145)
         108	POP_JUMP_IF_FALSE(arg=6, lineno=1145)
         112	NOT_TAKEN(arg=None, lineno=1145)
         114	JUMP_FORWARD(arg=2, lineno=1145)
>        116	POP_TOP(arg=None, lineno=1145)
         118	JUMP_FORWARD(arg=2, lineno=1145)
>        120	LOAD_SMALL_INT(arg=0, lineno=1146)
         122	STORE_FAST(arg=4, lineno=1146)
>        124	LOAD_FAST_BORROW(arg=2, lineno=1148)
         126	TO_BOOL(arg=None, lineno=1148)
         134	POP_JUMP_IF_FALSE(arg=46, lineno=1148)
         138	NOT_TAKEN(arg=None, lineno=1148)
         140	LOAD_GLOBAL(arg=0, lineno=1149)
         150	LOAD_ATTR(arg=2, lineno=1149)
         170	PUSH_NULL(arg=None, lineno=1149)
         172	LOAD_FAST_BORROW(arg=3, lineno=1149)
         174	CALL(arg=1, lineno=1149)
         182	LOAD_GLOBAL(arg=0, lineno=1149)
         192	LOAD_ATTR(arg=2, lineno=1149)
         212	PUSH_NULL(arg=None, lineno=1149)
         214	LOAD_FAST_BORROW(arg=4, lineno=1149)
         216	CALL(arg=1, lineno=1149)
         224	COMPARE_OP(arg=103, lineno=1149)
         228	RETURN_VALUE(arg=None, lineno=1149)
>        230	LOAD_GLOBAL(arg=0, lineno=1151)
         240	LOAD_ATTR(arg=4, lineno=1151)
         260	PUSH_NULL(arg=None, lineno=1151)
         262	LOAD_FAST_BORROW(arg=3, lineno=1151)
         264	CALL(arg=1, lineno=1151)
         272	LOAD_GLOBAL(arg=0, lineno=1151)
         282	LOAD_ATTR(arg=4, lineno=1151)
         302	PUSH_NULL(arg=None, lineno=1151)
         304	LOAD_FAST_BORROW(arg=4, lineno=1151)
         306	CALL(arg=1, lineno=1151)
         314	COMPARE_OP(arg=103, lineno=1151)
         318	RETURN_VALUE(arg=None, lineno=1151)
2026-02-19 07:18:42,069 - DEBUG - pending: deque([State(pc_initial=0 nstack_initial=0)])
2026-02-19 07:18:42,069 - DEBUG - stack: []
2026-02-19 07:18:42,069 - DEBUG - state.pc_initial: State(pc_initial=0 nstack_initial=0)
2026-02-19 07:18:42,069 - DEBUG - dispatch pc=0, inst=NOP(arg=None, lineno=1137)
2026-02-19 07:18:42,069 - DEBUG - stack []
2026-02-19 07:18:42,069 - DEBUG - dispatch pc=2, inst=RESUME(arg=0, lineno=1137)
2026-02-19 07:18:42,069 - DEBUG - stack []
2026-02-19 07:18:42,069 - DEBUG - dispatch pc=4, inst=LOAD_FAST_BORROW(arg=0, lineno=1140)
2026-02-19 07:18:42,069 - DEBUG - stack []
2026-02-19 07:18:42,069 - DEBUG - dispatch pc=6, inst=LOAD_SMALL_INT(arg=0, lineno=1140)
2026-02-19 07:18:42,069 - DEBUG - stack ['$x4.0']
2026-02-19 07:18:42,069 - DEBUG - dispatch pc=8, inst=BINARY_OP(arg=26, lineno=1140)
2026-02-19 07:18:42,069 - DEBUG - stack ['$x4.0', '$const6.1.0']
2026-02-19 07:18:42,069 - DEBUG - dispatch pc=20, inst=STORE_FAST(arg=3, lineno=1140)
2026-02-19 07:18:42,070 - DEBUG - stack ['$8binary_op.2']
2026-02-19 07:18:42,070 - DEBUG - dispatch pc=22, inst=LOAD_FAST_BORROW(arg=1, lineno=1141)
2026-02-19 07:18:42,070 - DEBUG - stack []
2026-02-19 07:18:42,070 - DEBUG - dispatch pc=24, inst=UNARY_NEGATIVE(arg=None, lineno=1141)
2026-02-19 07:18:42,070 - DEBUG - stack ['$threshold22.3']
2026-02-19 07:18:42,070 - DEBUG - dispatch pc=26, inst=LOAD_FAST(arg=3, lineno=1141)
2026-02-19 07:18:42,070 - DEBUG - stack ['$24unary_negative.4']
2026-02-19 07:18:42,070 - DEBUG - dispatch pc=28, inst=SWAP(arg=2, lineno=1141)
2026-02-19 07:18:42,070 - DEBUG - stack ['$24unary_negative.4', '$x026.5']
2026-02-19 07:18:42,070 - DEBUG - dispatch pc=30, inst=COPY(arg=2, lineno=1141)
2026-02-19 07:18:42,070 - DEBUG - stack ['$x026.5', '$24unary_negative.4']
2026-02-19 07:18:42,070 - DEBUG - dispatch pc=32, inst=COMPARE_OP(arg=58, lineno=1141)
2026-02-19 07:18:42,070 - DEBUG - stack ['$x026.5', '$24unary_negative.4', '$x026.5']
2026-02-19 07:18:42,070 - DEBUG - dispatch pc=36, inst=POP_JUMP_IF_FALSE(arg=8, lineno=1141)
2026-02-19 07:18:42,070 - DEBUG - stack ['$x026.5', '$32compare_op.6']
2026-02-19 07:18:42,070 - DEBUG - end state. edges=[Edge(pc=40, stack=('$x026.5',), blockstack=(), npush=0), Edge(pc=56, stack=('$x026.5',), blockstack=(), npush=0)]
2026-02-19 07:18:42,070 - DEBUG - pending: deque([State(pc_initial=40 nstack_initial=1), State(pc_initial=56 nstack_initial=1)])
2026-02-19 07:18:42,070 - DEBUG - stack: ['$phi40.0']
2026-02-19 07:18:42,070 - DEBUG - state.pc_initial: State(pc_initial=40 nstack_initial=1)
2026-02-19 07:18:42,071 - DEBUG - dispatch pc=40, inst=NOT_TAKEN(arg=None, lineno=1141)
2026-02-19 07:18:42,071 - DEBUG - stack ['$phi40.0']
2026-02-19 07:18:42,071 - DEBUG - dispatch pc=42, inst=LOAD_FAST_BORROW(arg=1, lineno=1141)
2026-02-19 07:18:42,071 - DEBUG - stack ['$phi40.0']
2026-02-19 07:18:42,071 - DEBUG - dispatch pc=44, inst=COMPARE_OP(arg=58, lineno=1141)
2026-02-19 07:18:42,071 - DEBUG - stack ['$phi40.0', '$threshold42.1']
2026-02-19 07:18:42,071 - DEBUG - dispatch pc=48, inst=POP_JUMP_IF_FALSE(arg=6, lineno=1141)
2026-02-19 07:18:42,071 - DEBUG - stack ['$44compare_op.2']
2026-02-19 07:18:42,071 - DEBUG - end state. edges=[Edge(pc=52, stack=(), blockstack=(), npush=0), Edge(pc=64, stack=(), blockstack=(), npush=0)]
2026-02-19 07:18:42,071 - DEBUG - pending: deque([State(pc_initial=56 nstack_initial=1), State(pc_initial=52 nstack_initial=0), State(pc_initial=64 nstack_initial=0)])
2026-02-19 07:18:42,071 - DEBUG - stack: ['$phi56.0']
2026-02-19 07:18:42,071 - DEBUG - state.pc_initial: State(pc_initial=56 nstack_initial=1)
2026-02-19 07:18:42,071 - DEBUG - dispatch pc=56, inst=POP_TOP(arg=None, lineno=1141)
2026-02-19 07:18:42,071 - DEBUG - stack ['$phi56.0']
2026-02-19 07:18:42,071 - DEBUG - dispatch pc=58, inst=JUMP_FORWARD(arg=2, lineno=1141)
2026-02-19 07:18:42,071 - DEBUG - stack []
2026-02-19 07:18:42,071 - DEBUG - end state. edges=[Edge(pc=64, stack=(), blockstack=(), npush=0)]
2026-02-19 07:18:42,071 - DEBUG - pending: deque([State(pc_initial=52 nstack_initial=0), State(pc_initial=64 nstack_initial=0), State(pc_initial=64 nstack_initial=0)])
2026-02-19 07:18:42,071 - DEBUG - stack: []
2026-02-19 07:18:42,071 - DEBUG - state.pc_initial: State(pc_initial=52 nstack_initial=0)
2026-02-19 07:18:42,071 - DEBUG - dispatch pc=52, inst=NOT_TAKEN(arg=None, lineno=1141)
2026-02-19 07:18:42,071 - DEBUG - stack []
2026-02-19 07:18:42,071 - DEBUG - dispatch pc=54, inst=JUMP_FORWARD(arg=2, lineno=1141)
2026-02-19 07:18:42,071 - DEBUG - stack []
2026-02-19 07:18:42,071 - DEBUG - end state. edges=[Edge(pc=60, stack=(), blockstack=(), npush=0)]
2026-02-19 07:18:42,071 - DEBUG - pending: deque([State(pc_initial=64 nstack_initial=0), State(pc_initial=64 nstack_initial=0), State(pc_initial=60 nstack_initial=0)])
2026-02-19 07:18:42,071 - DEBUG - stack: []
2026-02-19 07:18:42,071 - DEBUG - state.pc_initial: State(pc_initial=64 nstack_initial=0)
2026-02-19 07:18:42,071 - DEBUG - dispatch pc=64, inst=LOAD_FAST_BORROW(arg=0, lineno=1144)
2026-02-19 07:18:42,072 - DEBUG - stack []
2026-02-19 07:18:42,072 - DEBUG - dispatch pc=66, inst=LOAD_CONST(arg=1, lineno=1144)
2026-02-19 07:18:42,072 - DEBUG - stack ['$x64.0']
2026-02-19 07:18:42,072 - DEBUG - dispatch pc=68, inst=BINARY_OP(arg=26, lineno=1144)
2026-02-19 07:18:42,072 - DEBUG - stack ['$x64.0', '$const66.1.1']
2026-02-19 07:18:42,072 - DEBUG - dispatch pc=80, inst=STORE_FAST(arg=4, lineno=1144)
2026-02-19 07:18:42,072 - DEBUG - stack ['$68binary_op.2']
2026-02-19 07:18:42,072 - DEBUG - dispatch pc=82, inst=LOAD_FAST_BORROW(arg=1, lineno=1145)
2026-02-19 07:18:42,072 - DEBUG - stack []
2026-02-19 07:18:42,072 - DEBUG - dispatch pc=84, inst=UNARY_NEGATIVE(arg=None, lineno=1145)
2026-02-19 07:18:42,072 - DEBUG - stack ['$threshold82.3']
2026-02-19 07:18:42,072 - DEBUG - dispatch pc=86, inst=LOAD_FAST(arg=4, lineno=1145)
2026-02-19 07:18:42,072 - DEBUG - stack ['$84unary_negative.4']
2026-02-19 07:18:42,072 - DEBUG - dispatch pc=88, inst=SWAP(arg=2, lineno=1145)
2026-02-19 07:18:42,072 - DEBUG - stack ['$84unary_negative.4', '$x186.5']
2026-02-19 07:18:42,072 - DEBUG - dispatch pc=90, inst=COPY(arg=2, lineno=1145)
2026-02-19 07:18:42,072 - DEBUG - stack ['$x186.5', '$84unary_negative.4']
2026-02-19 07:18:42,072 - DEBUG - dispatch pc=92, inst=COMPARE_OP(arg=58, lineno=1145)
2026-02-19 07:18:42,072 - DEBUG - stack ['$x186.5', '$84unary_negative.4', '$x186.5']
2026-02-19 07:18:42,072 - DEBUG - dispatch pc=96, inst=POP_JUMP_IF_FALSE(arg=8, lineno=1145)
2026-02-19 07:18:42,072 - DEBUG - stack ['$x186.5', '$92compare_op.6']
2026-02-19 07:18:42,072 - DEBUG - end state. edges=[Edge(pc=100, stack=('$x186.5',), blockstack=(), npush=0), Edge(pc=116, stack=('$x186.5',), blockstack=(), npush=0)]
2026-02-19 07:18:42,072 - DEBUG - pending: deque([State(pc_initial=64 nstack_initial=0), State(pc_initial=60 nstack_initial=0), State(pc_initial=100 nstack_initial=1), State(pc_initial=116 nstack_initial=1)])
2026-02-19 07:18:42,072 - DEBUG - pending: deque([State(pc_initial=60 nstack_initial=0), State(pc_initial=100 nstack_initial=1), State(pc_initial=116 nstack_initial=1)])
2026-02-19 07:18:42,072 - DEBUG - stack: []
2026-02-19 07:18:42,072 - DEBUG - state.pc_initial: State(pc_initial=60 nstack_initial=0)
2026-02-19 07:18:42,072 - DEBUG - dispatch pc=60, inst=LOAD_SMALL_INT(arg=0, lineno=1142)
2026-02-19 07:18:42,072 - DEBUG - stack []
2026-02-19 07:18:42,072 - DEBUG - dispatch pc=62, inst=STORE_FAST(arg=3, lineno=1142)
2026-02-19 07:18:42,073 - DEBUG - stack ['$const60.0.0']
2026-02-19 07:18:42,073 - DEBUG - end state. edges=[Edge(pc=64, stack=(), blockstack=(), npush=0)]
2026-02-19 07:18:42,073 - DEBUG - pending: deque([State(pc_initial=100 nstack_initial=1), State(pc_initial=116 nstack_initial=1), State(pc_initial=64 nstack_initial=0)])
2026-02-19 07:18:42,073 - DEBUG - stack: ['$phi100.0']
2026-02-19 07:18:42,073 - DEBUG - state.pc_initial: State(pc_initial=100 nstack_initial=1)
2026-02-19 07:18:42,073 - DEBUG - dispatch pc=100, inst=NOT_TAKEN(arg=None, lineno=1145)
2026-02-19 07:18:42,073 - DEBUG - stack ['$phi100.0']
2026-02-19 07:18:42,073 - DEBUG - dispatch pc=102, inst=LOAD_FAST_BORROW(arg=1, lineno=1145)
2026-02-19 07:18:42,073 - DEBUG - stack ['$phi100.0']
2026-02-19 07:18:42,073 - DEBUG - dispatch pc=104, inst=COMPARE_OP(arg=58, lineno=1145)
2026-02-19 07:18:42,073 - DEBUG - stack ['$phi100.0', '$threshold102.1']
2026-02-19 07:18:42,073 - DEBUG - dispatch pc=108, inst=POP_JUMP_IF_FALSE(arg=6, lineno=1145)
2026-02-19 07:18:42,073 - DEBUG - stack ['$104compare_op.2']
2026-02-19 07:18:42,073 - DEBUG - end state. edges=[Edge(pc=112, stack=(), blockstack=(), npush=0), Edge(pc=124, stack=(), blockstack=(), npush=0)]
2026-02-19 07:18:42,073 - DEBUG - pending: deque([State(pc_initial=116 nstack_initial=1), State(pc_initial=64 nstack_initial=0), State(pc_initial=112 nstack_initial=0), State(pc_initial=124 nstack_initial=0)])
2026-02-19 07:18:42,073 - DEBUG - stack: ['$phi116.0']
2026-02-19 07:18:42,073 - DEBUG - state.pc_initial: State(pc_initial=116 nstack_initial=1)
2026-02-19 07:18:42,073 - DEBUG - dispatch pc=116, inst=POP_TOP(arg=None, lineno=1145)
2026-02-19 07:18:42,073 - DEBUG - stack ['$phi116.0']
2026-02-19 07:18:42,073 - DEBUG - dispatch pc=118, inst=JUMP_FORWARD(arg=2, lineno=1145)
2026-02-19 07:18:42,073 - DEBUG - stack []
2026-02-19 07:18:42,073 - DEBUG - end state. edges=[Edge(pc=124, stack=(), blockstack=(), npush=0)]
2026-02-19 07:18:42,073 - DEBUG - pending: deque([State(pc_initial=64 nstack_initial=0), State(pc_initial=112 nstack_initial=0), State(pc_initial=124 nstack_initial=0), State(pc_initial=124 nstack_initial=0)])
2026-02-19 07:18:42,073 - DEBUG - pending: deque([State(pc_initial=112 nstack_initial=0), State(pc_initial=124 nstack_initial=0), State(pc_initial=124 nstack_initial=0)])
2026-02-19 07:18:42,073 - DEBUG - stack: []
2026-02-19 07:18:42,073 - DEBUG - state.pc_initial: State(pc_initial=112 nstack_initial=0)
2026-02-19 07:18:42,073 - DEBUG - dispatch pc=112, inst=NOT_TAKEN(arg=None, lineno=1145)
2026-02-19 07:18:42,073 - DEBUG - stack []
2026-02-19 07:18:42,073 - DEBUG - dispatch pc=114, inst=JUMP_FORWARD(arg=2, lineno=1145)
2026-02-19 07:18:42,073 - DEBUG - stack []
2026-02-19 07:18:42,074 - DEBUG - end state. edges=[Edge(pc=120, stack=(), blockstack=(), npush=0)]
2026-02-19 07:18:42,074 - DEBUG - pending: deque([State(pc_initial=124 nstack_initial=0), State(pc_initial=124 nstack_initial=0), State(pc_initial=120 nstack_initial=0)])
2026-02-19 07:18:42,074 - DEBUG - stack: []
2026-02-19 07:18:42,074 - DEBUG - state.pc_initial: State(pc_initial=124 nstack_initial=0)
2026-02-19 07:18:42,074 - DEBUG - dispatch pc=124, inst=LOAD_FAST_BORROW(arg=2, lineno=1148)
2026-02-19 07:18:42,074 - DEBUG - stack []
2026-02-19 07:18:42,074 - DEBUG - dispatch pc=126, inst=TO_BOOL(arg=None, lineno=1148)
2026-02-19 07:18:42,074 - DEBUG - stack ['$zero_pos124.0']
2026-02-19 07:18:42,074 - DEBUG - dispatch pc=134, inst=POP_JUMP_IF_FALSE(arg=46, lineno=1148)
2026-02-19 07:18:42,074 - DEBUG - stack ['$126to_bool.1']
2026-02-19 07:18:42,074 - DEBUG - end state. edges=[Edge(pc=138, stack=(), blockstack=(), npush=0), Edge(pc=230, stack=(), blockstack=(), npush=0)]
2026-02-19 07:18:42,074 - DEBUG - pending: deque([State(pc_initial=124 nstack_initial=0), State(pc_initial=120 nstack_initial=0), State(pc_initial=138 nstack_initial=0), State(pc_initial=230 nstack_initial=0)])
2026-02-19 07:18:42,074 - DEBUG - pending: deque([State(pc_initial=120 nstack_initial=0), State(pc_initial=138 nstack_initial=0), State(pc_initial=230 nstack_initial=0)])
2026-02-19 07:18:42,074 - DEBUG - stack: []
2026-02-19 07:18:42,074 - DEBUG - state.pc_initial: State(pc_initial=120 nstack_initial=0)
2026-02-19 07:18:42,074 - DEBUG - dispatch pc=120, inst=LOAD_SMALL_INT(arg=0, lineno=1146)
2026-02-19 07:18:42,074 - DEBUG - stack []
2026-02-19 07:18:42,074 - DEBUG - dispatch pc=122, inst=STORE_FAST(arg=4, lineno=1146)
2026-02-19 07:18:42,074 - DEBUG - stack ['$const120.0.0']
2026-02-19 07:18:42,074 - DEBUG - end state. edges=[Edge(pc=124, stack=(), blockstack=(), npush=0)]
2026-02-19 07:18:42,074 - DEBUG - pending: deque([State(pc_initial=138 nstack_initial=0), State(pc_initial=230 nstack_initial=0), State(pc_initial=124 nstack_initial=0)])
2026-02-19 07:18:42,074 - DEBUG - stack: []
2026-02-19 07:18:42,074 - DEBUG - state.pc_initial: State(pc_initial=138 nstack_initial=0)
2026-02-19 07:18:42,075 - DEBUG - dispatch pc=138, inst=NOT_TAKEN(arg=None, lineno=1148)
2026-02-19 07:18:42,075 - DEBUG - stack []
2026-02-19 07:18:42,075 - DEBUG - dispatch pc=140, inst=LOAD_GLOBAL(arg=0, lineno=1149)
2026-02-19 07:18:42,075 - DEBUG - stack []
2026-02-19 07:18:42,075 - DEBUG - dispatch pc=150, inst=LOAD_ATTR(arg=2, lineno=1149)
2026-02-19 07:18:42,075 - DEBUG - stack ['$140load_global.0']
2026-02-19 07:18:42,075 - DEBUG - dispatch pc=170, inst=PUSH_NULL(arg=None, lineno=1149)
2026-02-19 07:18:42,075 - DEBUG - stack ['$150load_attr.1']
2026-02-19 07:18:42,075 - DEBUG - dispatch pc=172, inst=LOAD_FAST_BORROW(arg=3, lineno=1149)
2026-02-19 07:18:42,075 - DEBUG - stack ['$150load_attr.1', '$null$170.2']
2026-02-19 07:18:42,075 - DEBUG - dispatch pc=174, inst=CALL(arg=1, lineno=1149)
2026-02-19 07:18:42,075 - DEBUG - stack ['$150load_attr.1', '$null$170.2', '$x0172.3']
2026-02-19 07:18:42,075 - DEBUG - dispatch pc=182, inst=LOAD_GLOBAL(arg=0, lineno=1149)
2026-02-19 07:18:42,075 - DEBUG - stack ['$174call.4']
2026-02-19 07:18:42,075 - DEBUG - dispatch pc=192, inst=LOAD_ATTR(arg=2, lineno=1149)
2026-02-19 07:18:42,075 - DEBUG - stack ['$174call.4', '$182load_global.5']
2026-02-19 07:18:42,075 - DEBUG - dispatch pc=212, inst=PUSH_NULL(arg=None, lineno=1149)
2026-02-19 07:18:42,075 - DEBUG - stack ['$174call.4', '$192load_attr.6']
2026-02-19 07:18:42,075 - DEBUG - dispatch pc=214, inst=LOAD_FAST_BORROW(arg=4, lineno=1149)
2026-02-19 07:18:42,075 - DEBUG - stack ['$174call.4', '$192load_attr.6', '$null$212.7']
2026-02-19 07:18:42,075 - DEBUG - dispatch pc=216, inst=CALL(arg=1, lineno=1149)
2026-02-19 07:18:42,075 - DEBUG - stack ['$174call.4', '$192load_attr.6', '$null$212.7', '$x1214.8']
2026-02-19 07:18:42,075 - DEBUG - dispatch pc=224, inst=COMPARE_OP(arg=103, lineno=1149)
2026-02-19 07:18:42,075 - DEBUG - stack ['$174call.4', '$216call.9']
2026-02-19 07:18:42,075 - DEBUG - dispatch pc=228, inst=RETURN_VALUE(arg=None, lineno=1149)
2026-02-19 07:18:42,075 - DEBUG - stack ['$224compare_op.10']
2026-02-19 07:18:42,075 - DEBUG - end state. edges=[]
2026-02-19 07:18:42,076 - DEBUG - pending: deque([State(pc_initial=230 nstack_initial=0), State(pc_initial=124 nstack_initial=0)])
2026-02-19 07:18:42,076 - DEBUG - stack: []
2026-02-19 07:18:42,076 - DEBUG - state.pc_initial: State(pc_initial=230 nstack_initial=0)
2026-02-19 07:18:42,076 - DEBUG - dispatch pc=230, inst=LOAD_GLOBAL(arg=0, lineno=1151)
2026-02-19 07:18:42,076 - DEBUG - stack []
2026-02-19 07:18:42,076 - DEBUG - dispatch pc=240, inst=LOAD_ATTR(arg=4, lineno=1151)
2026-02-19 07:18:42,076 - DEBUG - stack ['$230load_global.0']
2026-02-19 07:18:42,076 - DEBUG - dispatch pc=260, inst=PUSH_NULL(arg=None, lineno=1151)
2026-02-19 07:18:42,076 - DEBUG - stack ['$240load_attr.1']
2026-02-19 07:18:42,076 - DEBUG - dispatch pc=262, inst=LOAD_FAST_BORROW(arg=3, lineno=1151)
2026-02-19 07:18:42,076 - DEBUG - stack ['$240load_attr.1', '$null$260.2']
2026-02-19 07:18:42,076 - DEBUG - dispatch pc=264, inst=CALL(arg=1, lineno=1151)
2026-02-19 07:18:42,076 - DEBUG - stack ['$240load_attr.1', '$null$260.2', '$x0262.3']
2026-02-19 07:18:42,076 - DEBUG - dispatch pc=272, inst=LOAD_GLOBAL(arg=0, lineno=1151)
2026-02-19 07:18:42,076 - DEBUG - stack ['$264call.4']
2026-02-19 07:18:42,076 - DEBUG - dispatch pc=282, inst=LOAD_ATTR(arg=4, lineno=1151)
2026-02-19 07:18:42,076 - DEBUG - stack ['$264call.4', '$272load_global.5']
2026-02-19 07:18:42,076 - DEBUG - dispatch pc=302, inst=PUSH_NULL(arg=None, lineno=1151)
2026-02-19 07:18:42,076 - DEBUG - stack ['$264call.4', '$282load_attr.6']
2026-02-19 07:18:42,076 - DEBUG - dispatch pc=304, inst=LOAD_FAST_BORROW(arg=4, lineno=1151)
2026-02-19 07:18:42,076 - DEBUG - stack ['$264call.4', '$282load_attr.6', '$null$302.7']
2026-02-19 07:18:42,076 - DEBUG - dispatch pc=306, inst=CALL(arg=1, lineno=1151)
2026-02-19 07:18:42,076 - DEBUG - stack ['$264call.4', '$282load_attr.6', '$null$302.7', '$x1304.8']
2026-02-19 07:18:42,076 - DEBUG - dispatch pc=314, inst=COMPARE_OP(arg=103, lineno=1151)
2026-02-19 07:18:42,076 - DEBUG - stack ['$264call.4', '$306call.9']
2026-02-19 07:18:42,076 - DEBUG - dispatch pc=318, inst=RETURN_VALUE(arg=None, lineno=1151)
2026-02-19 07:18:42,076 - DEBUG - stack ['$314compare_op.10']
2026-02-19 07:18:42,076 - DEBUG - end state. edges=[]
2026-02-19 07:18:42,076 - DEBUG - pending: deque([State(pc_initial=124 nstack_initial=0)])
2026-02-19 07:18:42,077 - DEBUG - -------------------------Prune PHIs-------------------------
2026-02-19 07:18:42,077 - DEBUG - Used_phis: defaultdict(<class 'set'>,
            {State(pc_initial=0 nstack_initial=0): set(),
             State(pc_initial=40 nstack_initial=1): {'$phi40.0'},
             State(pc_initial=52 nstack_initial=0): set(),
             State(pc_initial=56 nstack_initial=1): set(),
             State(pc_initial=60 nstack_initial=0): set(),
             State(pc_initial=64 nstack_initial=0): set(),
             State(pc_initial=100 nstack_initial=1): {'$phi100.0'},
             State(pc_initial=112 nstack_initial=0): set(),
             State(pc_initial=116 nstack_initial=1): set(),
             State(pc_initial=120 nstack_initial=0): set(),
             State(pc_initial=124 nstack_initial=0): set(),
             State(pc_initial=138 nstack_initial=0): set(),
             State(pc_initial=230 nstack_initial=0): set()})
2026-02-19 07:18:42,077 - DEBUG - defmap: {'$phi100.0': State(pc_initial=64 nstack_initial=0),
 '$phi116.0': State(pc_initial=64 nstack_initial=0),
 '$phi40.0': State(pc_initial=0 nstack_initial=0),
 '$phi56.0': State(pc_initial=0 nstack_initial=0)}
2026-02-19 07:18:42,077 - DEBUG - phismap: defaultdict(<class 'set'>,
            {'$phi100.0': {('$x186.5', State(pc_initial=64 nstack_initial=0))},
             '$phi116.0': {('$x186.5', State(pc_initial=64 nstack_initial=0))},
             '$phi40.0': {('$x026.5', State(pc_initial=0 nstack_initial=0))},
             '$phi56.0': {('$x026.5', State(pc_initial=0 nstack_initial=0))}})
2026-02-19 07:18:42,077 - DEBUG - changing phismap: defaultdict(<class 'set'>,
            {'$phi100.0': {('$x186.5', State(pc_initial=64 nstack_initial=0))},
             '$phi116.0': {('$x186.5', State(pc_initial=64 nstack_initial=0))},
             '$phi40.0': {('$x026.5', State(pc_initial=0 nstack_initial=0))},
             '$phi56.0': {('$x026.5', State(pc_initial=0 nstack_initial=0))}})
2026-02-19 07:18:42,077 - DEBUG - keep phismap: {'$phi100.0': {('$x186.5', State(pc_initial=64 nstack_initial=0))},
 '$phi40.0': {('$x026.5', State(pc_initial=0 nstack_initial=0))}}
2026-02-19 07:18:42,077 - DEBUG - new_out: defaultdict(<class 'dict'>,
            {State(pc_initial=0 nstack_initial=0): {'$phi40.0': '$x026.5'},
             State(pc_initial=64 nstack_initial=0): {'$phi100.0': '$x186.5'}})
2026-02-19 07:18:42,077 - DEBUG - ----------------------DONE Prune PHIs-----------------------
2026-02-19 07:18:42,077 - DEBUG - block_infos State(pc_initial=0 nstack_initial=0):
AdaptBlockInfo(insts=((0, {}), (2, {}), (4, {'res': '$x4.0'}), (6, {'res': '$const6.1.0'}), (8, {'op': '[]', 'lhs': '$x4.0', 'rhs': '$const6.1.0', 'res': '$8binary_op.2'}), (20, {'value': '$8binary_op.2'}), (22, {'res': '$threshold22.3'}), (24, {'value': '$threshold22.3', 'res': '$24unary_negative.4'}), (26, {'res': '$x026.5'}), (32, {'lhs': '$24unary_negative.4', 'rhs': '$x026.5', 'res': '$32compare_op.6'}), (36, {'pred': '$32compare_op.6'})), outgoing_phis={'$phi40.0': '$x026.5'}, blockstack=(), active_try_block=None, outgoing_edgepushed={40: ('$x026.5',), 56: ('$x026.5',)})
2026-02-19 07:18:42,077 - DEBUG - block_infos State(pc_initial=40 nstack_initial=1):
AdaptBlockInfo(insts=((40, {}), (42, {'res': '$threshold42.1'}), (44, {'lhs': '$phi40.0', 'rhs': '$threshold42.1', 'res': '$44compare_op.2'}), (48, {'pred': '$44compare_op.2'})), outgoing_phis={}, blockstack=(), active_try_block=None, outgoing_edgepushed={52: (), 64: ()})
2026-02-19 07:18:42,077 - DEBUG - block_infos State(pc_initial=52 nstack_initial=0):
AdaptBlockInfo(insts=((52, {}), (54, {})), outgoing_phis={}, blockstack=(), active_try_block=None, outgoing_edgepushed={60: ()})
2026-02-19 07:18:42,077 - DEBUG - block_infos State(pc_initial=56 nstack_initial=1):
AdaptBlockInfo(insts=((58, {}),), outgoing_phis={}, blockstack=(), active_try_block=None, outgoing_edgepushed={64: ()})
2026-02-19 07:18:42,077 - DEBUG - block_infos State(pc_initial=60 nstack_initial=0):
AdaptBlockInfo(insts=((60, {'res': '$const60.0.0'}), (62, {'value': '$const60.0.0'})), outgoing_phis={}, blockstack=(), active_try_block=None, outgoing_edgepushed={64: ()})
2026-02-19 07:18:42,078 - DEBUG - block_infos State(pc_initial=64 nstack_initial=0):
AdaptBlockInfo(insts=((64, {'res': '$x64.0'}), (66, {'res': '$const66.1.1'}), (68, {'op': '[]', 'lhs': '$x64.0', 'rhs': '$const66.1.1', 'res': '$68binary_op.2'}), (80, {'value': '$68binary_op.2'}), (82, {'res': '$threshold82.3'}), (84, {'value': '$threshold82.3', 'res': '$84unary_negative.4'}), (86, {'res': '$x186.5'}), (92, {'lhs': '$84unary_negative.4', 'rhs': '$x186.5', 'res': '$92compare_op.6'}), (96, {'pred': '$92compare_op.6'})), outgoing_phis={'$phi100.0': '$x186.5'}, blockstack=(), active_try_block=None, outgoing_edgepushed={100: ('$x186.5',), 116: ('$x186.5',)})
2026-02-19 07:18:42,078 - DEBUG - block_infos State(pc_initial=100 nstack_initial=1):
AdaptBlockInfo(insts=((100, {}), (102, {'res': '$threshold102.1'}), (104, {'lhs': '$phi100.0', 'rhs': '$threshold102.1', 'res': '$104compare_op.2'}), (108, {'pred': '$104compare_op.2'})), outgoing_phis={}, blockstack=(), active_try_block=None, outgoing_edgepushed={112: (), 124: ()})
2026-02-19 07:18:42,078 - DEBUG - block_infos State(pc_initial=112 nstack_initial=0):
AdaptBlockInfo(insts=((112, {}), (114, {})), outgoing_phis={}, blockstack=(), active_try_block=None, outgoing_edgepushed={120: ()})
2026-02-19 07:18:42,078 - DEBUG - block_infos State(pc_initial=116 nstack_initial=1):
AdaptBlockInfo(insts=((118, {}),), outgoing_phis={}, blockstack=(), active_try_block=None, outgoing_edgepushed={124: ()})
2026-02-19 07:18:42,078 - DEBUG - block_infos State(pc_initial=120 nstack_initial=0):
AdaptBlockInfo(insts=((120, {'res': '$const120.0.0'}), (122, {'value': '$const120.0.0'})), outgoing_phis={}, blockstack=(), active_try_block=None, outgoing_edgepushed={124: ()})
2026-02-19 07:18:42,078 - DEBUG - block_infos State(pc_initial=124 nstack_initial=0):
AdaptBlockInfo(insts=((124, {'res': '$zero_pos124.0'}), (126, {'val': '$zero_pos124.0', 'res': '$126to_bool.1'}), (134, {'pred': '$126to_bool.1'})), outgoing_phis={}, blockstack=(), active_try_block=None, outgoing_edgepushed={138: (), 230: ()})
2026-02-19 07:18:42,078 - DEBUG - block_infos State(pc_initial=138 nstack_initial=0):
AdaptBlockInfo(insts=((138, {}), (140, {'idx': 0, 'res': '$140load_global.0'}), (150, {'item': '$140load_global.0', 'res': '$150load_attr.1'}), (170, {}), (172, {'res': '$x0172.3'}), (174, {'func': '$150load_attr.1', 'args': ['$x0172.3'], 'kw_names': None, 'res': '$174call.4'}), (182, {'idx': 0, 'res': '$182load_global.5'}), (192, {'item': '$182load_global.5', 'res': '$192load_attr.6'}), (212, {}), (214, {'res': '$x1214.8'}), (216, {'func': '$192load_attr.6', 'args': ['$x1214.8'], 'kw_names': None, 'res': '$216call.9'}), (224, {'lhs': '$174call.4', 'rhs': '$216call.9', 'res': '$224compare_op.10'}), (228, {'retval': '$224compare_op.10', 'castval': '$228return_value.11'})), outgoing_phis={}, blockstack=(), active_try_block=None, outgoing_edgepushed={})
2026-02-19 07:18:42,078 - DEBUG - block_infos State(pc_initial=230 nstack_initial=0):
AdaptBlockInfo(insts=((230, {'idx': 0, 'res': '$230load_global.0'}), (240, {'item': '$230load_global.0', 'res': '$240load_attr.1'}), (260, {}), (262, {'res': '$x0262.3'}), (264, {'func': '$240load_attr.1', 'args': ['$x0262.3'], 'kw_names': None, 'res': '$264call.4'}), (272, {'idx': 0, 'res': '$272load_global.5'}), (282, {'item': '$272load_global.5', 'res': '$282load_attr.6'}), (302, {}), (304, {'res': '$x1304.8'}), (306, {'func': '$282load_attr.6', 'args': ['$x1304.8'], 'kw_names': None, 'res': '$306call.9'}), (314, {'lhs': '$264call.4', 'rhs': '$306call.9', 'res': '$314compare_op.10'}), (318, {'retval': '$314compare_op.10', 'castval': '$318return_value.11'})), outgoing_phis={}, blockstack=(), active_try_block=None, outgoing_edgepushed={})
2026-02-19 07:18:42,079 - DEBUG - label 0:
    x = arg(0, name=x)                       ['x']
    threshold = arg(1, name=threshold)       ['threshold']
    zero_pos = arg(2, name=zero_pos)         ['zero_pos']
    $const6.1.0 = const(int, 0)              ['$const6.1.0']
    x0 = getitem(value=x, index=$const6.1.0, fn=<built-in function getitem>) ['$const6.1.0', 'x', 'x0']
    $24unary_negative.4 = unary(fn=<built-in function neg>, value=threshold) ['$24unary_negative.4', 'threshold']
    $32compare_op.6 = $24unary_negative.4 <= x0 ['$24unary_negative.4', '$32compare_op.6', 'x0']
    $bool36 = global(bool: <class 'bool'>)   ['$bool36']
    $36pred = call $bool36($32compare_op.6, func=$bool36, args=(Var($32compare_op.6, audio.py:1141),), kws=(), vararg=None, varkwarg=None, target=None) ['$32compare_op.6', '$36pred', '$bool36']
    $phi40.0 = x0                            ['$phi40.0', 'x0']
    branch $36pred, 40, 56                   ['$36pred']
label 40:
    $44compare_op.2 = $phi40.0 <= threshold  ['$44compare_op.2', '$phi40.0', 'threshold']
    $bool48 = global(bool: <class 'bool'>)   ['$bool48']
    $48pred = call $bool48($44compare_op.2, func=$bool48, args=(Var($44compare_op.2, audio.py:1141),), kws=(), vararg=None, varkwarg=None, target=None) ['$44compare_op.2', '$48pred', '$bool48']
    branch $48pred, 52, 64                   ['$48pred']
label 52:
    jump 60                                  []
label 56:
    jump 64                                  []
label 60:
    x0 = const(int, 0)                       ['x0']
    jump 64                                  []
label 64:
    $const66.1.1 = const(int, -1)            ['$const66.1.1']
    x1 = getitem(value=x, index=$const66.1.1, fn=<built-in function getitem>) ['$const66.1.1', 'x', 'x1']
    $84unary_negative.4 = unary(fn=<built-in function neg>, value=threshold) ['$84unary_negative.4', 'threshold']
    $92compare_op.6 = $84unary_negative.4 <= x1 ['$84unary_negative.4', '$92compare_op.6', 'x1']
    $bool96 = global(bool: <class 'bool'>)   ['$bool96']
    $96pred = call $bool96($92compare_op.6, func=$bool96, args=(Var($92compare_op.6, audio.py:1145),), kws=(), vararg=None, varkwarg=None, target=None) ['$92compare_op.6', '$96pred', '$bool96']
    $phi100.0 = x1                           ['$phi100.0', 'x1']
    branch $96pred, 100, 116                 ['$96pred']
label 100:
    $104compare_op.2 = $phi100.0 <= threshold ['$104compare_op.2', '$phi100.0', 'threshold']
    $bool108 = global(bool: <class 'bool'>)  ['$bool108']
    $108pred = call $bool108($104compare_op.2, func=$bool108, args=(Var($104compare_op.2, audio.py:1145),), kws=(), vararg=None, varkwarg=None, target=None) ['$104compare_op.2', '$108pred', '$bool108']
    branch $108pred, 112, 124                ['$108pred']
label 112:
    jump 120                                 []
label 116:
    jump 124                                 []
label 120:
    x1 = const(int, 0)                       ['x1']
    jump 124                                 []
label 124:
    $bool134 = global(bool: <class 'bool'>)  ['$bool134']
    $134pred = call $bool134(zero_pos, func=$bool134, args=(Var(zero_pos, audio.py:1137),), kws=(), vararg=None, varkwarg=None, target=None) ['$134pred', '$bool134', 'zero_pos']
    branch $134pred, 138, 230                ['$134pred']
label 138:
    $140load_global.0 = global(np: <module 'numpy' from 'C:\\Users\\WINDOWS\\Desktop\\ai_stress_detector\\venv\\Lib\\site-packages\\numpy\\__init__.py'>) ['$140load_global.0']
    $150load_attr.1 = getattr(value=$140load_global.0, attr=signbit) ['$140load_global.0', '$150load_attr.1']
    $174call.4 = call $150load_attr.1(x0, func=$150load_attr.1, args=[Var(x0, audio.py:1140)], kws=(), vararg=None, varkwarg=None, target=None) ['$150load_attr.1', '$174call.4', 'x0']
    $182load_global.5 = global(np: <module 'numpy' from 'C:\\Users\\WINDOWS\\Desktop\\ai_stress_detector\\venv\\Lib\\site-packages\\numpy\\__init__.py'>) ['$182load_global.5']
    $192load_attr.6 = getattr(value=$182load_global.5, attr=signbit) ['$182load_global.5', '$192load_attr.6']
    $216call.9 = call $192load_attr.6(x1, func=$192load_attr.6, args=[Var(x1, audio.py:1144)], kws=(), vararg=None, varkwarg=None, target=None) ['$192load_attr.6', '$216call.9', 'x1']
    $224compare_op.10 = $174call.4 != $216call.9 ['$174call.4', '$216call.9', '$224compare_op.10']
    $228return_value.11 = cast(value=$224compare_op.10) ['$224compare_op.10', '$228return_value.11']
    return $228return_value.11               ['$228return_value.11']
label 230:
    $230load_global.0 = global(np: <module 'numpy' from 'C:\\Users\\WINDOWS\\Desktop\\ai_stress_detector\\venv\\Lib\\site-packages\\numpy\\__init__.py'>) ['$230load_global.0']
    $240load_attr.1 = getattr(value=$230load_global.0, attr=sign) ['$230load_global.0', '$240load_attr.1']
    $264call.4 = call $240load_attr.1(x0, func=$240load_attr.1, args=[Var(x0, audio.py:1140)], kws=(), vararg=None, varkwarg=None, target=None) ['$240load_attr.1', '$264call.4', 'x0']
    $272load_global.5 = global(np: <module 'numpy' from 'C:\\Users\\WINDOWS\\Desktop\\ai_stress_detector\\venv\\Lib\\site-packages\\numpy\\__init__.py'>) ['$272load_global.5']
    $282load_attr.6 = getattr(value=$272load_global.5, attr=sign) ['$272load_global.5', '$282load_attr.6']
    $306call.9 = call $282load_attr.6(x1, func=$282load_attr.6, args=[Var(x1, audio.py:1144)], kws=(), vararg=None, varkwarg=None, target=None) ['$282load_attr.6', '$306call.9', 'x1']
    $314compare_op.10 = $264call.4 != $306call.9 ['$264call.4', '$306call.9', '$314compare_op.10']
    $318return_value.11 = cast(value=$314compare_op.10) ['$314compare_op.10', '$318return_value.11']
    return $318return_value.11               ['$318return_value.11']

2026-02-19 07:18:42,438 - DEBUG - bytecode dump:
>          0	NOP(arg=None, lineno=1023)
           2	RESUME(arg=0, lineno=1023)
           4	LOAD_FAST_BORROW(arg=0, lineno=1026)
           6	LOAD_SMALL_INT(arg=0, lineno=1026)
           8	BINARY_OP(arg=26, lineno=1026)
          20	LOAD_FAST_BORROW(arg=0, lineno=1026)
          22	LOAD_CONST(arg=1, lineno=1026)
          24	BINARY_OP(arg=26, lineno=1026)
          36	COMPARE_OP(arg=132, lineno=1026)
          40	LOAD_FAST_BORROW(arg=0, lineno=1026)
          42	LOAD_SMALL_INT(arg=0, lineno=1026)
          44	BINARY_OP(arg=26, lineno=1026)
          56	LOAD_FAST_BORROW(arg=0, lineno=1026)
          58	LOAD_SMALL_INT(arg=1, lineno=1026)
          60	BINARY_OP(arg=26, lineno=1026)
          72	COMPARE_OP(arg=172, lineno=1026)
          76	BINARY_OP(arg=1, lineno=1026)
          88	RETURN_VALUE(arg=None, lineno=1026)
2026-02-19 07:18:42,438 - DEBUG - pending: deque([State(pc_initial=0 nstack_initial=0)])
2026-02-19 07:18:42,438 - DEBUG - stack: []
2026-02-19 07:18:42,438 - DEBUG - state.pc_initial: State(pc_initial=0 nstack_initial=0)
2026-02-19 07:18:42,438 - DEBUG - dispatch pc=0, inst=NOP(arg=None, lineno=1023)
2026-02-19 07:18:42,438 - DEBUG - stack []
2026-02-19 07:18:42,438 - DEBUG - dispatch pc=2, inst=RESUME(arg=0, lineno=1023)
2026-02-19 07:18:42,438 - DEBUG - stack []
2026-02-19 07:18:42,438 - DEBUG - dispatch pc=4, inst=LOAD_FAST_BORROW(arg=0, lineno=1026)
2026-02-19 07:18:42,438 - DEBUG - stack []
2026-02-19 07:18:42,438 - DEBUG - dispatch pc=6, inst=LOAD_SMALL_INT(arg=0, lineno=1026)
2026-02-19 07:18:42,438 - DEBUG - stack ['$x4.0']
2026-02-19 07:18:42,438 - DEBUG - dispatch pc=8, inst=BINARY_OP(arg=26, lineno=1026)
2026-02-19 07:18:42,438 - DEBUG - stack ['$x4.0', '$const6.1.0']
2026-02-19 07:18:42,438 - DEBUG - dispatch pc=20, inst=LOAD_FAST_BORROW(arg=0, lineno=1026)
2026-02-19 07:18:42,438 - DEBUG - stack ['$8binary_op.2']
2026-02-19 07:18:42,438 - DEBUG - dispatch pc=22, inst=LOAD_CONST(arg=1, lineno=1026)
2026-02-19 07:18:42,438 - DEBUG - stack ['$8binary_op.2', '$x20.3']
2026-02-19 07:18:42,438 - DEBUG - dispatch pc=24, inst=BINARY_OP(arg=26, lineno=1026)
2026-02-19 07:18:42,438 - DEBUG - stack ['$8binary_op.2', '$x20.3', '$const22.4.1']
2026-02-19 07:18:42,438 - DEBUG - dispatch pc=36, inst=COMPARE_OP(arg=132, lineno=1026)
2026-02-19 07:18:42,438 - DEBUG - stack ['$8binary_op.2', '$24binary_op.5']
2026-02-19 07:18:42,439 - DEBUG - dispatch pc=40, inst=LOAD_FAST_BORROW(arg=0, lineno=1026)
2026-02-19 07:18:42,439 - DEBUG - stack ['$36compare_op.6']
2026-02-19 07:18:42,439 - DEBUG - dispatch pc=42, inst=LOAD_SMALL_INT(arg=0, lineno=1026)
2026-02-19 07:18:42,439 - DEBUG - stack ['$36compare_op.6', '$x40.7']
2026-02-19 07:18:42,439 - DEBUG - dispatch pc=44, inst=BINARY_OP(arg=26, lineno=1026)
2026-02-19 07:18:42,439 - DEBUG - stack ['$36compare_op.6', '$x40.7', '$const42.8.0']
2026-02-19 07:18:42,439 - DEBUG - dispatch pc=56, inst=LOAD_FAST_BORROW(arg=0, lineno=1026)
2026-02-19 07:18:42,439 - DEBUG - stack ['$36compare_op.6', '$44binary_op.9']
2026-02-19 07:18:42,439 - DEBUG - dispatch pc=58, inst=LOAD_SMALL_INT(arg=1, lineno=1026)
2026-02-19 07:18:42,439 - DEBUG - stack ['$36compare_op.6', '$44binary_op.9', '$x56.10']
2026-02-19 07:18:42,439 - DEBUG - dispatch pc=60, inst=BINARY_OP(arg=26, lineno=1026)
2026-02-19 07:18:42,439 - DEBUG - stack ['$36compare_op.6', '$44binary_op.9', '$x56.10', '$const58.11.1']
2026-02-19 07:18:42,439 - DEBUG - dispatch pc=72, inst=COMPARE_OP(arg=172, lineno=1026)
2026-02-19 07:18:42,439 - DEBUG - stack ['$36compare_op.6', '$44binary_op.9', '$60binary_op.12']
2026-02-19 07:18:42,439 - DEBUG - dispatch pc=76, inst=BINARY_OP(arg=1, lineno=1026)
2026-02-19 07:18:42,439 - DEBUG - stack ['$36compare_op.6', '$72compare_op.13']
2026-02-19 07:18:42,439 - DEBUG - dispatch pc=88, inst=RETURN_VALUE(arg=None, lineno=1026)
2026-02-19 07:18:42,439 - DEBUG - stack ['$binop_and_76.14']
2026-02-19 07:18:42,439 - DEBUG - end state. edges=[]
2026-02-19 07:18:42,439 - DEBUG - -------------------------Prune PHIs-------------------------
2026-02-19 07:18:42,439 - DEBUG - Used_phis: defaultdict(<class 'set'>, {State(pc_initial=0 nstack_initial=0): set()})
2026-02-19 07:18:42,439 - DEBUG - defmap: {}
2026-02-19 07:18:42,439 - DEBUG - phismap: defaultdict(<class 'set'>, {})
2026-02-19 07:18:42,440 - DEBUG - changing phismap: defaultdict(<class 'set'>, {})
2026-02-19 07:18:42,440 - DEBUG - keep phismap: {}
2026-02-19 07:18:42,440 - DEBUG - new_out: defaultdict(<class 'dict'>, {})
2026-02-19 07:18:42,440 - DEBUG - ----------------------DONE Prune PHIs-----------------------
2026-02-19 07:18:42,440 - DEBUG - block_infos State(pc_initial=0 nstack_initial=0):
AdaptBlockInfo(insts=((0, {}), (2, {}), (4, {'res': '$x4.0'}), (6, {'res': '$const6.1.0'}), (8, {'op': '[]', 'lhs': '$x4.0', 'rhs': '$const6.1.0', 'res': '$8binary_op.2'}), (20, {'res': '$x20.3'}), (22, {'res': '$const22.4.1'}), (24, {'op': '[]', 'lhs': '$x20.3', 'rhs': '$const22.4.1', 'res': '$24binary_op.5'}), (36, {'lhs': '$8binary_op.2', 'rhs': '$24binary_op.5', 'res': '$36compare_op.6'}), (40, {'res': '$x40.7'}), (42, {'res': '$const42.8.0'}), (44, {'op': '[]', 'lhs': '$x40.7', 'rhs': '$const42.8.0', 'res': '$44binary_op.9'}), (56, {'res': '$x56.10'}), (58, {'res': '$const58.11.1'}), (60, {'op': '[]', 'lhs': '$x56.10', 'rhs': '$const58.11.1', 'res': '$60binary_op.12'}), (72, {'lhs': '$44binary_op.9', 'rhs': '$60binary_op.12', 'res': '$72compare_op.13'}), (76, {'op': '&', 'lhs': '$36compare_op.6', 'rhs': '$72compare_op.13', 'res': '$binop_and_76.14'}), (88, {'retval': '$binop_and_76.14', 'castval': '$88return_value.15'})), outgoing_phis={}, blockstack=(), active_try_block=None, outgoing_edgepushed={})
2026-02-19 07:18:42,440 - DEBUG - label 0:
    x = arg(0, name=x)                       ['x']
    $const6.1.0 = const(int, 0)              ['$const6.1.0']
    $8binary_op.2 = getitem(value=x, index=$const6.1.0, fn=<built-in function getitem>) ['$8binary_op.2', '$const6.1.0', 'x']
    $const22.4.1 = const(int, -1)            ['$const22.4.1']
    $24binary_op.5 = getitem(value=x, index=$const22.4.1, fn=<built-in function getitem>) ['$24binary_op.5', '$const22.4.1', 'x']
    $36compare_op.6 = $8binary_op.2 > $24binary_op.5 ['$24binary_op.5', '$36compare_op.6', '$8binary_op.2']
    $const42.8.0 = const(int, 0)             ['$const42.8.0']
    $44binary_op.9 = getitem(value=x, index=$const42.8.0, fn=<built-in function getitem>) ['$44binary_op.9', '$const42.8.0', 'x']
    $const58.11.1 = const(int, 1)            ['$const58.11.1']
    $60binary_op.12 = getitem(value=x, index=$const58.11.1, fn=<built-in function getitem>) ['$60binary_op.12', '$const58.11.1', 'x']
    $72compare_op.13 = $44binary_op.9 >= $60binary_op.12 ['$44binary_op.9', '$60binary_op.12', '$72compare_op.13']
    $binop_and_76.14 = $36compare_op.6 & $72compare_op.13 ['$36compare_op.6', '$72compare_op.13', '$binop_and_76.14']
    $88return_value.15 = cast(value=$binop_and_76.14) ['$88return_value.15', '$binop_and_76.14']
    return $88return_value.15                ['$88return_value.15']

2026-02-19 07:18:42,441 - DEBUG - bytecode dump:
>          0	NOP(arg=None, lineno=1029)
           2	RESUME(arg=0, lineno=1029)
           4	LOAD_FAST_BORROW(arg=0, lineno=1032)
           6	LOAD_SMALL_INT(arg=0, lineno=1032)
           8	BINARY_OP(arg=26, lineno=1032)
          20	LOAD_FAST_BORROW(arg=0, lineno=1032)
          22	LOAD_CONST(arg=1, lineno=1032)
          24	BINARY_OP(arg=26, lineno=1032)
          36	COMPARE_OP(arg=2, lineno=1032)
          40	LOAD_FAST_BORROW(arg=0, lineno=1032)
          42	LOAD_SMALL_INT(arg=0, lineno=1032)
          44	BINARY_OP(arg=26, lineno=1032)
          56	LOAD_FAST_BORROW(arg=0, lineno=1032)
          58	LOAD_SMALL_INT(arg=1, lineno=1032)
          60	BINARY_OP(arg=26, lineno=1032)
          72	COMPARE_OP(arg=42, lineno=1032)
          76	BINARY_OP(arg=1, lineno=1032)
          88	RETURN_VALUE(arg=None, lineno=1032)
2026-02-19 07:18:42,441 - DEBUG - pending: deque([State(pc_initial=0 nstack_initial=0)])
2026-02-19 07:18:42,441 - DEBUG - stack: []
2026-02-19 07:18:42,441 - DEBUG - state.pc_initial: State(pc_initial=0 nstack_initial=0)
2026-02-19 07:18:42,441 - DEBUG - dispatch pc=0, inst=NOP(arg=None, lineno=1029)
2026-02-19 07:18:42,441 - DEBUG - stack []
2026-02-19 07:18:42,441 - DEBUG - dispatch pc=2, inst=RESUME(arg=0, lineno=1029)
2026-02-19 07:18:42,441 - DEBUG - stack []
2026-02-19 07:18:42,441 - DEBUG - dispatch pc=4, inst=LOAD_FAST_BORROW(arg=0, lineno=1032)
2026-02-19 07:18:42,441 - DEBUG - stack []
2026-02-19 07:18:42,441 - DEBUG - dispatch pc=6, inst=LOAD_SMALL_INT(arg=0, lineno=1032)
2026-02-19 07:18:42,441 - DEBUG - stack ['$x4.0']
2026-02-19 07:18:42,441 - DEBUG - dispatch pc=8, inst=BINARY_OP(arg=26, lineno=1032)
2026-02-19 07:18:42,441 - DEBUG - stack ['$x4.0', '$const6.1.0']
2026-02-19 07:18:42,441 - DEBUG - dispatch pc=20, inst=LOAD_FAST_BORROW(arg=0, lineno=1032)
2026-02-19 07:18:42,441 - DEBUG - stack ['$8binary_op.2']
2026-02-19 07:18:42,441 - DEBUG - dispatch pc=22, inst=LOAD_CONST(arg=1, lineno=1032)
2026-02-19 07:18:42,441 - DEBUG - stack ['$8binary_op.2', '$x20.3']
2026-02-19 07:18:42,441 - DEBUG - dispatch pc=24, inst=BINARY_OP(arg=26, lineno=1032)
2026-02-19 07:18:42,442 - DEBUG - stack ['$8binary_op.2', '$x20.3', '$const22.4.1']
2026-02-19 07:18:42,442 - DEBUG - dispatch pc=36, inst=COMPARE_OP(arg=2, lineno=1032)
2026-02-19 07:18:42,442 - DEBUG - stack ['$8binary_op.2', '$24binary_op.5']
2026-02-19 07:18:42,442 - DEBUG - dispatch pc=40, inst=LOAD_FAST_BORROW(arg=0, lineno=1032)
2026-02-19 07:18:42,442 - DEBUG - stack ['$36compare_op.6']
2026-02-19 07:18:42,442 - DEBUG - dispatch pc=42, inst=LOAD_SMALL_INT(arg=0, lineno=1032)
2026-02-19 07:18:42,442 - DEBUG - stack ['$36compare_op.6', '$x40.7']
2026-02-19 07:18:42,442 - DEBUG - dispatch pc=44, inst=BINARY_OP(arg=26, lineno=1032)
2026-02-19 07:18:42,442 - DEBUG - stack ['$36compare_op.6', '$x40.7', '$const42.8.0']
2026-02-19 07:18:42,442 - DEBUG - dispatch pc=56, inst=LOAD_FAST_BORROW(arg=0, lineno=1032)
2026-02-19 07:18:42,442 - DEBUG - stack ['$36compare_op.6', '$44binary_op.9']
2026-02-19 07:18:42,442 - DEBUG - dispatch pc=58, inst=LOAD_SMALL_INT(arg=1, lineno=1032)
2026-02-19 07:18:42,442 - DEBUG - stack ['$36compare_op.6', '$44binary_op.9', '$x56.10']
2026-02-19 07:18:42,442 - DEBUG - dispatch pc=60, inst=BINARY_OP(arg=26, lineno=1032)
2026-02-19 07:18:42,442 - DEBUG - stack ['$36compare_op.6', '$44binary_op.9', '$x56.10', '$const58.11.1']
2026-02-19 07:18:42,442 - DEBUG - dispatch pc=72, inst=COMPARE_OP(arg=42, lineno=1032)
2026-02-19 07:18:42,442 - DEBUG - stack ['$36compare_op.6', '$44binary_op.9', '$60binary_op.12']
2026-02-19 07:18:42,442 - DEBUG - dispatch pc=76, inst=BINARY_OP(arg=1, lineno=1032)
2026-02-19 07:18:42,442 - DEBUG - stack ['$36compare_op.6', '$72compare_op.13']
2026-02-19 07:18:42,442 - DEBUG - dispatch pc=88, inst=RETURN_VALUE(arg=None, lineno=1032)
2026-02-19 07:18:42,442 - DEBUG - stack ['$binop_and_76.14']
2026-02-19 07:18:42,442 - DEBUG - end state. edges=[]
2026-02-19 07:18:42,442 - DEBUG - -------------------------Prune PHIs-------------------------
2026-02-19 07:18:42,442 - DEBUG - Used_phis: defaultdict(<class 'set'>, {State(pc_initial=0 nstack_initial=0): set()})
2026-02-19 07:18:42,442 - DEBUG - defmap: {}
2026-02-19 07:18:42,442 - DEBUG - phismap: defaultdict(<class 'set'>, {})
2026-02-19 07:18:42,442 - DEBUG - changing phismap: defaultdict(<class 'set'>, {})
2026-02-19 07:18:42,442 - DEBUG - keep phismap: {}
2026-02-19 07:18:42,443 - DEBUG - new_out: defaultdict(<class 'dict'>, {})
2026-02-19 07:18:42,443 - DEBUG - ----------------------DONE Prune PHIs-----------------------
2026-02-19 07:18:42,443 - DEBUG - block_infos State(pc_initial=0 nstack_initial=0):
AdaptBlockInfo(insts=((0, {}), (2, {}), (4, {'res': '$x4.0'}), (6, {'res': '$const6.1.0'}), (8, {'op': '[]', 'lhs': '$x4.0', 'rhs': '$const6.1.0', 'res': '$8binary_op.2'}), (20, {'res': '$x20.3'}), (22, {'res': '$const22.4.1'}), (24, {'op': '[]', 'lhs': '$x20.3', 'rhs': '$const22.4.1', 'res': '$24binary_op.5'}), (36, {'lhs': '$8binary_op.2', 'rhs': '$24binary_op.5', 'res': '$36compare_op.6'}), (40, {'res': '$x40.7'}), (42, {'res': '$const42.8.0'}), (44, {'op': '[]', 'lhs': '$x40.7', 'rhs': '$const42.8.0', 'res': '$44binary_op.9'}), (56, {'res': '$x56.10'}), (58, {'res': '$const58.11.1'}), (60, {'op': '[]', 'lhs': '$x56.10', 'rhs': '$const58.11.1', 'res': '$60binary_op.12'}), (72, {'lhs': '$44binary_op.9', 'rhs': '$60binary_op.12', 'res': '$72compare_op.13'}), (76, {'op': '&', 'lhs': '$36compare_op.6', 'rhs': '$72compare_op.13', 'res': '$binop_and_76.14'}), (88, {'retval': '$binop_and_76.14', 'castval': '$88return_value.15'})), outgoing_phis={}, blockstack=(), active_try_block=None, outgoing_edgepushed={})
2026-02-19 07:18:42,443 - DEBUG - label 0:
    x = arg(0, name=x)                       ['x']
    $const6.1.0 = const(int, 0)              ['$const6.1.0']
    $8binary_op.2 = getitem(value=x, index=$const6.1.0, fn=<built-in function getitem>) ['$8binary_op.2', '$const6.1.0', 'x']
    $const22.4.1 = const(int, -1)            ['$const22.4.1']
    $24binary_op.5 = getitem(value=x, index=$const22.4.1, fn=<built-in function getitem>) ['$24binary_op.5', '$const22.4.1', 'x']
    $36compare_op.6 = $8binary_op.2 < $24binary_op.5 ['$24binary_op.5', '$36compare_op.6', '$8binary_op.2']
    $const42.8.0 = const(int, 0)             ['$const42.8.0']
    $44binary_op.9 = getitem(value=x, index=$const42.8.0, fn=<built-in function getitem>) ['$44binary_op.9', '$const42.8.0', 'x']
    $const58.11.1 = const(int, 1)            ['$const58.11.1']
    $60binary_op.12 = getitem(value=x, index=$const58.11.1, fn=<built-in function getitem>) ['$60binary_op.12', '$const58.11.1', 'x']
    $72compare_op.13 = $44binary_op.9 <= $60binary_op.12 ['$44binary_op.9', '$60binary_op.12', '$72compare_op.13']
    $binop_and_76.14 = $36compare_op.6 & $72compare_op.13 ['$36compare_op.6', '$72compare_op.13', '$binop_and_76.14']
    $88return_value.15 = cast(value=$binop_and_76.14) ['$88return_value.15', '$binop_and_76.14']
    return $88return_value.15                ['$88return_value.15']

2026-02-19 07:18:43,360 - DEBUG - bytecode dump:
>          0	NOP(arg=None, lineno=416)
           2	RESUME(arg=0, lineno=416)
           4	LOAD_FAST_BORROW(arg=0, lineno=419)
           6	LOAD_SMALL_INT(arg=1, lineno=419)
           8	BINARY_OP(arg=26, lineno=419)
          20	LOAD_FAST_BORROW(arg=0, lineno=419)
          22	LOAD_CONST(arg=1, lineno=419)
          24	BINARY_OP(arg=26, lineno=419)
          36	BINARY_OP(arg=0, lineno=419)
          48	LOAD_SMALL_INT(arg=2, lineno=419)
          50	LOAD_FAST_BORROW(arg=0, lineno=419)
          52	LOAD_SMALL_INT(arg=0, lineno=419)
          54	BINARY_OP(arg=26, lineno=419)
          66	BINARY_OP(arg=5, lineno=419)
          78	BINARY_OP(arg=10, lineno=419)
          90	STORE_FAST(arg=1, lineno=419)
          92	LOAD_FAST_BORROW(arg=0, lineno=420)
          94	LOAD_SMALL_INT(arg=1, lineno=420)
          96	BINARY_OP(arg=26, lineno=420)
         108	LOAD_FAST_BORROW(arg=0, lineno=420)
         110	LOAD_CONST(arg=1, lineno=420)
         112	BINARY_OP(arg=26, lineno=420)
         124	BINARY_OP(arg=10, lineno=420)
         136	LOAD_SMALL_INT(arg=2, lineno=420)
         138	BINARY_OP(arg=11, lineno=420)
         150	STORE_FAST(arg=2, lineno=420)
         152	LOAD_GLOBAL(arg=0, lineno=422)
         162	LOAD_ATTR(arg=2, lineno=422)
         182	PUSH_NULL(arg=None, lineno=422)
         184	LOAD_FAST_BORROW(arg=2, lineno=422)
         186	CALL(arg=1, lineno=422)
         194	LOAD_GLOBAL(arg=0, lineno=422)
         204	LOAD_ATTR(arg=2, lineno=422)
         224	PUSH_NULL(arg=None, lineno=422)
         226	LOAD_FAST_BORROW(arg=1, lineno=422)
         228	CALL(arg=1, lineno=422)
         236	COMPARE_OP(arg=188, lineno=422)
         240	POP_JUMP_IF_FALSE(arg=3, lineno=422)
         244	NOT_TAKEN(arg=None, lineno=422)
         246	LOAD_SMALL_INT(arg=0, lineno=425)
         248	RETURN_VALUE(arg=None, lineno=425)
>        250	LOAD_FAST_BORROW(arg=2, lineno=427)
         252	UNARY_NEGATIVE(arg=None, lineno=427)
         254	LOAD_FAST_BORROW(arg=1, lineno=427)
         256	BINARY_OP(arg=11, lineno=427)
         268	RETURN_VALUE(arg=None, lineno=427)
2026-02-19 07:18:43,360 - DEBUG - pending: deque([State(pc_initial=0 nstack_initial=0)])
2026-02-19 07:18:43,360 - DEBUG - stack: []
2026-02-19 07:18:43,360 - DEBUG - state.pc_initial: State(pc_initial=0 nstack_initial=0)
2026-02-19 07:18:43,360 - DEBUG - dispatch pc=0, inst=NOP(arg=None, lineno=416)
2026-02-19 07:18:43,360 - DEBUG - stack []
2026-02-19 07:18:43,360 - DEBUG - dispatch pc=2, inst=RESUME(arg=0, lineno=416)
2026-02-19 07:18:43,360 - DEBUG - stack []
2026-02-19 07:18:43,360 - DEBUG - dispatch pc=4, inst=LOAD_FAST_BORROW(arg=0, lineno=419)
2026-02-19 07:18:43,360 - DEBUG - stack []
2026-02-19 07:18:43,360 - DEBUG - dispatch pc=6, inst=LOAD_SMALL_INT(arg=1, lineno=419)
2026-02-19 07:18:43,360 - DEBUG - stack ['$x4.0']
2026-02-19 07:18:43,360 - DEBUG - dispatch pc=8, inst=BINARY_OP(arg=26, lineno=419)
2026-02-19 07:18:43,360 - DEBUG - stack ['$x4.0', '$const6.1.1']
2026-02-19 07:18:43,361 - DEBUG - dispatch pc=20, inst=LOAD_FAST_BORROW(arg=0, lineno=419)
2026-02-19 07:18:43,361 - DEBUG - stack ['$8binary_op.2']
2026-02-19 07:18:43,361 - DEBUG - dispatch pc=22, inst=LOAD_CONST(arg=1, lineno=419)
2026-02-19 07:18:43,361 - DEBUG - stack ['$8binary_op.2', '$x20.3']
2026-02-19 07:18:43,361 - DEBUG - dispatch pc=24, inst=BINARY_OP(arg=26, lineno=419)
2026-02-19 07:18:43,361 - DEBUG - stack ['$8binary_op.2', '$x20.3', '$const22.4.1']
2026-02-19 07:18:43,361 - DEBUG - dispatch pc=36, inst=BINARY_OP(arg=0, lineno=419)
2026-02-19 07:18:43,361 - DEBUG - stack ['$8binary_op.2', '$24binary_op.5']
2026-02-19 07:18:43,361 - DEBUG - dispatch pc=48, inst=LOAD_SMALL_INT(arg=2, lineno=419)
2026-02-19 07:18:43,361 - DEBUG - stack ['$binop_add36.6']
2026-02-19 07:18:43,361 - DEBUG - dispatch pc=50, inst=LOAD_FAST_BORROW(arg=0, lineno=419)
2026-02-19 07:18:43,361 - DEBUG - stack ['$binop_add36.6', '$const48.7.2']
2026-02-19 07:18:43,361 - DEBUG - dispatch pc=52, inst=LOAD_SMALL_INT(arg=0, lineno=419)
2026-02-19 07:18:43,361 - DEBUG - stack ['$binop_add36.6', '$const48.7.2', '$x50.8']
2026-02-19 07:18:43,361 - DEBUG - dispatch pc=54, inst=BINARY_OP(arg=26, lineno=419)
2026-02-19 07:18:43,361 - DEBUG - stack ['$binop_add36.6', '$const48.7.2', '$x50.8', '$const52.9.0']
2026-02-19 07:18:43,361 - DEBUG - dispatch pc=66, inst=BINARY_OP(arg=5, lineno=419)
2026-02-19 07:18:43,361 - DEBUG - stack ['$binop_add36.6', '$const48.7.2', '$54binary_op.10']
2026-02-19 07:18:43,361 - DEBUG - dispatch pc=78, inst=BINARY_OP(arg=10, lineno=419)
2026-02-19 07:18:43,361 - DEBUG - stack ['$binop_add36.6', '$binop_mul66.11']
2026-02-19 07:18:43,361 - DEBUG - dispatch pc=90, inst=STORE_FAST(arg=1, lineno=419)
2026-02-19 07:18:43,361 - DEBUG - stack ['$binop_sub78.12']
2026-02-19 07:18:43,361 - DEBUG - dispatch pc=92, inst=LOAD_FAST_BORROW(arg=0, lineno=420)
2026-02-19 07:18:43,361 - DEBUG - stack []
2026-02-19 07:18:43,361 - DEBUG - dispatch pc=94, inst=LOAD_SMALL_INT(arg=1, lineno=420)
2026-02-19 07:18:43,361 - DEBUG - stack ['$x92.13']
2026-02-19 07:18:43,361 - DEBUG - dispatch pc=96, inst=BINARY_OP(arg=26, lineno=420)
2026-02-19 07:18:43,362 - DEBUG - stack ['$x92.13', '$const94.14.1']
2026-02-19 07:18:43,362 - DEBUG - dispatch pc=108, inst=LOAD_FAST_BORROW(arg=0, lineno=420)
2026-02-19 07:18:43,362 - DEBUG - stack ['$96binary_op.15']
2026-02-19 07:18:43,362 - DEBUG - dispatch pc=110, inst=LOAD_CONST(arg=1, lineno=420)
2026-02-19 07:18:43,362 - DEBUG - stack ['$96binary_op.15', '$x108.16']
2026-02-19 07:18:43,362 - DEBUG - dispatch pc=112, inst=BINARY_OP(arg=26, lineno=420)
2026-02-19 07:18:43,362 - DEBUG - stack ['$96binary_op.15', '$x108.16', '$const110.17.1']
2026-02-19 07:18:43,362 - DEBUG - dispatch pc=124, inst=BINARY_OP(arg=10, lineno=420)
2026-02-19 07:18:43,362 - DEBUG - stack ['$96binary_op.15', '$112binary_op.18']
2026-02-19 07:18:43,362 - DEBUG - dispatch pc=136, inst=LOAD_SMALL_INT(arg=2, lineno=420)
2026-02-19 07:18:43,362 - DEBUG - stack ['$binop_sub124.19']
2026-02-19 07:18:43,362 - DEBUG - dispatch pc=138, inst=BINARY_OP(arg=11, lineno=420)
2026-02-19 07:18:43,362 - DEBUG - stack ['$binop_sub124.19', '$const136.20.2']
2026-02-19 07:18:43,362 - DEBUG - dispatch pc=150, inst=STORE_FAST(arg=2, lineno=420)
2026-02-19 07:18:43,362 - DEBUG - stack ['$binop_truediv138.21']
2026-02-19 07:18:43,362 - DEBUG - dispatch pc=152, inst=LOAD_GLOBAL(arg=0, lineno=422)
2026-02-19 07:18:43,362 - DEBUG - stack []
2026-02-19 07:18:43,362 - DEBUG - dispatch pc=162, inst=LOAD_ATTR(arg=2, lineno=422)
2026-02-19 07:18:43,362 - DEBUG - stack ['$152load_global.22']
2026-02-19 07:18:43,362 - DEBUG - dispatch pc=182, inst=PUSH_NULL(arg=None, lineno=422)
2026-02-19 07:18:43,362 - DEBUG - stack ['$162load_attr.23']
2026-02-19 07:18:43,362 - DEBUG - dispatch pc=184, inst=LOAD_FAST_BORROW(arg=2, lineno=422)
2026-02-19 07:18:43,362 - DEBUG - stack ['$162load_attr.23', '$null$182.24']
2026-02-19 07:18:43,362 - DEBUG - dispatch pc=186, inst=CALL(arg=1, lineno=422)
2026-02-19 07:18:43,362 - DEBUG - stack ['$162load_attr.23', '$null$182.24', '$b184.25']
2026-02-19 07:18:43,362 - DEBUG - dispatch pc=194, inst=LOAD_GLOBAL(arg=0, lineno=422)
2026-02-19 07:18:43,362 - DEBUG - stack ['$186call.26']
2026-02-19 07:18:43,362 - DEBUG - dispatch pc=204, inst=LOAD_ATTR(arg=2, lineno=422)
2026-02-19 07:18:43,362 - DEBUG - stack ['$186call.26', '$194load_global.27']
2026-02-19 07:18:43,362 - DEBUG - dispatch pc=224, inst=PUSH_NULL(arg=None, lineno=422)
2026-02-19 07:18:43,363 - DEBUG - stack ['$186call.26', '$204load_attr.28']
2026-02-19 07:18:43,363 - DEBUG - dispatch pc=226, inst=LOAD_FAST_BORROW(arg=1, lineno=422)
2026-02-19 07:18:43,363 - DEBUG - stack ['$186call.26', '$204load_attr.28', '$null$224.29']
2026-02-19 07:18:43,363 - DEBUG - dispatch pc=228, inst=CALL(arg=1, lineno=422)
2026-02-19 07:18:43,363 - DEBUG - stack ['$186call.26', '$204load_attr.28', '$null$224.29', '$a226.30']
2026-02-19 07:18:43,363 - DEBUG - dispatch pc=236, inst=COMPARE_OP(arg=188, lineno=422)
2026-02-19 07:18:43,363 - DEBUG - stack ['$186call.26', '$228call.31']
2026-02-19 07:18:43,363 - DEBUG - dispatch pc=240, inst=POP_JUMP_IF_FALSE(arg=3, lineno=422)
2026-02-19 07:18:43,363 - DEBUG - stack ['$236compare_op.32']
2026-02-19 07:18:43,363 - DEBUG - end state. edges=[Edge(pc=244, stack=(), blockstack=(), npush=0), Edge(pc=250, stack=(), blockstack=(), npush=0)]
2026-02-19 07:18:43,363 - DEBUG - pending: deque([State(pc_initial=244 nstack_initial=0), State(pc_initial=250 nstack_initial=0)])
2026-02-19 07:18:43,363 - DEBUG - stack: []
2026-02-19 07:18:43,363 - DEBUG - state.pc_initial: State(pc_initial=244 nstack_initial=0)
2026-02-19 07:18:43,363 - DEBUG - dispatch pc=244, inst=NOT_TAKEN(arg=None, lineno=422)
2026-02-19 07:18:43,363 - DEBUG - stack []
2026-02-19 07:18:43,363 - DEBUG - dispatch pc=246, inst=LOAD_SMALL_INT(arg=0, lineno=425)
2026-02-19 07:18:43,363 - DEBUG - stack []
2026-02-19 07:18:43,363 - DEBUG - dispatch pc=248, inst=RETURN_VALUE(arg=None, lineno=425)
2026-02-19 07:18:43,363 - DEBUG - stack ['$const246.0.0']
2026-02-19 07:18:43,363 - DEBUG - end state. edges=[]
2026-02-19 07:18:43,363 - DEBUG - pending: deque([State(pc_initial=250 nstack_initial=0)])
2026-02-19 07:18:43,363 - DEBUG - stack: []
2026-02-19 07:18:43,363 - DEBUG - state.pc_initial: State(pc_initial=250 nstack_initial=0)
2026-02-19 07:18:43,363 - DEBUG - dispatch pc=250, inst=LOAD_FAST_BORROW(arg=2, lineno=427)
2026-02-19 07:18:43,363 - DEBUG - stack []
2026-02-19 07:18:43,363 - DEBUG - dispatch pc=252, inst=UNARY_NEGATIVE(arg=None, lineno=427)
2026-02-19 07:18:43,363 - DEBUG - stack ['$b250.0']
2026-02-19 07:18:43,363 - DEBUG - dispatch pc=254, inst=LOAD_FAST_BORROW(arg=1, lineno=427)
2026-02-19 07:18:43,364 - DEBUG - stack ['$252unary_negative.1']
2026-02-19 07:18:43,364 - DEBUG - dispatch pc=256, inst=BINARY_OP(arg=11, lineno=427)
2026-02-19 07:18:43,364 - DEBUG - stack ['$252unary_negative.1', '$a254.2']
2026-02-19 07:18:43,364 - DEBUG - dispatch pc=268, inst=RETURN_VALUE(arg=None, lineno=427)
2026-02-19 07:18:43,364 - DEBUG - stack ['$binop_truediv256.3']
2026-02-19 07:18:43,364 - DEBUG - end state. edges=[]
2026-02-19 07:18:43,364 - DEBUG - -------------------------Prune PHIs-------------------------
2026-02-19 07:18:43,365 - DEBUG - Used_phis: defaultdict(<class 'set'>,
            {State(pc_initial=0 nstack_initial=0): set(),
             State(pc_initial=244 nstack_initial=0): set(),
             State(pc_initial=250 nstack_initial=0): set()})
2026-02-19 07:18:43,365 - DEBUG - defmap: {}
2026-02-19 07:18:43,365 - DEBUG - phismap: defaultdict(<class 'set'>, {})
2026-02-19 07:18:43,365 - DEBUG - changing phismap: defaultdict(<class 'set'>, {})
2026-02-19 07:18:43,365 - DEBUG - keep phismap: {}
2026-02-19 07:18:43,365 - DEBUG - new_out: defaultdict(<class 'dict'>, {})
2026-02-19 07:18:43,365 - DEBUG - ----------------------DONE Prune PHIs-----------------------
2026-02-19 07:18:43,365 - DEBUG - block_infos State(pc_initial=0 nstack_initial=0):
AdaptBlockInfo(insts=((0, {}), (2, {}), (4, {'res': '$x4.0'}), (6, {'res': '$const6.1.1'}), (8, {'op': '[]', 'lhs': '$x4.0', 'rhs': '$const6.1.1', 'res': '$8binary_op.2'}), (20, {'res': '$x20.3'}), (22, {'res': '$const22.4.1'}), (24, {'op': '[]', 'lhs': '$x20.3', 'rhs': '$const22.4.1', 'res': '$24binary_op.5'}), (36, {'op': '+', 'lhs': '$8binary_op.2', 'rhs': '$24binary_op.5', 'res': '$binop_add36.6'}), (48, {'res': '$const48.7.2'}), (50, {'res': '$x50.8'}), (52, {'res': '$const52.9.0'}), (54, {'op': '[]', 'lhs': '$x50.8', 'rhs': '$const52.9.0', 'res': '$54binary_op.10'}), (66, {'op': '*', 'lhs': '$const48.7.2', 'rhs': '$54binary_op.10', 'res': '$binop_mul66.11'}), (78, {'op': '-', 'lhs': '$binop_add36.6', 'rhs': '$binop_mul66.11', 'res': '$binop_sub78.12'}), (90, {'value': '$binop_sub78.12'}), (92, {'res': '$x92.13'}), (94, {'res': '$const94.14.1'}), (96, {'op': '[]', 'lhs': '$x92.13', 'rhs': '$const94.14.1', 'res': '$96binary_op.15'}), (108, {'res': '$x108.16'}), (110, {'res': '$const110.17.1'}), (112, {'op': '[]', 'lhs': '$x108.16', 'rhs': '$const110.17.1', 'res': '$112binary_op.18'}), (124, {'op': '-', 'lhs': '$96binary_op.15', 'rhs': '$112binary_op.18', 'res': '$binop_sub124.19'}), (136, {'res': '$const136.20.2'}), (138, {'op': '/', 'lhs': '$binop_sub124.19', 'rhs': '$const136.20.2', 'res': '$binop_truediv138.21'}), (150, {'value': '$binop_truediv138.21'}), (152, {'idx': 0, 'res': '$152load_global.22'}), (162, {'item': '$152load_global.22', 'res': '$162load_attr.23'}), (182, {}), (184, {'res': '$b184.25'}), (186, {'func': '$162load_attr.23', 'args': ['$b184.25'], 'kw_names': None, 'res': '$186call.26'}), (194, {'idx': 0, 'res': '$194load_global.27'}), (204, {'item': '$194load_global.27', 'res': '$204load_attr.28'}), (224, {}), (226, {'res': '$a226.30'}), (228, {'func': '$204load_attr.28', 'args': ['$a226.30'], 'kw_names': None, 'res': '$228call.31'}), (236, {'lhs': '$186call.26', 'rhs': '$228call.31', 'res': '$236compare_op.32'}), (240, {'pred': '$236compare_op.32'})), outgoing_phis={}, blockstack=(), active_try_block=None, outgoing_edgepushed={244: (), 250: ()})
2026-02-19 07:18:43,365 - DEBUG - block_infos State(pc_initial=244 nstack_initial=0):
AdaptBlockInfo(insts=((244, {}), (246, {'res': '$const246.0.0'}), (248, {'retval': '$const246.0.0', 'castval': '$248return_value.1'})), outgoing_phis={}, blockstack=(), active_try_block=None, outgoing_edgepushed={})
2026-02-19 07:18:43,365 - DEBUG - block_infos State(pc_initial=250 nstack_initial=0):
AdaptBlockInfo(insts=((250, {'res': '$b250.0'}), (252, {'value': '$b250.0', 'res': '$252unary_negative.1'}), (254, {'res': '$a254.2'}), (256, {'op': '/', 'lhs': '$252unary_negative.1', 'rhs': '$a254.2', 'res': '$binop_truediv256.3'}), (268, {'retval': '$binop_truediv256.3', 'castval': '$268return_value.4'})), outgoing_phis={}, blockstack=(), active_try_block=None, outgoing_edgepushed={})
2026-02-19 07:18:43,366 - DEBUG - label 0:
    x = arg(0, name=x)                       ['x']
    $const6.1.1 = const(int, 1)              ['$const6.1.1']
    $8binary_op.2 = getitem(value=x, index=$const6.1.1, fn=<built-in function getitem>) ['$8binary_op.2', '$const6.1.1', 'x']
    $const22.4.1 = const(int, -1)            ['$const22.4.1']
    $24binary_op.5 = getitem(value=x, index=$const22.4.1, fn=<built-in function getitem>) ['$24binary_op.5', '$const22.4.1', 'x']
    $binop_add36.6 = $8binary_op.2 + $24binary_op.5 ['$24binary_op.5', '$8binary_op.2', '$binop_add36.6']
    $const48.7.2 = const(int, 2)             ['$const48.7.2']
    $const52.9.0 = const(int, 0)             ['$const52.9.0']
    $54binary_op.10 = getitem(value=x, index=$const52.9.0, fn=<built-in function getitem>) ['$54binary_op.10', '$const52.9.0', 'x']
    $binop_mul66.11 = $const48.7.2 * $54binary_op.10 ['$54binary_op.10', '$binop_mul66.11', '$const48.7.2']
    a = $binop_add36.6 - $binop_mul66.11     ['$binop_add36.6', '$binop_mul66.11', 'a']
    $const94.14.1 = const(int, 1)            ['$const94.14.1']
    $96binary_op.15 = getitem(value=x, index=$const94.14.1, fn=<built-in function getitem>) ['$96binary_op.15', '$const94.14.1', 'x']
    $const110.17.1 = const(int, -1)          ['$const110.17.1']
    $112binary_op.18 = getitem(value=x, index=$const110.17.1, fn=<built-in function getitem>) ['$112binary_op.18', '$const110.17.1', 'x']
    $binop_sub124.19 = $96binary_op.15 - $112binary_op.18 ['$112binary_op.18', '$96binary_op.15', '$binop_sub124.19']
    $const136.20.2 = const(int, 2)           ['$const136.20.2']
    b = $binop_sub124.19 / $const136.20.2    ['$binop_sub124.19', '$const136.20.2', 'b']
    $152load_global.22 = global(np: <module 'numpy' from 'C:\\Users\\WINDOWS\\Desktop\\ai_stress_detector\\venv\\Lib\\site-packages\\numpy\\__init__.py'>) ['$152load_global.22']
    $162load_attr.23 = getattr(value=$152load_global.22, attr=abs) ['$152load_global.22', '$162load_attr.23']
    $186call.26 = call $162load_attr.23(b, func=$162load_attr.23, args=[Var(b, pitch.py:420)], kws=(), vararg=None, varkwarg=None, target=None) ['$162load_attr.23', '$186call.26', 'b']
    $194load_global.27 = global(np: <module 'numpy' from 'C:\\Users\\WINDOWS\\Desktop\\ai_stress_detector\\venv\\Lib\\site-packages\\numpy\\__init__.py'>) ['$194load_global.27']
    $204load_attr.28 = getattr(value=$194load_global.27, attr=abs) ['$194load_global.27', '$204load_attr.28']
    $228call.31 = call $204load_attr.28(a, func=$204load_attr.28, args=[Var(a, pitch.py:419)], kws=(), vararg=None, varkwarg=None, target=None) ['$204load_attr.28', '$228call.31', 'a']
    $236compare_op.32 = $186call.26 >= $228call.31 ['$186call.26', '$228call.31', '$236compare_op.32']
    $bool240 = global(bool: <class 'bool'>)  ['$bool240']
    $240pred = call $bool240($236compare_op.32, func=$bool240, args=(Var($236compare_op.32, pitch.py:422),), kws=(), vararg=None, varkwarg=None, target=None) ['$236compare_op.32', '$240pred', '$bool240']
    branch $240pred, 244, 250                ['$240pred']
label 244:
    $const246.0.0 = const(int, 0)            ['$const246.0.0']
    $248return_value.1 = cast(value=$const246.0.0) ['$248return_value.1', '$const246.0.0']
    return $248return_value.1                ['$248return_value.1']
label 250:
    $252unary_negative.1 = unary(fn=<built-in function neg>, value=b) ['$252unary_negative.1', 'b']
    $binop_truediv256.3 = $252unary_negative.1 / a ['$252unary_negative.1', '$binop_truediv256.3', 'a']
    $268return_value.4 = cast(value=$binop_truediv256.3) ['$268return_value.4', '$binop_truediv256.3']
    return $268return_value.4                ['$268return_value.4']

2026-02-19 07:18:48,276 - INFO -  * Detected change in 'C:\\Program Files\\Python314\\Lib\\json\\__init__.py', reloading
2026-02-19 07:18:48,782 - INFO -  * Restarting with watchdog (windowsapi)
2026-02-19 07:18:48,888 - INFO - Server script started
2026-02-19 07:18:50,467 - WARNING -  * Debugger is active!
2026-02-19 07:18:50,470 - INFO -  * Debugger PIN: 179-709-766
2026-02-19 07:19:49,111 - DEBUG - bytecode dump:
>          0	NOP(arg=None, lineno=1137)
           2	RESUME(arg=0, lineno=1137)
           4	LOAD_FAST_BORROW(arg=0, lineno=1140)
           6	LOAD_SMALL_INT(arg=0, lineno=1140)
           8	BINARY_OP(arg=26, lineno=1140)
          20	STORE_FAST(arg=3, lineno=1140)
          22	LOAD_FAST_BORROW(arg=1, lineno=1141)
          24	UNARY_NEGATIVE(arg=None, lineno=1141)
          26	LOAD_FAST(arg=3, lineno=1141)
          28	SWAP(arg=2, lineno=1141)
          30	COPY(arg=2, lineno=1141)
          32	COMPARE_OP(arg=58, lineno=1141)
          36	POP_JUMP_IF_FALSE(arg=8, lineno=1141)
          40	NOT_TAKEN(arg=None, lineno=1141)
          42	LOAD_FAST_BORROW(arg=1, lineno=1141)
          44	COMPARE_OP(arg=58, lineno=1141)
          48	POP_JUMP_IF_FALSE(arg=6, lineno=1141)
          52	NOT_TAKEN(arg=None, lineno=1141)
          54	JUMP_FORWARD(arg=2, lineno=1141)
>         56	POP_TOP(arg=None, lineno=1141)
          58	JUMP_FORWARD(arg=2, lineno=1141)
>         60	LOAD_SMALL_INT(arg=0, lineno=1142)
          62	STORE_FAST(arg=3, lineno=1142)
>         64	LOAD_FAST_BORROW(arg=0, lineno=1144)
          66	LOAD_CONST(arg=1, lineno=1144)
          68	BINARY_OP(arg=26, lineno=1144)
          80	STORE_FAST(arg=4, lineno=1144)
          82	LOAD_FAST_BORROW(arg=1, lineno=1145)
          84	UNARY_NEGATIVE(arg=None, lineno=1145)
          86	LOAD_FAST(arg=4, lineno=1145)
          88	SWAP(arg=2, lineno=1145)
          90	COPY(arg=2, lineno=1145)
          92	COMPARE_OP(arg=58, lineno=1145)
          96	POP_JUMP_IF_FALSE(arg=8, lineno=1145)
         100	NOT_TAKEN(arg=None, lineno=1145)
         102	LOAD_FAST_BORROW(arg=1, lineno=1145)
         104	COMPARE_OP(arg=58, lineno=1145)
         108	POP_JUMP_IF_FALSE(arg=6, lineno=1145)
         112	NOT_TAKEN(arg=None, lineno=1145)
         114	JUMP_FORWARD(arg=2, lineno=1145)
>        116	POP_TOP(arg=None, lineno=1145)
         118	JUMP_FORWARD(arg=2, lineno=1145)
>        120	LOAD_SMALL_INT(arg=0, lineno=1146)
         122	STORE_FAST(arg=4, lineno=1146)
>        124	LOAD_FAST_BORROW(arg=2, lineno=1148)
         126	TO_BOOL(arg=None, lineno=1148)
         134	POP_JUMP_IF_FALSE(arg=46, lineno=1148)
         138	NOT_TAKEN(arg=None, lineno=1148)
         140	LOAD_GLOBAL(arg=0, lineno=1149)
         150	LOAD_ATTR(arg=2, lineno=1149)
         170	PUSH_NULL(arg=None, lineno=1149)
         172	LOAD_FAST_BORROW(arg=3, lineno=1149)
         174	CALL(arg=1, lineno=1149)
         182	LOAD_GLOBAL(arg=0, lineno=1149)
         192	LOAD_ATTR(arg=2, lineno=1149)
         212	PUSH_NULL(arg=None, lineno=1149)
         214	LOAD_FAST_BORROW(arg=4, lineno=1149)
         216	CALL(arg=1, lineno=1149)
         224	COMPARE_OP(arg=103, lineno=1149)
         228	RETURN_VALUE(arg=None, lineno=1149)
>        230	LOAD_GLOBAL(arg=0, lineno=1151)
         240	LOAD_ATTR(arg=4, lineno=1151)
         260	PUSH_NULL(arg=None, lineno=1151)
         262	LOAD_FAST_BORROW(arg=3, lineno=1151)
         264	CALL(arg=1, lineno=1151)
         272	LOAD_GLOBAL(arg=0, lineno=1151)
         282	LOAD_ATTR(arg=4, lineno=1151)
         302	PUSH_NULL(arg=None, lineno=1151)
         304	LOAD_FAST_BORROW(arg=4, lineno=1151)
         306	CALL(arg=1, lineno=1151)
         314	COMPARE_OP(arg=103, lineno=1151)
         318	RETURN_VALUE(arg=None, lineno=1151)
2026-02-19 07:19:49,111 - DEBUG - pending: deque([State(pc_initial=0 nstack_initial=0)])
2026-02-19 07:19:49,118 - DEBUG - stack: []
2026-02-19 07:19:49,119 - DEBUG - state.pc_initial: State(pc_initial=0 nstack_initial=0)
2026-02-19 07:19:49,119 - DEBUG - dispatch pc=0, inst=NOP(arg=None, lineno=1137)
2026-02-19 07:19:49,119 - DEBUG - stack []
2026-02-19 07:19:49,119 - DEBUG - dispatch pc=2, inst=RESUME(arg=0, lineno=1137)
2026-02-19 07:19:49,119 - DEBUG - stack []
2026-02-19 07:19:49,119 - DEBUG - dispatch pc=4, inst=LOAD_FAST_BORROW(arg=0, lineno=1140)
2026-02-19 07:19:49,119 - DEBUG - stack []
2026-02-19 07:19:49,119 - DEBUG - dispatch pc=6, inst=LOAD_SMALL_INT(arg=0, lineno=1140)
2026-02-19 07:19:49,120 - DEBUG - stack ['$x4.0']
2026-02-19 07:19:49,120 - DEBUG - dispatch pc=8, inst=BINARY_OP(arg=26, lineno=1140)
2026-02-19 07:19:49,120 - DEBUG - stack ['$x4.0', '$const6.1.0']
2026-02-19 07:19:49,120 - DEBUG - dispatch pc=20, inst=STORE_FAST(arg=3, lineno=1140)
2026-02-19 07:19:49,120 - DEBUG - stack ['$8binary_op.2']
2026-02-19 07:19:49,120 - DEBUG - dispatch pc=22, inst=LOAD_FAST_BORROW(arg=1, lineno=1141)
2026-02-19 07:19:49,120 - DEBUG - stack []
2026-02-19 07:19:49,120 - DEBUG - dispatch pc=24, inst=UNARY_NEGATIVE(arg=None, lineno=1141)
2026-02-19 07:19:49,120 - DEBUG - stack ['$threshold22.3']
2026-02-19 07:19:49,121 - DEBUG - dispatch pc=26, inst=LOAD_FAST(arg=3, lineno=1141)
2026-02-19 07:19:49,121 - DEBUG - stack ['$24unary_negative.4']
2026-02-19 07:19:49,121 - DEBUG - dispatch pc=28, inst=SWAP(arg=2, lineno=1141)
2026-02-19 07:19:49,121 - DEBUG - stack ['$24unary_negative.4', '$x026.5']
2026-02-19 07:19:49,121 - DEBUG - dispatch pc=30, inst=COPY(arg=2, lineno=1141)
2026-02-19 07:19:49,121 - DEBUG - stack ['$x026.5', '$24unary_negative.4']
2026-02-19 07:19:49,121 - DEBUG - dispatch pc=32, inst=COMPARE_OP(arg=58, lineno=1141)
2026-02-19 07:19:49,121 - DEBUG - stack ['$x026.5', '$24unary_negative.4', '$x026.5']
2026-02-19 07:19:49,121 - DEBUG - dispatch pc=36, inst=POP_JUMP_IF_FALSE(arg=8, lineno=1141)
2026-02-19 07:19:49,121 - DEBUG - stack ['$x026.5', '$32compare_op.6']
2026-02-19 07:19:49,121 - DEBUG - end state. edges=[Edge(pc=40, stack=('$x026.5',), blockstack=(), npush=0), Edge(pc=56, stack=('$x026.5',), blockstack=(), npush=0)]
2026-02-19 07:19:49,121 - DEBUG - pending: deque([State(pc_initial=40 nstack_initial=1), State(pc_initial=56 nstack_initial=1)])
2026-02-19 07:19:49,121 - DEBUG - stack: ['$phi40.0']
2026-02-19 07:19:49,121 - DEBUG - state.pc_initial: State(pc_initial=40 nstack_initial=1)
2026-02-19 07:19:49,121 - DEBUG - dispatch pc=40, inst=NOT_TAKEN(arg=None, lineno=1141)
2026-02-19 07:19:49,121 - DEBUG - stack ['$phi40.0']
2026-02-19 07:19:49,121 - DEBUG - dispatch pc=42, inst=LOAD_FAST_BORROW(arg=1, lineno=1141)
2026-02-19 07:19:49,121 - DEBUG - stack ['$phi40.0']
2026-02-19 07:19:49,121 - DEBUG - dispatch pc=44, inst=COMPARE_OP(arg=58, lineno=1141)
2026-02-19 07:19:49,121 - DEBUG - stack ['$phi40.0', '$threshold42.1']
2026-02-19 07:19:49,121 - DEBUG - dispatch pc=48, inst=POP_JUMP_IF_FALSE(arg=6, lineno=1141)
2026-02-19 07:19:49,121 - DEBUG - stack ['$44compare_op.2']
2026-02-19 07:19:49,121 - DEBUG - end state. edges=[Edge(pc=52, stack=(), blockstack=(), npush=0), Edge(pc=64, stack=(), blockstack=(), npush=0)]
2026-02-19 07:19:49,122 - DEBUG - pending: deque([State(pc_initial=56 nstack_initial=1), State(pc_initial=52 nstack_initial=0), State(pc_initial=64 nstack_initial=0)])
2026-02-19 07:19:49,122 - DEBUG - stack: ['$phi56.0']
2026-02-19 07:19:49,122 - DEBUG - state.pc_initial: State(pc_initial=56 nstack_initial=1)
2026-02-19 07:19:49,122 - DEBUG - dispatch pc=56, inst=POP_TOP(arg=None, lineno=1141)
2026-02-19 07:19:49,122 - DEBUG - stack ['$phi56.0']
2026-02-19 07:19:49,122 - DEBUG - dispatch pc=58, inst=JUMP_FORWARD(arg=2, lineno=1141)
2026-02-19 07:19:49,122 - DEBUG - stack []
2026-02-19 07:19:49,122 - DEBUG - end state. edges=[Edge(pc=64, stack=(), blockstack=(), npush=0)]
2026-02-19 07:19:49,122 - DEBUG - pending: deque([State(pc_initial=52 nstack_initial=0), State(pc_initial=64 nstack_initial=0), State(pc_initial=64 nstack_initial=0)])
2026-02-19 07:19:49,122 - DEBUG - stack: []
2026-02-19 07:19:49,122 - DEBUG - state.pc_initial: State(pc_initial=52 nstack_initial=0)
2026-02-19 07:19:49,122 - DEBUG - dispatch pc=52, inst=NOT_TAKEN(arg=None, lineno=1141)
2026-02-19 07:19:49,122 - DEBUG - stack []
2026-02-19 07:19:49,122 - DEBUG - dispatch pc=54, inst=JUMP_FORWARD(arg=2, lineno=1141)
2026-02-19 07:19:49,122 - DEBUG - stack []
2026-02-19 07:19:49,122 - DEBUG - end state. edges=[Edge(pc=60, stack=(), blockstack=(), npush=0)]
2026-02-19 07:19:49,122 - DEBUG - pending: deque([State(pc_initial=64 nstack_initial=0), State(pc_initial=64 nstack_initial=0), State(pc_initial=60 nstack_initial=0)])
2026-02-19 07:19:49,122 - DEBUG - stack: []
2026-02-19 07:19:49,122 - DEBUG - state.pc_initial: State(pc_initial=64 nstack_initial=0)
2026-02-19 07:19:49,122 - DEBUG - dispatch pc=64, inst=LOAD_FAST_BORROW(arg=0, lineno=1144)
2026-02-19 07:19:49,122 - DEBUG - stack []
2026-02-19 07:19:49,122 - DEBUG - dispatch pc=66, inst=LOAD_CONST(arg=1, lineno=1144)
2026-02-19 07:19:49,122 - DEBUG - stack ['$x64.0']
2026-02-19 07:19:49,123 - DEBUG - dispatch pc=68, inst=BINARY_OP(arg=26, lineno=1144)
2026-02-19 07:19:49,123 - DEBUG - stack ['$x64.0', '$const66.1.1']
2026-02-19 07:19:49,123 - DEBUG - dispatch pc=80, inst=STORE_FAST(arg=4, lineno=1144)
2026-02-19 07:19:49,123 - DEBUG - stack ['$68binary_op.2']
2026-02-19 07:19:49,123 - DEBUG - dispatch pc=82, inst=LOAD_FAST_BORROW(arg=1, lineno=1145)
2026-02-19 07:19:49,123 - DEBUG - stack []
2026-02-19 07:19:49,123 - DEBUG - dispatch pc=84, inst=UNARY_NEGATIVE(arg=None, lineno=1145)
2026-02-19 07:19:49,123 - DEBUG - stack ['$threshold82.3']
2026-02-19 07:19:49,123 - DEBUG - dispatch pc=86, inst=LOAD_FAST(arg=4, lineno=1145)
2026-02-19 07:19:49,123 - DEBUG - stack ['$84unary_negative.4']
2026-02-19 07:19:49,123 - DEBUG - dispatch pc=88, inst=SWAP(arg=2, lineno=1145)
2026-02-19 07:19:49,123 - DEBUG - stack ['$84unary_negative.4', '$x186.5']
2026-02-19 07:19:49,123 - DEBUG - dispatch pc=90, inst=COPY(arg=2, lineno=1145)
2026-02-19 07:19:49,123 - DEBUG - stack ['$x186.5', '$84unary_negative.4']
2026-02-19 07:19:49,123 - DEBUG - dispatch pc=92, inst=COMPARE_OP(arg=58, lineno=1145)
2026-02-19 07:19:49,123 - DEBUG - stack ['$x186.5', '$84unary_negative.4', '$x186.5']
2026-02-19 07:19:49,123 - DEBUG - dispatch pc=96, inst=POP_JUMP_IF_FALSE(arg=8, lineno=1145)
2026-02-19 07:19:49,123 - DEBUG - stack ['$x186.5', '$92compare_op.6']
2026-02-19 07:19:49,123 - DEBUG - end state. edges=[Edge(pc=100, stack=('$x186.5',), blockstack=(), npush=0), Edge(pc=116, stack=('$x186.5',), blockstack=(), npush=0)]
2026-02-19 07:19:49,123 - DEBUG - pending: deque([State(pc_initial=64 nstack_initial=0), State(pc_initial=60 nstack_initial=0), State(pc_initial=100 nstack_initial=1), State(pc_initial=116 nstack_initial=1)])
2026-02-19 07:19:49,123 - DEBUG - pending: deque([State(pc_initial=60 nstack_initial=0), State(pc_initial=100 nstack_initial=1), State(pc_initial=116 nstack_initial=1)])
2026-02-19 07:19:49,123 - DEBUG - stack: []
2026-02-19 07:19:49,123 - DEBUG - state.pc_initial: State(pc_initial=60 nstack_initial=0)
2026-02-19 07:19:49,123 - DEBUG - dispatch pc=60, inst=LOAD_SMALL_INT(arg=0, lineno=1142)
2026-02-19 07:19:49,123 - DEBUG - stack []
2026-02-19 07:19:49,124 - DEBUG - dispatch pc=62, inst=STORE_FAST(arg=3, lineno=1142)
2026-02-19 07:19:49,124 - DEBUG - stack ['$const60.0.0']
2026-02-19 07:19:49,124 - DEBUG - end state. edges=[Edge(pc=64, stack=(), blockstack=(), npush=0)]
2026-02-19 07:19:49,124 - DEBUG - pending: deque([State(pc_initial=100 nstack_initial=1), State(pc_initial=116 nstack_initial=1), State(pc_initial=64 nstack_initial=0)])
2026-02-19 07:19:49,124 - DEBUG - stack: ['$phi100.0']
2026-02-19 07:19:49,124 - DEBUG - state.pc_initial: State(pc_initial=100 nstack_initial=1)
2026-02-19 07:19:49,124 - DEBUG - dispatch pc=100, inst=NOT_TAKEN(arg=None, lineno=1145)
2026-02-19 07:19:49,124 - DEBUG - stack ['$phi100.0']
2026-02-19 07:19:49,124 - DEBUG - dispatch pc=102, inst=LOAD_FAST_BORROW(arg=1, lineno=1145)
2026-02-19 07:19:49,124 - DEBUG - stack ['$phi100.0']
2026-02-19 07:19:49,124 - DEBUG - dispatch pc=104, inst=COMPARE_OP(arg=58, lineno=1145)
2026-02-19 07:19:49,124 - DEBUG - stack ['$phi100.0', '$threshold102.1']
2026-02-19 07:19:49,124 - DEBUG - dispatch pc=108, inst=POP_JUMP_IF_FALSE(arg=6, lineno=1145)
2026-02-19 07:19:49,124 - DEBUG - stack ['$104compare_op.2']
2026-02-19 07:19:49,124 - DEBUG - end state. edges=[Edge(pc=112, stack=(), blockstack=(), npush=0), Edge(pc=124, stack=(), blockstack=(), npush=0)]
2026-02-19 07:19:49,124 - DEBUG - pending: deque([State(pc_initial=116 nstack_initial=1), State(pc_initial=64 nstack_initial=0), State(pc_initial=112 nstack_initial=0), State(pc_initial=124 nstack_initial=0)])
2026-02-19 07:19:49,124 - DEBUG - stack: ['$phi116.0']
2026-02-19 07:19:49,124 - DEBUG - state.pc_initial: State(pc_initial=116 nstack_initial=1)
2026-02-19 07:19:49,124 - DEBUG - dispatch pc=116, inst=POP_TOP(arg=None, lineno=1145)
2026-02-19 07:19:49,124 - DEBUG - stack ['$phi116.0']
2026-02-19 07:19:49,124 - DEBUG - dispatch pc=118, inst=JUMP_FORWARD(arg=2, lineno=1145)
2026-02-19 07:19:49,124 - DEBUG - stack []
2026-02-19 07:19:49,124 - DEBUG - end state. edges=[Edge(pc=124, stack=(), blockstack=(), npush=0)]
2026-02-19 07:19:49,125 - DEBUG - pending: deque([State(pc_initial=64 nstack_initial=0), State(pc_initial=112 nstack_initial=0), State(pc_initial=124 nstack_initial=0), State(pc_initial=124 nstack_initial=0)])
2026-02-19 07:19:49,125 - DEBUG - pending: deque([State(pc_initial=112 nstack_initial=0), State(pc_initial=124 nstack_initial=0), State(pc_initial=124 nstack_initial=0)])
2026-02-19 07:19:49,125 - DEBUG - stack: []
2026-02-19 07:19:49,125 - DEBUG - state.pc_initial: State(pc_initial=112 nstack_initial=0)
2026-02-19 07:19:49,125 - DEBUG - dispatch pc=112, inst=NOT_TAKEN(arg=None, lineno=1145)
2026-02-19 07:19:49,125 - DEBUG - stack []
2026-02-19 07:19:49,125 - DEBUG - dispatch pc=114, inst=JUMP_FORWARD(arg=2, lineno=1145)
2026-02-19 07:19:49,125 - DEBUG - stack []
2026-02-19 07:19:49,125 - DEBUG - end state. edges=[Edge(pc=120, stack=(), blockstack=(), npush=0)]
2026-02-19 07:19:49,125 - DEBUG - pending: deque([State(pc_initial=124 nstack_initial=0), State(pc_initial=124 nstack_initial=0), State(pc_initial=120 nstack_initial=0)])
2026-02-19 07:19:49,125 - DEBUG - stack: []
2026-02-19 07:19:49,125 - DEBUG - state.pc_initial: State(pc_initial=124 nstack_initial=0)
2026-02-19 07:19:49,125 - DEBUG - dispatch pc=124, inst=LOAD_FAST_BORROW(arg=2, lineno=1148)
2026-02-19 07:19:49,125 - DEBUG - stack []
2026-02-19 07:19:49,125 - DEBUG - dispatch pc=126, inst=TO_BOOL(arg=None, lineno=1148)
2026-02-19 07:19:49,125 - DEBUG - stack ['$zero_pos124.0']
2026-02-19 07:19:49,125 - DEBUG - dispatch pc=134, inst=POP_JUMP_IF_FALSE(arg=46, lineno=1148)
2026-02-19 07:19:49,125 - DEBUG - stack ['$126to_bool.1']
2026-02-19 07:19:49,125 - DEBUG - end state. edges=[Edge(pc=138, stack=(), blockstack=(), npush=0), Edge(pc=230, stack=(), blockstack=(), npush=0)]
2026-02-19 07:19:49,125 - DEBUG - pending: deque([State(pc_initial=124 nstack_initial=0), State(pc_initial=120 nstack_initial=0), State(pc_initial=138 nstack_initial=0), State(pc_initial=230 nstack_initial=0)])
2026-02-19 07:19:49,125 - DEBUG - pending: deque([State(pc_initial=120 nstack_initial=0), State(pc_initial=138 nstack_initial=0), State(pc_initial=230 nstack_initial=0)])
2026-02-19 07:19:49,125 - DEBUG - stack: []
2026-02-19 07:19:49,125 - DEBUG - state.pc_initial: State(pc_initial=120 nstack_initial=0)
2026-02-19 07:19:49,125 - DEBUG - dispatch pc=120, inst=LOAD_SMALL_INT(arg=0, lineno=1146)
2026-02-19 07:19:49,125 - DEBUG - stack []
2026-02-19 07:19:49,125 - DEBUG - dispatch pc=122, inst=STORE_FAST(arg=4, lineno=1146)
2026-02-19 07:19:49,126 - DEBUG - stack ['$const120.0.0']
2026-02-19 07:19:49,126 - DEBUG - end state. edges=[Edge(pc=124, stack=(), blockstack=(), npush=0)]
2026-02-19 07:19:49,126 - DEBUG - pending: deque([State(pc_initial=138 nstack_initial=0), State(pc_initial=230 nstack_initial=0), State(pc_initial=124 nstack_initial=0)])
2026-02-19 07:19:49,126 - DEBUG - stack: []
2026-02-19 07:19:49,126 - DEBUG - state.pc_initial: State(pc_initial=138 nstack_initial=0)
2026-02-19 07:19:49,126 - DEBUG - dispatch pc=138, inst=NOT_TAKEN(arg=None, lineno=1148)
2026-02-19 07:19:49,126 - DEBUG - stack []
2026-02-19 07:19:49,126 - DEBUG - dispatch pc=140, inst=LOAD_GLOBAL(arg=0, lineno=1149)
2026-02-19 07:19:49,126 - DEBUG - stack []
2026-02-19 07:19:49,126 - DEBUG - dispatch pc=150, inst=LOAD_ATTR(arg=2, lineno=1149)
2026-02-19 07:19:49,126 - DEBUG - stack ['$140load_global.0']
2026-02-19 07:19:49,126 - DEBUG - dispatch pc=170, inst=PUSH_NULL(arg=None, lineno=1149)
2026-02-19 07:19:49,126 - DEBUG - stack ['$150load_attr.1']
2026-02-19 07:19:49,126 - DEBUG - dispatch pc=172, inst=LOAD_FAST_BORROW(arg=3, lineno=1149)
2026-02-19 07:19:49,126 - DEBUG - stack ['$150load_attr.1', '$null$170.2']
2026-02-19 07:19:49,126 - DEBUG - dispatch pc=174, inst=CALL(arg=1, lineno=1149)
2026-02-19 07:19:49,126 - DEBUG - stack ['$150load_attr.1', '$null$170.2', '$x0172.3']
2026-02-19 07:19:49,126 - DEBUG - dispatch pc=182, inst=LOAD_GLOBAL(arg=0, lineno=1149)
2026-02-19 07:19:49,126 - DEBUG - stack ['$174call.4']
2026-02-19 07:19:49,126 - DEBUG - dispatch pc=192, inst=LOAD_ATTR(arg=2, lineno=1149)
2026-02-19 07:19:49,126 - DEBUG - stack ['$174call.4', '$182load_global.5']
2026-02-19 07:19:49,127 - DEBUG - dispatch pc=212, inst=PUSH_NULL(arg=None, lineno=1149)
2026-02-19 07:19:49,127 - DEBUG - stack ['$174call.4', '$192load_attr.6']
2026-02-19 07:19:49,127 - DEBUG - dispatch pc=214, inst=LOAD_FAST_BORROW(arg=4, lineno=1149)
2026-02-19 07:19:49,127 - DEBUG - stack ['$174call.4', '$192load_attr.6', '$null$212.7']
2026-02-19 07:19:49,127 - DEBUG - dispatch pc=216, inst=CALL(arg=1, lineno=1149)
2026-02-19 07:19:49,127 - DEBUG - stack ['$174call.4', '$192load_attr.6', '$null$212.7', '$x1214.8']
2026-02-19 07:19:49,127 - DEBUG - dispatch pc=224, inst=COMPARE_OP(arg=103, lineno=1149)
2026-02-19 07:19:49,127 - DEBUG - stack ['$174call.4', '$216call.9']
2026-02-19 07:19:49,127 - DEBUG - dispatch pc=228, inst=RETURN_VALUE(arg=None, lineno=1149)
2026-02-19 07:19:49,127 - DEBUG - stack ['$224compare_op.10']
2026-02-19 07:19:49,127 - DEBUG - end state. edges=[]
2026-02-19 07:19:49,127 - DEBUG - pending: deque([State(pc_initial=230 nstack_initial=0), State(pc_initial=124 nstack_initial=0)])
2026-02-19 07:19:49,127 - DEBUG - stack: []
2026-02-19 07:19:49,127 - DEBUG - state.pc_initial: State(pc_initial=230 nstack_initial=0)
2026-02-19 07:19:49,127 - DEBUG - dispatch pc=230, inst=LOAD_GLOBAL(arg=0, lineno=1151)
2026-02-19 07:19:49,127 - DEBUG - stack []
2026-02-19 07:19:49,127 - DEBUG - dispatch pc=240, inst=LOAD_ATTR(arg=4, lineno=1151)
2026-02-19 07:19:49,127 - DEBUG - stack ['$230load_global.0']
2026-02-19 07:19:49,128 - DEBUG - dispatch pc=260, inst=PUSH_NULL(arg=None, lineno=1151)
2026-02-19 07:19:49,128 - DEBUG - stack ['$240load_attr.1']
2026-02-19 07:19:49,128 - DEBUG - dispatch pc=262, inst=LOAD_FAST_BORROW(arg=3, lineno=1151)
2026-02-19 07:19:49,128 - DEBUG - stack ['$240load_attr.1', '$null$260.2']
2026-02-19 07:19:49,128 - DEBUG - dispatch pc=264, inst=CALL(arg=1, lineno=1151)
2026-02-19 07:19:49,128 - DEBUG - stack ['$240load_attr.1', '$null$260.2', '$x0262.3']
2026-02-19 07:19:49,128 - DEBUG - dispatch pc=272, inst=LOAD_GLOBAL(arg=0, lineno=1151)
2026-02-19 07:19:49,128 - DEBUG - stack ['$264call.4']
2026-02-19 07:19:49,128 - DEBUG - dispatch pc=282, inst=LOAD_ATTR(arg=4, lineno=1151)
2026-02-19 07:19:49,128 - DEBUG - stack ['$264call.4', '$272load_global.5']
2026-02-19 07:19:49,128 - DEBUG - dispatch pc=302, inst=PUSH_NULL(arg=None, lineno=1151)
2026-02-19 07:19:49,128 - DEBUG - stack ['$264call.4', '$282load_attr.6']
2026-02-19 07:19:49,128 - DEBUG - dispatch pc=304, inst=LOAD_FAST_BORROW(arg=4, lineno=1151)
2026-02-19 07:19:49,128 - DEBUG - stack ['$264call.4', '$282load_attr.6', '$null$302.7']
2026-02-19 07:19:49,128 - DEBUG - dispatch pc=306, inst=CALL(arg=1, lineno=1151)
2026-02-19 07:19:49,128 - DEBUG - stack ['$264call.4', '$282load_attr.6', '$null$302.7', '$x1304.8']
2026-02-19 07:19:49,128 - DEBUG - dispatch pc=314, inst=COMPARE_OP(arg=103, lineno=1151)
2026-02-19 07:19:49,128 - DEBUG - stack ['$264call.4', '$306call.9']
2026-02-19 07:19:49,129 - DEBUG - dispatch pc=318, inst=RETURN_VALUE(arg=None, lineno=1151)
2026-02-19 07:19:49,129 - DEBUG - stack ['$314compare_op.10']
2026-02-19 07:19:49,129 - DEBUG - end state. edges=[]
2026-02-19 07:19:49,129 - DEBUG - pending: deque([State(pc_initial=124 nstack_initial=0)])
2026-02-19 07:19:49,129 - DEBUG - -------------------------Prune PHIs-------------------------
2026-02-19 07:19:49,129 - DEBUG - Used_phis: defaultdict(<class 'set'>,
            {State(pc_initial=0 nstack_initial=0): set(),
             State(pc_initial=40 nstack_initial=1): {'$phi40.0'},
             State(pc_initial=52 nstack_initial=0): set(),
             State(pc_initial=56 nstack_initial=1): set(),
             State(pc_initial=60 nstack_initial=0): set(),
             State(pc_initial=64 nstack_initial=0): set(),
             State(pc_initial=100 nstack_initial=1): {'$phi100.0'},
             State(pc_initial=112 nstack_initial=0): set(),
             State(pc_initial=116 nstack_initial=1): set(),
             State(pc_initial=120 nstack_initial=0): set(),
             State(pc_initial=124 nstack_initial=0): set(),
             State(pc_initial=138 nstack_initial=0): set(),
             State(pc_initial=230 nstack_initial=0): set()})
2026-02-19 07:19:49,129 - DEBUG - defmap: {'$phi100.0': State(pc_initial=64 nstack_initial=0),
 '$phi116.0': State(pc_initial=64 nstack_initial=0),
 '$phi40.0': State(pc_initial=0 nstack_initial=0),
 '$phi56.0': State(pc_initial=0 nstack_initial=0)}
2026-02-19 07:19:49,129 - DEBUG - phismap: defaultdict(<class 'set'>,
            {'$phi100.0': {('$x186.5', State(pc_initial=64 nstack_initial=0))},
             '$phi116.0': {('$x186.5', State(pc_initial=64 nstack_initial=0))},
             '$phi40.0': {('$x026.5', State(pc_initial=0 nstack_initial=0))},
             '$phi56.0': {('$x026.5', State(pc_initial=0 nstack_initial=0))}})
2026-02-19 07:19:49,130 - DEBUG - changing phismap: defaultdict(<class 'set'>,
            {'$phi100.0': {('$x186.5', State(pc_initial=64 nstack_initial=0))},
             '$phi116.0': {('$x186.5', State(pc_initial=64 nstack_initial=0))},
             '$phi40.0': {('$x026.5', State(pc_initial=0 nstack_initial=0))},
             '$phi56.0': {('$x026.5', State(pc_initial=0 nstack_initial=0))}})
2026-02-19 07:19:49,130 - DEBUG - keep phismap: {'$phi100.0': {('$x186.5', State(pc_initial=64 nstack_initial=0))},
 '$phi40.0': {('$x026.5', State(pc_initial=0 nstack_initial=0))}}
2026-02-19 07:19:49,130 - DEBUG - new_out: defaultdict(<class 'dict'>,
            {State(pc_initial=0 nstack_initial=0): {'$phi40.0': '$x026.5'},
             State(pc_initial=64 nstack_initial=0): {'$phi100.0': '$x186.5'}})
2026-02-19 07:19:49,130 - DEBUG - ----------------------DONE Prune PHIs-----------------------
2026-02-19 07:19:49,130 - DEBUG - block_infos State(pc_initial=0 nstack_initial=0):
AdaptBlockInfo(insts=((0, {}), (2, {}), (4, {'res': '$x4.0'}), (6, {'res': '$const6.1.0'}), (8, {'op': '[]', 'lhs': '$x4.0', 'rhs': '$const6.1.0', 'res': '$8binary_op.2'}), (20, {'value': '$8binary_op.2'}), (22, {'res': '$threshold22.3'}), (24, {'value': '$threshold22.3', 'res': '$24unary_negative.4'}), (26, {'res': '$x026.5'}), (32, {'lhs': '$24unary_negative.4', 'rhs': '$x026.5', 'res': '$32compare_op.6'}), (36, {'pred': '$32compare_op.6'})), outgoing_phis={'$phi40.0': '$x026.5'}, blockstack=(), active_try_block=None, outgoing_edgepushed={40: ('$x026.5',), 56: ('$x026.5',)})
2026-02-19 07:19:49,130 - DEBUG - block_infos State(pc_initial=40 nstack_initial=1):
AdaptBlockInfo(insts=((40, {}), (42, {'res': '$threshold42.1'}), (44, {'lhs': '$phi40.0', 'rhs': '$threshold42.1', 'res': '$44compare_op.2'}), (48, {'pred': '$44compare_op.2'})), outgoing_phis={}, blockstack=(), active_try_block=None, outgoing_edgepushed={52: (), 64: ()})
2026-02-19 07:19:49,130 - DEBUG - block_infos State(pc_initial=52 nstack_initial=0):
AdaptBlockInfo(insts=((52, {}), (54, {})), outgoing_phis={}, blockstack=(), active_try_block=None, outgoing_edgepushed={60: ()})
2026-02-19 07:19:49,130 - DEBUG - block_infos State(pc_initial=56 nstack_initial=1):
AdaptBlockInfo(insts=((58, {}),), outgoing_phis={}, blockstack=(), active_try_block=None, outgoing_edgepushed={64: ()})
2026-02-19 07:19:49,131 - DEBUG - block_infos State(pc_initial=60 nstack_initial=0):
AdaptBlockInfo(insts=((60, {'res': '$const60.0.0'}), (62, {'value': '$const60.0.0'})), outgoing_phis={}, blockstack=(), active_try_block=None, outgoing_edgepushed={64: ()})
2026-02-19 07:19:49,131 - DEBUG - block_infos State(pc_initial=64 nstack_initial=0):
AdaptBlockInfo(insts=((64, {'res': '$x64.0'}), (66, {'res': '$const66.1.1'}), (68, {'op': '[]', 'lhs': '$x64.0', 'rhs': '$const66.1.1', 'res': '$68binary_op.2'}), (80, {'value': '$68binary_op.2'}), (82, {'res': '$threshold82.3'}), (84, {'value': '$threshold82.3', 'res': '$84unary_negative.4'}), (86, {'res': '$x186.5'}), (92, {'lhs': '$84unary_negative.4', 'rhs': '$x186.5', 'res': '$92compare_op.6'}), (96, {'pred': '$92compare_op.6'})), outgoing_phis={'$phi100.0': '$x186.5'}, blockstack=(), active_try_block=None, outgoing_edgepushed={100: ('$x186.5',), 116: ('$x186.5',)})
2026-02-19 07:19:49,131 - DEBUG - block_infos State(pc_initial=100 nstack_initial=1):
AdaptBlockInfo(insts=((100, {}), (102, {'res': '$threshold102.1'}), (104, {'lhs': '$phi100.0', 'rhs': '$threshold102.1', 'res': '$104compare_op.2'}), (108, {'pred': '$104compare_op.2'})), outgoing_phis={}, blockstack=(), active_try_block=None, outgoing_edgepushed={112: (), 124: ()})
2026-02-19 07:19:49,131 - DEBUG - block_infos State(pc_initial=112 nstack_initial=0):
AdaptBlockInfo(insts=((112, {}), (114, {})), outgoing_phis={}, blockstack=(), active_try_block=None, outgoing_edgepushed={120: ()})
2026-02-19 07:19:49,131 - DEBUG - block_infos State(pc_initial=116 nstack_initial=1):
AdaptBlockInfo(insts=((118, {}),), outgoing_phis={}, blockstack=(), active_try_block=None, outgoing_edgepushed={124: ()})
2026-02-19 07:19:49,131 - DEBUG - block_infos State(pc_initial=120 nstack_initial=0):
AdaptBlockInfo(insts=((120, {'res': '$const120.0.0'}), (122, {'value': '$const120.0.0'})), outgoing_phis={}, blockstack=(), active_try_block=None, outgoing_edgepushed={124: ()})
2026-02-19 07:19:49,131 - DEBUG - block_infos State(pc_initial=124 nstack_initial=0):
AdaptBlockInfo(insts=((124, {'res': '$zero_pos124.0'}), (126, {'val': '$zero_pos124.0', 'res': '$126to_bool.1'}), (134, {'pred': '$126to_bool.1'})), outgoing_phis={}, blockstack=(), active_try_block=None, outgoing_edgepushed={138: (), 230: ()})
2026-02-19 07:19:49,131 - DEBUG - block_infos State(pc_initial=138 nstack_initial=0):
AdaptBlockInfo(insts=((138, {}), (140, {'idx': 0, 'res': '$140load_global.0'}), (150, {'item': '$140load_global.0', 'res': '$150load_attr.1'}), (170, {}), (172, {'res': '$x0172.3'}), (174, {'func': '$150load_attr.1', 'args': ['$x0172.3'], 'kw_names': None, 'res': '$174call.4'}), (182, {'idx': 0, 'res': '$182load_global.5'}), (192, {'item': '$182load_global.5', 'res': '$192load_attr.6'}), (212, {}), (214, {'res': '$x1214.8'}), (216, {'func': '$192load_attr.6', 'args': ['$x1214.8'], 'kw_names': None, 'res': '$216call.9'}), (224, {'lhs': '$174call.4', 'rhs': '$216call.9', 'res': '$224compare_op.10'}), (228, {'retval': '$224compare_op.10', 'castval': '$228return_value.11'})), outgoing_phis={}, blockstack=(), active_try_block=None, outgoing_edgepushed={})
2026-02-19 07:19:49,131 - DEBUG - block_infos State(pc_initial=230 nstack_initial=0):
AdaptBlockInfo(insts=((230, {'idx': 0, 'res': '$230load_global.0'}), (240, {'item': '$230load_global.0', 'res': '$240load_attr.1'}), (260, {}), (262, {'res': '$x0262.3'}), (264, {'func': '$240load_attr.1', 'args': ['$x0262.3'], 'kw_names': None, 'res': '$264call.4'}), (272, {'idx': 0, 'res': '$272load_global.5'}), (282, {'item': '$272load_global.5', 'res': '$282load_attr.6'}), (302, {}), (304, {'res': '$x1304.8'}), (306, {'func': '$282load_attr.6', 'args': ['$x1304.8'], 'kw_names': None, 'res': '$306call.9'}), (314, {'lhs': '$264call.4', 'rhs': '$306call.9', 'res': '$314compare_op.10'}), (318, {'retval': '$314compare_op.10', 'castval': '$318return_value.11'})), outgoing_phis={}, blockstack=(), active_try_block=None, outgoing_edgepushed={})
2026-02-19 07:19:49,133 - DEBUG - label 0:
    x = arg(0, name=x)                       ['x']
    threshold = arg(1, name=threshold)       ['threshold']
    zero_pos = arg(2, name=zero_pos)         ['zero_pos']
    $const6.1.0 = const(int, 0)              ['$const6.1.0']
    x0 = getitem(value=x, index=$const6.1.0, fn=<built-in function getitem>) ['$const6.1.0', 'x', 'x0']
    $24unary_negative.4 = unary(fn=<built-in function neg>, value=threshold) ['$24unary_negative.4', 'threshold']
    $32compare_op.6 = $24unary_negative.4 <= x0 ['$24unary_negative.4', '$32compare_op.6', 'x0']
    $bool36 = global(bool: <class 'bool'>)   ['$bool36']
    $36pred = call $bool36($32compare_op.6, func=$bool36, args=(Var($32compare_op.6, audio.py:1141),), kws=(), vararg=None, varkwarg=None, target=None) ['$32compare_op.6', '$36pred', '$bool36']
    $phi40.0 = x0                            ['$phi40.0', 'x0']
    branch $36pred, 40, 56                   ['$36pred']
label 40:
    $44compare_op.2 = $phi40.0 <= threshold  ['$44compare_op.2', '$phi40.0', 'threshold']
    $bool48 = global(bool: <class 'bool'>)   ['$bool48']
    $48pred = call $bool48($44compare_op.2, func=$bool48, args=(Var($44compare_op.2, audio.py:1141),), kws=(), vararg=None, varkwarg=None, target=None) ['$44compare_op.2', '$48pred', '$bool48']
    branch $48pred, 52, 64                   ['$48pred']
label 52:
    jump 60                                  []
label 56:
    jump 64                                  []
label 60:
    x0 = const(int, 0)                       ['x0']
    jump 64                                  []
label 64:
    $const66.1.1 = const(int, -1)            ['$const66.1.1']
    x1 = getitem(value=x, index=$const66.1.1, fn=<built-in function getitem>) ['$const66.1.1', 'x', 'x1']
    $84unary_negative.4 = unary(fn=<built-in function neg>, value=threshold) ['$84unary_negative.4', 'threshold']
    $92compare_op.6 = $84unary_negative.4 <= x1 ['$84unary_negative.4', '$92compare_op.6', 'x1']
    $bool96 = global(bool: <class 'bool'>)   ['$bool96']
    $96pred = call $bool96($92compare_op.6, func=$bool96, args=(Var($92compare_op.6, audio.py:1145),), kws=(), vararg=None, varkwarg=None, target=None) ['$92compare_op.6', '$96pred', '$bool96']
    $phi100.0 = x1                           ['$phi100.0', 'x1']
    branch $96pred, 100, 116                 ['$96pred']
label 100:
    $104compare_op.2 = $phi100.0 <= threshold ['$104compare_op.2', '$phi100.0', 'threshold']
    $bool108 = global(bool: <class 'bool'>)  ['$bool108']
    $108pred = call $bool108($104compare_op.2, func=$bool108, args=(Var($104compare_op.2, audio.py:1145),), kws=(), vararg=None, varkwarg=None, target=None) ['$104compare_op.2', '$108pred', '$bool108']
    branch $108pred, 112, 124                ['$108pred']
label 112:
    jump 120                                 []
label 116:
    jump 124                                 []
label 120:
    x1 = const(int, 0)                       ['x1']
    jump 124                                 []
label 124:
    $bool134 = global(bool: <class 'bool'>)  ['$bool134']
    $134pred = call $bool134(zero_pos, func=$bool134, args=(Var(zero_pos, audio.py:1137),), kws=(), vararg=None, varkwarg=None, target=None) ['$134pred', '$bool134', 'zero_pos']
    branch $134pred, 138, 230                ['$134pred']
label 138:
    $140load_global.0 = global(np: <module 'numpy' from 'C:\\Users\\WINDOWS\\Desktop\\ai_stress_detector\\venv\\Lib\\site-packages\\numpy\\__init__.py'>) ['$140load_global.0']
    $150load_attr.1 = getattr(value=$140load_global.0, attr=signbit) ['$140load_global.0', '$150load_attr.1']
    $174call.4 = call $150load_attr.1(x0, func=$150load_attr.1, args=[Var(x0, audio.py:1140)], kws=(), vararg=None, varkwarg=None, target=None) ['$150load_attr.1', '$174call.4', 'x0']
    $182load_global.5 = global(np: <module 'numpy' from 'C:\\Users\\WINDOWS\\Desktop\\ai_stress_detector\\venv\\Lib\\site-packages\\numpy\\__init__.py'>) ['$182load_global.5']
    $192load_attr.6 = getattr(value=$182load_global.5, attr=signbit) ['$182load_global.5', '$192load_attr.6']
    $216call.9 = call $192load_attr.6(x1, func=$192load_attr.6, args=[Var(x1, audio.py:1144)], kws=(), vararg=None, varkwarg=None, target=None) ['$192load_attr.6', '$216call.9', 'x1']
    $224compare_op.10 = $174call.4 != $216call.9 ['$174call.4', '$216call.9', '$224compare_op.10']
    $228return_value.11 = cast(value=$224compare_op.10) ['$224compare_op.10', '$228return_value.11']
    return $228return_value.11               ['$228return_value.11']
label 230:
    $230load_global.0 = global(np: <module 'numpy' from 'C:\\Users\\WINDOWS\\Desktop\\ai_stress_detector\\venv\\Lib\\site-packages\\numpy\\__init__.py'>) ['$230load_global.0']
    $240load_attr.1 = getattr(value=$230load_global.0, attr=sign) ['$230load_global.0', '$240load_attr.1']
    $264call.4 = call $240load_attr.1(x0, func=$240load_attr.1, args=[Var(x0, audio.py:1140)], kws=(), vararg=None, varkwarg=None, target=None) ['$240load_attr.1', '$264call.4', 'x0']
    $272load_global.5 = global(np: <module 'numpy' from 'C:\\Users\\WINDOWS\\Desktop\\ai_stress_detector\\venv\\Lib\\site-packages\\numpy\\__init__.py'>) ['$272load_global.5']
    $282load_attr.6 = getattr(value=$272load_global.5, attr=sign) ['$272load_global.5', '$282load_attr.6']
    $306call.9 = call $282load_attr.6(x1, func=$282load_attr.6, args=[Var(x1, audio.py:1144)], kws=(), vararg=None, varkwarg=None, target=None) ['$282load_attr.6', '$306call.9', 'x1']
    $314compare_op.10 = $264call.4 != $306call.9 ['$264call.4', '$306call.9', '$314compare_op.10']
    $318return_value.11 = cast(value=$314compare_op.10) ['$314compare_op.10', '$318return_value.11']
    return $318return_value.11               ['$318return_value.11']

2026-02-19 07:19:49,535 - DEBUG - bytecode dump:
>          0	NOP(arg=None, lineno=1023)
           2	RESUME(arg=0, lineno=1023)
           4	LOAD_FAST_BORROW(arg=0, lineno=1026)
           6	LOAD_SMALL_INT(arg=0, lineno=1026)
           8	BINARY_OP(arg=26, lineno=1026)
          20	LOAD_FAST_BORROW(arg=0, lineno=1026)
          22	LOAD_CONST(arg=1, lineno=1026)
          24	BINARY_OP(arg=26, lineno=1026)
          36	COMPARE_OP(arg=132, lineno=1026)
          40	LOAD_FAST_BORROW(arg=0, lineno=1026)
          42	LOAD_SMALL_INT(arg=0, lineno=1026)
          44	BINARY_OP(arg=26, lineno=1026)
          56	LOAD_FAST_BORROW(arg=0, lineno=1026)
          58	LOAD_SMALL_INT(arg=1, lineno=1026)
          60	BINARY_OP(arg=26, lineno=1026)
          72	COMPARE_OP(arg=172, lineno=1026)
          76	BINARY_OP(arg=1, lineno=1026)
          88	RETURN_VALUE(arg=None, lineno=1026)
2026-02-19 07:19:49,536 - DEBUG - pending: deque([State(pc_initial=0 nstack_initial=0)])
2026-02-19 07:19:49,536 - DEBUG - stack: []
2026-02-19 07:19:49,536 - DEBUG - state.pc_initial: State(pc_initial=0 nstack_initial=0)
2026-02-19 07:19:49,536 - DEBUG - dispatch pc=0, inst=NOP(arg=None, lineno=1023)
2026-02-19 07:19:49,536 - DEBUG - stack []
2026-02-19 07:19:49,536 - DEBUG - dispatch pc=2, inst=RESUME(arg=0, lineno=1023)
2026-02-19 07:19:49,536 - DEBUG - stack []
2026-02-19 07:19:49,536 - DEBUG - dispatch pc=4, inst=LOAD_FAST_BORROW(arg=0, lineno=1026)
2026-02-19 07:19:49,536 - DEBUG - stack []
2026-02-19 07:19:49,536 - DEBUG - dispatch pc=6, inst=LOAD_SMALL_INT(arg=0, lineno=1026)
2026-02-19 07:19:49,536 - DEBUG - stack ['$x4.0']
2026-02-19 07:19:49,536 - DEBUG - dispatch pc=8, inst=BINARY_OP(arg=26, lineno=1026)
2026-02-19 07:19:49,536 - DEBUG - stack ['$x4.0', '$const6.1.0']
2026-02-19 07:19:49,536 - DEBUG - dispatch pc=20, inst=LOAD_FAST_BORROW(arg=0, lineno=1026)
2026-02-19 07:19:49,536 - DEBUG - stack ['$8binary_op.2']
2026-02-19 07:19:49,536 - DEBUG - dispatch pc=22, inst=LOAD_CONST(arg=1, lineno=1026)
2026-02-19 07:19:49,536 - DEBUG - stack ['$8binary_op.2', '$x20.3']
2026-02-19 07:19:49,536 - DEBUG - dispatch pc=24, inst=BINARY_OP(arg=26, lineno=1026)
2026-02-19 07:19:49,536 - DEBUG - stack ['$8binary_op.2', '$x20.3', '$const22.4.1']
2026-02-19 07:19:49,536 - DEBUG - dispatch pc=36, inst=COMPARE_OP(arg=132, lineno=1026)
2026-02-19 07:19:49,536 - DEBUG - stack ['$8binary_op.2', '$24binary_op.5']
2026-02-19 07:19:49,536 - DEBUG - dispatch pc=40, inst=LOAD_FAST_BORROW(arg=0, lineno=1026)
2026-02-19 07:19:49,536 - DEBUG - stack ['$36compare_op.6']
2026-02-19 07:19:49,537 - DEBUG - dispatch pc=42, inst=LOAD_SMALL_INT(arg=0, lineno=1026)
2026-02-19 07:19:49,537 - DEBUG - stack ['$36compare_op.6', '$x40.7']
2026-02-19 07:19:49,537 - DEBUG - dispatch pc=44, inst=BINARY_OP(arg=26, lineno=1026)
2026-02-19 07:19:49,537 - DEBUG - stack ['$36compare_op.6', '$x40.7', '$const42.8.0']
2026-02-19 07:19:49,537 - DEBUG - dispatch pc=56, inst=LOAD_FAST_BORROW(arg=0, lineno=1026)
2026-02-19 07:19:49,537 - DEBUG - stack ['$36compare_op.6', '$44binary_op.9']
2026-02-19 07:19:49,537 - DEBUG - dispatch pc=58, inst=LOAD_SMALL_INT(arg=1, lineno=1026)
2026-02-19 07:19:49,537 - DEBUG - stack ['$36compare_op.6', '$44binary_op.9', '$x56.10']
2026-02-19 07:19:49,537 - DEBUG - dispatch pc=60, inst=BINARY_OP(arg=26, lineno=1026)
2026-02-19 07:19:49,537 - DEBUG - stack ['$36compare_op.6', '$44binary_op.9', '$x56.10', '$const58.11.1']
2026-02-19 07:19:49,537 - DEBUG - dispatch pc=72, inst=COMPARE_OP(arg=172, lineno=1026)
2026-02-19 07:19:49,537 - DEBUG - stack ['$36compare_op.6', '$44binary_op.9', '$60binary_op.12']
2026-02-19 07:19:49,537 - DEBUG - dispatch pc=76, inst=BINARY_OP(arg=1, lineno=1026)
2026-02-19 07:19:49,537 - DEBUG - stack ['$36compare_op.6', '$72compare_op.13']
2026-02-19 07:19:49,537 - DEBUG - dispatch pc=88, inst=RETURN_VALUE(arg=None, lineno=1026)
2026-02-19 07:19:49,537 - DEBUG - stack ['$binop_and_76.14']
2026-02-19 07:19:49,537 - DEBUG - end state. edges=[]
2026-02-19 07:19:49,537 - DEBUG - -------------------------Prune PHIs-------------------------
2026-02-19 07:19:49,537 - DEBUG - Used_phis: defaultdict(<class 'set'>, {State(pc_initial=0 nstack_initial=0): set()})
2026-02-19 07:19:49,537 - DEBUG - defmap: {}
2026-02-19 07:19:49,537 - DEBUG - phismap: defaultdict(<class 'set'>, {})
2026-02-19 07:19:49,537 - DEBUG - changing phismap: defaultdict(<class 'set'>, {})
2026-02-19 07:19:49,537 - DEBUG - keep phismap: {}
2026-02-19 07:19:49,537 - DEBUG - new_out: defaultdict(<class 'dict'>, {})
2026-02-19 07:19:49,537 - DEBUG - ----------------------DONE Prune PHIs-----------------------
2026-02-19 07:19:49,537 - DEBUG - block_infos State(pc_initial=0 nstack_initial=0):
AdaptBlockInfo(insts=((0, {}), (2, {}), (4, {'res': '$x4.0'}), (6, {'res': '$const6.1.0'}), (8, {'op': '[]', 'lhs': '$x4.0', 'rhs': '$const6.1.0', 'res': '$8binary_op.2'}), (20, {'res': '$x20.3'}), (22, {'res': '$const22.4.1'}), (24, {'op': '[]', 'lhs': '$x20.3', 'rhs': '$const22.4.1', 'res': '$24binary_op.5'}), (36, {'lhs': '$8binary_op.2', 'rhs': '$24binary_op.5', 'res': '$36compare_op.6'}), (40, {'res': '$x40.7'}), (42, {'res': '$const42.8.0'}), (44, {'op': '[]', 'lhs': '$x40.7', 'rhs': '$const42.8.0', 'res': '$44binary_op.9'}), (56, {'res': '$x56.10'}), (58, {'res': '$const58.11.1'}), (60, {'op': '[]', 'lhs': '$x56.10', 'rhs': '$const58.11.1', 'res': '$60binary_op.12'}), (72, {'lhs': '$44binary_op.9', 'rhs': '$60binary_op.12', 'res': '$72compare_op.13'}), (76, {'op': '&', 'lhs': '$36compare_op.6', 'rhs': '$72compare_op.13', 'res': '$binop_and_76.14'}), (88, {'retval': '$binop_and_76.14', 'castval': '$88return_value.15'})), outgoing_phis={}, blockstack=(), active_try_block=None, outgoing_edgepushed={})
2026-02-19 07:19:49,538 - DEBUG - label 0:
    x = arg(0, name=x)                       ['x']
    $const6.1.0 = const(int, 0)              ['$const6.1.0']
    $8binary_op.2 = getitem(value=x, index=$const6.1.0, fn=<built-in function getitem>) ['$8binary_op.2', '$const6.1.0', 'x']
    $const22.4.1 = const(int, -1)            ['$const22.4.1']
    $24binary_op.5 = getitem(value=x, index=$const22.4.1, fn=<built-in function getitem>) ['$24binary_op.5', '$const22.4.1', 'x']
    $36compare_op.6 = $8binary_op.2 > $24binary_op.5 ['$24binary_op.5', '$36compare_op.6', '$8binary_op.2']
    $const42.8.0 = const(int, 0)             ['$const42.8.0']
    $44binary_op.9 = getitem(value=x, index=$const42.8.0, fn=<built-in function getitem>) ['$44binary_op.9', '$const42.8.0', 'x']
    $const58.11.1 = const(int, 1)            ['$const58.11.1']
    $60binary_op.12 = getitem(value=x, index=$const58.11.1, fn=<built-in function getitem>) ['$60binary_op.12', '$const58.11.1', 'x']
    $72compare_op.13 = $44binary_op.9 >= $60binary_op.12 ['$44binary_op.9', '$60binary_op.12', '$72compare_op.13']
    $binop_and_76.14 = $36compare_op.6 & $72compare_op.13 ['$36compare_op.6', '$72compare_op.13', '$binop_and_76.14']
    $88return_value.15 = cast(value=$binop_and_76.14) ['$88return_value.15', '$binop_and_76.14']
    return $88return_value.15                ['$88return_value.15']

2026-02-19 07:19:49,540 - DEBUG - bytecode dump:
>          0	NOP(arg=None, lineno=1029)
           2	RESUME(arg=0, lineno=1029)
           4	LOAD_FAST_BORROW(arg=0, lineno=1032)
           6	LOAD_SMALL_INT(arg=0, lineno=1032)
           8	BINARY_OP(arg=26, lineno=1032)
          20	LOAD_FAST_BORROW(arg=0, lineno=1032)
          22	LOAD_CONST(arg=1, lineno=1032)
          24	BINARY_OP(arg=26, lineno=1032)
          36	COMPARE_OP(arg=2, lineno=1032)
          40	LOAD_FAST_BORROW(arg=0, lineno=1032)
          42	LOAD_SMALL_INT(arg=0, lineno=1032)
          44	BINARY_OP(arg=26, lineno=1032)
          56	LOAD_FAST_BORROW(arg=0, lineno=1032)
          58	LOAD_SMALL_INT(arg=1, lineno=1032)
          60	BINARY_OP(arg=26, lineno=1032)
          72	COMPARE_OP(arg=42, lineno=1032)
          76	BINARY_OP(arg=1, lineno=1032)
          88	RETURN_VALUE(arg=None, lineno=1032)
2026-02-19 07:19:49,541 - DEBUG - pending: deque([State(pc_initial=0 nstack_initial=0)])
2026-02-19 07:19:49,541 - DEBUG - stack: []
2026-02-19 07:19:49,541 - DEBUG - state.pc_initial: State(pc_initial=0 nstack_initial=0)
2026-02-19 07:19:49,541 - DEBUG - dispatch pc=0, inst=NOP(arg=None, lineno=1029)
2026-02-19 07:19:49,541 - DEBUG - stack []
2026-02-19 07:19:49,542 - DEBUG - dispatch pc=2, inst=RESUME(arg=0, lineno=1029)
2026-02-19 07:19:49,542 - DEBUG - stack []
2026-02-19 07:19:49,542 - DEBUG - dispatch pc=4, inst=LOAD_FAST_BORROW(arg=0, lineno=1032)
2026-02-19 07:19:49,542 - DEBUG - stack []
2026-02-19 07:19:49,542 - DEBUG - dispatch pc=6, inst=LOAD_SMALL_INT(arg=0, lineno=1032)
2026-02-19 07:19:49,542 - DEBUG - stack ['$x4.0']
2026-02-19 07:19:49,542 - DEBUG - dispatch pc=8, inst=BINARY_OP(arg=26, lineno=1032)
2026-02-19 07:19:49,542 - DEBUG - stack ['$x4.0', '$const6.1.0']
2026-02-19 07:19:49,542 - DEBUG - dispatch pc=20, inst=LOAD_FAST_BORROW(arg=0, lineno=1032)
2026-02-19 07:19:49,542 - DEBUG - stack ['$8binary_op.2']
2026-02-19 07:19:49,542 - DEBUG - dispatch pc=22, inst=LOAD_CONST(arg=1, lineno=1032)
2026-02-19 07:19:49,542 - DEBUG - stack ['$8binary_op.2', '$x20.3']
2026-02-19 07:19:49,543 - DEBUG - dispatch pc=24, inst=BINARY_OP(arg=26, lineno=1032)
2026-02-19 07:19:49,543 - DEBUG - stack ['$8binary_op.2', '$x20.3', '$const22.4.1']
2026-02-19 07:19:49,543 - DEBUG - dispatch pc=36, inst=COMPARE_OP(arg=2, lineno=1032)
2026-02-19 07:19:49,543 - DEBUG - stack ['$8binary_op.2', '$24binary_op.5']
2026-02-19 07:19:49,543 - DEBUG - dispatch pc=40, inst=LOAD_FAST_BORROW(arg=0, lineno=1032)
2026-02-19 07:19:49,543 - DEBUG - stack ['$36compare_op.6']
2026-02-19 07:19:49,543 - DEBUG - dispatch pc=42, inst=LOAD_SMALL_INT(arg=0, lineno=1032)
2026-02-19 07:19:49,543 - DEBUG - stack ['$36compare_op.6', '$x40.7']
2026-02-19 07:19:49,543 - DEBUG - dispatch pc=44, inst=BINARY_OP(arg=26, lineno=1032)
2026-02-19 07:19:49,543 - DEBUG - stack ['$36compare_op.6', '$x40.7', '$const42.8.0']
2026-02-19 07:19:49,543 - DEBUG - dispatch pc=56, inst=LOAD_FAST_BORROW(arg=0, lineno=1032)
2026-02-19 07:19:49,543 - DEBUG - stack ['$36compare_op.6', '$44binary_op.9']
2026-02-19 07:19:49,544 - DEBUG - dispatch pc=58, inst=LOAD_SMALL_INT(arg=1, lineno=1032)
2026-02-19 07:19:49,544 - DEBUG - stack ['$36compare_op.6', '$44binary_op.9', '$x56.10']
2026-02-19 07:19:49,544 - DEBUG - dispatch pc=60, inst=BINARY_OP(arg=26, lineno=1032)
2026-02-19 07:19:49,544 - DEBUG - stack ['$36compare_op.6', '$44binary_op.9', '$x56.10', '$const58.11.1']
2026-02-19 07:19:49,544 - DEBUG - dispatch pc=72, inst=COMPARE_OP(arg=42, lineno=1032)
2026-02-19 07:19:49,544 - DEBUG - stack ['$36compare_op.6', '$44binary_op.9', '$60binary_op.12']
2026-02-19 07:19:49,544 - DEBUG - dispatch pc=76, inst=BINARY_OP(arg=1, lineno=1032)
2026-02-19 07:19:49,544 - DEBUG - stack ['$36compare_op.6', '$72compare_op.13']
2026-02-19 07:19:49,544 - DEBUG - dispatch pc=88, inst=RETURN_VALUE(arg=None, lineno=1032)
2026-02-19 07:19:49,544 - DEBUG - stack ['$binop_and_76.14']
2026-02-19 07:19:49,544 - DEBUG - end state. edges=[]
2026-02-19 07:19:49,545 - DEBUG - -------------------------Prune PHIs-------------------------
2026-02-19 07:19:49,545 - DEBUG - Used_phis: defaultdict(<class 'set'>, {State(pc_initial=0 nstack_initial=0): set()})
2026-02-19 07:19:49,545 - DEBUG - defmap: {}
2026-02-19 07:19:49,545 - DEBUG - phismap: defaultdict(<class 'set'>, {})
2026-02-19 07:19:49,545 - DEBUG - changing phismap: defaultdict(<class 'set'>, {})
2026-02-19 07:19:49,545 - DEBUG - keep phismap: {}
2026-02-19 07:19:49,545 - DEBUG - new_out: defaultdict(<class 'dict'>, {})
2026-02-19 07:19:49,545 - DEBUG - ----------------------DONE Prune PHIs-----------------------
2026-02-19 07:19:49,545 - DEBUG - block_infos State(pc_initial=0 nstack_initial=0):
AdaptBlockInfo(insts=((0, {}), (2, {}), (4, {'res': '$x4.0'}), (6, {'res': '$const6.1.0'}), (8, {'op': '[]', 'lhs': '$x4.0', 'rhs': '$const6.1.0', 'res': '$8binary_op.2'}), (20, {'res': '$x20.3'}), (22, {'res': '$const22.4.1'}), (24, {'op': '[]', 'lhs': '$x20.3', 'rhs': '$const22.4.1', 'res': '$24binary_op.5'}), (36, {'lhs': '$8binary_op.2', 'rhs': '$24binary_op.5', 'res': '$36compare_op.6'}), (40, {'res': '$x40.7'}), (42, {'res': '$const42.8.0'}), (44, {'op': '[]', 'lhs': '$x40.7', 'rhs': '$const42.8.0', 'res': '$44binary_op.9'}), (56, {'res': '$x56.10'}), (58, {'res': '$const58.11.1'}), (60, {'op': '[]', 'lhs': '$x56.10', 'rhs': '$const58.11.1', 'res': '$60binary_op.12'}), (72, {'lhs': '$44binary_op.9', 'rhs': '$60binary_op.12', 'res': '$72compare_op.13'}), (76, {'op': '&', 'lhs': '$36compare_op.6', 'rhs': '$72compare_op.13', 'res': '$binop_and_76.14'}), (88, {'retval': '$binop_and_76.14', 'castval': '$88return_value.15'})), outgoing_phis={}, blockstack=(), active_try_block=None, outgoing_edgepushed={})
2026-02-19 07:19:49,546 - DEBUG - label 0:
    x = arg(0, name=x)                       ['x']
    $const6.1.0 = const(int, 0)              ['$const6.1.0']
    $8binary_op.2 = getitem(value=x, index=$const6.1.0, fn=<built-in function getitem>) ['$8binary_op.2', '$const6.1.0', 'x']
    $const22.4.1 = const(int, -1)            ['$const22.4.1']
    $24binary_op.5 = getitem(value=x, index=$const22.4.1, fn=<built-in function getitem>) ['$24binary_op.5', '$const22.4.1', 'x']
    $36compare_op.6 = $8binary_op.2 < $24binary_op.5 ['$24binary_op.5', '$36compare_op.6', '$8binary_op.2']
    $const42.8.0 = const(int, 0)             ['$const42.8.0']
    $44binary_op.9 = getitem(value=x, index=$const42.8.0, fn=<built-in function getitem>) ['$44binary_op.9', '$const42.8.0', 'x']
    $const58.11.1 = const(int, 1)            ['$const58.11.1']
    $60binary_op.12 = getitem(value=x, index=$const58.11.1, fn=<built-in function getitem>) ['$60binary_op.12', '$const58.11.1', 'x']
    $72compare_op.13 = $44binary_op.9 <= $60binary_op.12 ['$44binary_op.9', '$60binary_op.12', '$72compare_op.13']
    $binop_and_76.14 = $36compare_op.6 & $72compare_op.13 ['$36compare_op.6', '$72compare_op.13', '$binop_and_76.14']
    $88return_value.15 = cast(value=$binop_and_76.14) ['$88return_value.15', '$binop_and_76.14']
    return $88return_value.15                ['$88return_value.15']

2026-02-19 07:19:50,531 - DEBUG - bytecode dump:
>          0	NOP(arg=None, lineno=416)
           2	RESUME(arg=0, lineno=416)
           4	LOAD_FAST_BORROW(arg=0, lineno=419)
           6	LOAD_SMALL_INT(arg=1, lineno=419)
           8	BINARY_OP(arg=26, lineno=419)
          20	LOAD_FAST_BORROW(arg=0, lineno=419)
          22	LOAD_CONST(arg=1, lineno=419)
          24	BINARY_OP(arg=26, lineno=419)
          36	BINARY_OP(arg=0, lineno=419)
          48	LOAD_SMALL_INT(arg=2, lineno=419)
          50	LOAD_FAST_BORROW(arg=0, lineno=419)
          52	LOAD_SMALL_INT(arg=0, lineno=419)
          54	BINARY_OP(arg=26, lineno=419)
          66	BINARY_OP(arg=5, lineno=419)
          78	BINARY_OP(arg=10, lineno=419)
          90	STORE_FAST(arg=1, lineno=419)
          92	LOAD_FAST_BORROW(arg=0, lineno=420)
          94	LOAD_SMALL_INT(arg=1, lineno=420)
          96	BINARY_OP(arg=26, lineno=420)
         108	LOAD_FAST_BORROW(arg=0, lineno=420)
         110	LOAD_CONST(arg=1, lineno=420)
         112	BINARY_OP(arg=26, lineno=420)
         124	BINARY_OP(arg=10, lineno=420)
         136	LOAD_SMALL_INT(arg=2, lineno=420)
         138	BINARY_OP(arg=11, lineno=420)
         150	STORE_FAST(arg=2, lineno=420)
         152	LOAD_GLOBAL(arg=0, lineno=422)
         162	LOAD_ATTR(arg=2, lineno=422)
         182	PUSH_NULL(arg=None, lineno=422)
         184	LOAD_FAST_BORROW(arg=2, lineno=422)
         186	CALL(arg=1, lineno=422)
         194	LOAD_GLOBAL(arg=0, lineno=422)
         204	LOAD_ATTR(arg=2, lineno=422)
         224	PUSH_NULL(arg=None, lineno=422)
         226	LOAD_FAST_BORROW(arg=1, lineno=422)
         228	CALL(arg=1, lineno=422)
         236	COMPARE_OP(arg=188, lineno=422)
         240	POP_JUMP_IF_FALSE(arg=3, lineno=422)
         244	NOT_TAKEN(arg=None, lineno=422)
         246	LOAD_SMALL_INT(arg=0, lineno=425)
         248	RETURN_VALUE(arg=None, lineno=425)
>        250	LOAD_FAST_BORROW(arg=2, lineno=427)
         252	UNARY_NEGATIVE(arg=None, lineno=427)
         254	LOAD_FAST_BORROW(arg=1, lineno=427)
         256	BINARY_OP(arg=11, lineno=427)
         268	RETURN_VALUE(arg=None, lineno=427)
2026-02-19 07:19:50,531 - DEBUG - pending: deque([State(pc_initial=0 nstack_initial=0)])
2026-02-19 07:19:50,531 - DEBUG - stack: []
2026-02-19 07:19:50,531 - DEBUG - state.pc_initial: State(pc_initial=0 nstack_initial=0)
2026-02-19 07:19:50,531 - DEBUG - dispatch pc=0, inst=NOP(arg=None, lineno=416)
2026-02-19 07:19:50,531 - DEBUG - stack []
2026-02-19 07:19:50,531 - DEBUG - dispatch pc=2, inst=RESUME(arg=0, lineno=416)
2026-02-19 07:19:50,531 - DEBUG - stack []
2026-02-19 07:19:50,531 - DEBUG - dispatch pc=4, inst=LOAD_FAST_BORROW(arg=0, lineno=419)
2026-02-19 07:19:50,531 - DEBUG - stack []
2026-02-19 07:19:50,531 - DEBUG - dispatch pc=6, inst=LOAD_SMALL_INT(arg=1, lineno=419)
2026-02-19 07:19:50,532 - DEBUG - stack ['$x4.0']
2026-02-19 07:19:50,532 - DEBUG - dispatch pc=8, inst=BINARY_OP(arg=26, lineno=419)
2026-02-19 07:19:50,532 - DEBUG - stack ['$x4.0', '$const6.1.1']
2026-02-19 07:19:50,532 - DEBUG - dispatch pc=20, inst=LOAD_FAST_BORROW(arg=0, lineno=419)
2026-02-19 07:19:50,532 - DEBUG - stack ['$8binary_op.2']
2026-02-19 07:19:50,532 - DEBUG - dispatch pc=22, inst=LOAD_CONST(arg=1, lineno=419)
2026-02-19 07:19:50,532 - DEBUG - stack ['$8binary_op.2', '$x20.3']
2026-02-19 07:19:50,532 - DEBUG - dispatch pc=24, inst=BINARY_OP(arg=26, lineno=419)
2026-02-19 07:19:50,532 - DEBUG - stack ['$8binary_op.2', '$x20.3', '$const22.4.1']
2026-02-19 07:19:50,532 - DEBUG - dispatch pc=36, inst=BINARY_OP(arg=0, lineno=419)
2026-02-19 07:19:50,532 - DEBUG - stack ['$8binary_op.2', '$24binary_op.5']
2026-02-19 07:19:50,532 - DEBUG - dispatch pc=48, inst=LOAD_SMALL_INT(arg=2, lineno=419)
2026-02-19 07:19:50,532 - DEBUG - stack ['$binop_add36.6']
2026-02-19 07:19:50,532 - DEBUG - dispatch pc=50, inst=LOAD_FAST_BORROW(arg=0, lineno=419)
2026-02-19 07:19:50,532 - DEBUG - stack ['$binop_add36.6', '$const48.7.2']
2026-02-19 07:19:50,532 - DEBUG - dispatch pc=52, inst=LOAD_SMALL_INT(arg=0, lineno=419)
2026-02-19 07:19:50,532 - DEBUG - stack ['$binop_add36.6', '$const48.7.2', '$x50.8']
2026-02-19 07:19:50,532 - DEBUG - dispatch pc=54, inst=BINARY_OP(arg=26, lineno=419)
2026-02-19 07:19:50,532 - DEBUG - stack ['$binop_add36.6', '$const48.7.2', '$x50.8', '$const52.9.0']
2026-02-19 07:19:50,532 - DEBUG - dispatch pc=66, inst=BINARY_OP(arg=5, lineno=419)
2026-02-19 07:19:50,533 - DEBUG - stack ['$binop_add36.6', '$const48.7.2', '$54binary_op.10']
2026-02-19 07:19:50,533 - DEBUG - dispatch pc=78, inst=BINARY_OP(arg=10, lineno=419)
2026-02-19 07:19:50,533 - DEBUG - stack ['$binop_add36.6', '$binop_mul66.11']
2026-02-19 07:19:50,533 - DEBUG - dispatch pc=90, inst=STORE_FAST(arg=1, lineno=419)
2026-02-19 07:19:50,533 - DEBUG - stack ['$binop_sub78.12']
2026-02-19 07:19:50,533 - DEBUG - dispatch pc=92, inst=LOAD_FAST_BORROW(arg=0, lineno=420)
2026-02-19 07:19:50,533 - DEBUG - stack []
2026-02-19 07:19:50,533 - DEBUG - dispatch pc=94, inst=LOAD_SMALL_INT(arg=1, lineno=420)
2026-02-19 07:19:50,533 - DEBUG - stack ['$x92.13']
2026-02-19 07:19:50,533 - DEBUG - dispatch pc=96, inst=BINARY_OP(arg=26, lineno=420)
2026-02-19 07:19:50,533 - DEBUG - stack ['$x92.13', '$const94.14.1']
2026-02-19 07:19:50,533 - DEBUG - dispatch pc=108, inst=LOAD_FAST_BORROW(arg=0, lineno=420)
2026-02-19 07:19:50,533 - DEBUG - stack ['$96binary_op.15']
2026-02-19 07:19:50,533 - DEBUG - dispatch pc=110, inst=LOAD_CONST(arg=1, lineno=420)
2026-02-19 07:19:50,533 - DEBUG - stack ['$96binary_op.15', '$x108.16']
2026-02-19 07:19:50,533 - DEBUG - dispatch pc=112, inst=BINARY_OP(arg=26, lineno=420)
2026-02-19 07:19:50,533 - DEBUG - stack ['$96binary_op.15', '$x108.16', '$const110.17.1']
2026-02-19 07:19:50,533 - DEBUG - dispatch pc=124, inst=BINARY_OP(arg=10, lineno=420)
2026-02-19 07:19:50,533 - DEBUG - stack ['$96binary_op.15', '$112binary_op.18']
2026-02-19 07:19:50,533 - DEBUG - dispatch pc=136, inst=LOAD_SMALL_INT(arg=2, lineno=420)
2026-02-19 07:19:50,534 - DEBUG - stack ['$binop_sub124.19']
2026-02-19 07:19:50,534 - DEBUG - dispatch pc=138, inst=BINARY_OP(arg=11, lineno=420)
2026-02-19 07:19:50,534 - DEBUG - stack ['$binop_sub124.19', '$const136.20.2']
2026-02-19 07:19:50,534 - DEBUG - dispatch pc=150, inst=STORE_FAST(arg=2, lineno=420)
2026-02-19 07:19:50,534 - DEBUG - stack ['$binop_truediv138.21']
2026-02-19 07:19:50,534 - DEBUG - dispatch pc=152, inst=LOAD_GLOBAL(arg=0, lineno=422)
2026-02-19 07:19:50,534 - DEBUG - stack []
2026-02-19 07:19:50,534 - DEBUG - dispatch pc=162, inst=LOAD_ATTR(arg=2, lineno=422)
2026-02-19 07:19:50,534 - DEBUG - stack ['$152load_global.22']
2026-02-19 07:19:50,534 - DEBUG - dispatch pc=182, inst=PUSH_NULL(arg=None, lineno=422)
2026-02-19 07:19:50,534 - DEBUG - stack ['$162load_attr.23']
2026-02-19 07:19:50,535 - DEBUG - dispatch pc=184, inst=LOAD_FAST_BORROW(arg=2, lineno=422)
2026-02-19 07:19:50,535 - DEBUG - stack ['$162load_attr.23', '$null$182.24']
2026-02-19 07:19:50,535 - DEBUG - dispatch pc=186, inst=CALL(arg=1, lineno=422)
2026-02-19 07:19:50,535 - DEBUG - stack ['$162load_attr.23', '$null$182.24', '$b184.25']
2026-02-19 07:19:50,535 - DEBUG - dispatch pc=194, inst=LOAD_GLOBAL(arg=0, lineno=422)
2026-02-19 07:19:50,535 - DEBUG - stack ['$186call.26']
2026-02-19 07:19:50,535 - DEBUG - dispatch pc=204, inst=LOAD_ATTR(arg=2, lineno=422)
2026-02-19 07:19:50,535 - DEBUG - stack ['$186call.26', '$194load_global.27']
2026-02-19 07:19:50,535 - DEBUG - dispatch pc=224, inst=PUSH_NULL(arg=None, lineno=422)
2026-02-19 07:19:50,535 - DEBUG - stack ['$186call.26', '$204load_attr.28']
2026-02-19 07:19:50,535 - DEBUG - dispatch pc=226, inst=LOAD_FAST_BORROW(arg=1, lineno=422)
2026-02-19 07:19:50,535 - DEBUG - stack ['$186call.26', '$204load_attr.28', '$null$224.29']
2026-02-19 07:19:50,535 - DEBUG - dispatch pc=228, inst=CALL(arg=1, lineno=422)
2026-02-19 07:19:50,535 - DEBUG - stack ['$186call.26', '$204load_attr.28', '$null$224.29', '$a226.30']
2026-02-19 07:19:50,535 - DEBUG - dispatch pc=236, inst=COMPARE_OP(arg=188, lineno=422)
2026-02-19 07:19:50,536 - DEBUG - stack ['$186call.26', '$228call.31']
2026-02-19 07:19:50,536 - DEBUG - dispatch pc=240, inst=POP_JUMP_IF_FALSE(arg=3, lineno=422)
2026-02-19 07:19:50,536 - DEBUG - stack ['$236compare_op.32']
2026-02-19 07:19:50,536 - DEBUG - end state. edges=[Edge(pc=244, stack=(), blockstack=(), npush=0), Edge(pc=250, stack=(), blockstack=(), npush=0)]
2026-02-19 07:19:50,536 - DEBUG - pending: deque([State(pc_initial=244 nstack_initial=0), State(pc_initial=250 nstack_initial=0)])
2026-02-19 07:19:50,536 - DEBUG - stack: []
2026-02-19 07:19:50,536 - DEBUG - state.pc_initial: State(pc_initial=244 nstack_initial=0)
2026-02-19 07:19:50,536 - DEBUG - dispatch pc=244, inst=NOT_TAKEN(arg=None, lineno=422)
2026-02-19 07:19:50,536 - DEBUG - stack []
2026-02-19 07:19:50,536 - DEBUG - dispatch pc=246, inst=LOAD_SMALL_INT(arg=0, lineno=425)
2026-02-19 07:19:50,536 - DEBUG - stack []
2026-02-19 07:19:50,536 - DEBUG - dispatch pc=248, inst=RETURN_VALUE(arg=None, lineno=425)
2026-02-19 07:19:50,536 - DEBUG - stack ['$const246.0.0']
2026-02-19 07:19:50,536 - DEBUG - end state. edges=[]
2026-02-19 07:19:50,536 - DEBUG - pending: deque([State(pc_initial=250 nstack_initial=0)])
2026-02-19 07:19:50,536 - DEBUG - stack: []
2026-02-19 07:19:50,536 - DEBUG - state.pc_initial: State(pc_initial=250 nstack_initial=0)
2026-02-19 07:19:50,536 - DEBUG - dispatch pc=250, inst=LOAD_FAST_BORROW(arg=2, lineno=427)
2026-02-19 07:19:50,536 - DEBUG - stack []
2026-02-19 07:19:50,536 - DEBUG - dispatch pc=252, inst=UNARY_NEGATIVE(arg=None, lineno=427)
2026-02-19 07:19:50,537 - DEBUG - stack ['$b250.0']
2026-02-19 07:19:50,537 - DEBUG - dispatch pc=254, inst=LOAD_FAST_BORROW(arg=1, lineno=427)
2026-02-19 07:19:50,537 - DEBUG - stack ['$252unary_negative.1']
2026-02-19 07:19:50,537 - DEBUG - dispatch pc=256, inst=BINARY_OP(arg=11, lineno=427)
2026-02-19 07:19:50,537 - DEBUG - stack ['$252unary_negative.1', '$a254.2']
2026-02-19 07:19:50,537 - DEBUG - dispatch pc=268, inst=RETURN_VALUE(arg=None, lineno=427)
2026-02-19 07:19:50,537 - DEBUG - stack ['$binop_truediv256.3']
2026-02-19 07:19:50,537 - DEBUG - end state. edges=[]
2026-02-19 07:19:50,537 - DEBUG - -------------------------Prune PHIs-------------------------
2026-02-19 07:19:50,537 - DEBUG - Used_phis: defaultdict(<class 'set'>,
            {State(pc_initial=0 nstack_initial=0): set(),
             State(pc_initial=244 nstack_initial=0): set(),
             State(pc_initial=250 nstack_initial=0): set()})
2026-02-19 07:19:50,537 - DEBUG - defmap: {}
2026-02-19 07:19:50,538 - DEBUG - phismap: defaultdict(<class 'set'>, {})
2026-02-19 07:19:50,538 - DEBUG - changing phismap: defaultdict(<class 'set'>, {})
2026-02-19 07:19:50,538 - DEBUG - keep phismap: {}
2026-02-19 07:19:50,538 - DEBUG - new_out: defaultdict(<class 'dict'>, {})
2026-02-19 07:19:50,538 - DEBUG - ----------------------DONE Prune PHIs-----------------------
2026-02-19 07:19:50,538 - DEBUG - block_infos State(pc_initial=0 nstack_initial=0):
AdaptBlockInfo(insts=((0, {}), (2, {}), (4, {'res': '$x4.0'}), (6, {'res': '$const6.1.1'}), (8, {'op': '[]', 'lhs': '$x4.0', 'rhs': '$const6.1.1', 'res': '$8binary_op.2'}), (20, {'res': '$x20.3'}), (22, {'res': '$const22.4.1'}), (24, {'op': '[]', 'lhs': '$x20.3', 'rhs': '$const22.4.1', 'res': '$24binary_op.5'}), (36, {'op': '+', 'lhs': '$8binary_op.2', 'rhs': '$24binary_op.5', 'res': '$binop_add36.6'}), (48, {'res': '$const48.7.2'}), (50, {'res': '$x50.8'}), (52, {'res': '$const52.9.0'}), (54, {'op': '[]', 'lhs': '$x50.8', 'rhs': '$const52.9.0', 'res': '$54binary_op.10'}), (66, {'op': '*', 'lhs': '$const48.7.2', 'rhs': '$54binary_op.10', 'res': '$binop_mul66.11'}), (78, {'op': '-', 'lhs': '$binop_add36.6', 'rhs': '$binop_mul66.11', 'res': '$binop_sub78.12'}), (90, {'value': '$binop_sub78.12'}), (92, {'res': '$x92.13'}), (94, {'res': '$const94.14.1'}), (96, {'op': '[]', 'lhs': '$x92.13', 'rhs': '$const94.14.1', 'res': '$96binary_op.15'}), (108, {'res': '$x108.16'}), (110, {'res': '$const110.17.1'}), (112, {'op': '[]', 'lhs': '$x108.16', 'rhs': '$const110.17.1', 'res': '$112binary_op.18'}), (124, {'op': '-', 'lhs': '$96binary_op.15', 'rhs': '$112binary_op.18', 'res': '$binop_sub124.19'}), (136, {'res': '$const136.20.2'}), (138, {'op': '/', 'lhs': '$binop_sub124.19', 'rhs': '$const136.20.2', 'res': '$binop_truediv138.21'}), (150, {'value': '$binop_truediv138.21'}), (152, {'idx': 0, 'res': '$152load_global.22'}), (162, {'item': '$152load_global.22', 'res': '$162load_attr.23'}), (182, {}), (184, {'res': '$b184.25'}), (186, {'func': '$162load_attr.23', 'args': ['$b184.25'], 'kw_names': None, 'res': '$186call.26'}), (194, {'idx': 0, 'res': '$194load_global.27'}), (204, {'item': '$194load_global.27', 'res': '$204load_attr.28'}), (224, {}), (226, {'res': '$a226.30'}), (228, {'func': '$204load_attr.28', 'args': ['$a226.30'], 'kw_names': None, 'res': '$228call.31'}), (236, {'lhs': '$186call.26', 'rhs': '$228call.31', 'res': '$236compare_op.32'}), (240, {'pred': '$236compare_op.32'})), outgoing_phis={}, blockstack=(), active_try_block=None, outgoing_edgepushed={244: (), 250: ()})
2026-02-19 07:19:50,538 - DEBUG - block_infos State(pc_initial=244 nstack_initial=0):
AdaptBlockInfo(insts=((244, {}), (246, {'res': '$const246.0.0'}), (248, {'retval': '$const246.0.0', 'castval': '$248return_value.1'})), outgoing_phis={}, blockstack=(), active_try_block=None, outgoing_edgepushed={})
2026-02-19 07:19:50,538 - DEBUG - block_infos State(pc_initial=250 nstack_initial=0):
AdaptBlockInfo(insts=((250, {'res': '$b250.0'}), (252, {'value': '$b250.0', 'res': '$252unary_negative.1'}), (254, {'res': '$a254.2'}), (256, {'op': '/', 'lhs': '$252unary_negative.1', 'rhs': '$a254.2', 'res': '$binop_truediv256.3'}), (268, {'retval': '$binop_truediv256.3', 'castval': '$268return_value.4'})), outgoing_phis={}, blockstack=(), active_try_block=None, outgoing_edgepushed={})
2026-02-19 07:19:50,539 - DEBUG - label 0:
    x = arg(0, name=x)                       ['x']
    $const6.1.1 = const(int, 1)              ['$const6.1.1']
    $8binary_op.2 = getitem(value=x, index=$const6.1.1, fn=<built-in function getitem>) ['$8binary_op.2', '$const6.1.1', 'x']
    $const22.4.1 = const(int, -1)            ['$const22.4.1']
    $24binary_op.5 = getitem(value=x, index=$const22.4.1, fn=<built-in function getitem>) ['$24binary_op.5', '$const22.4.1', 'x']
    $binop_add36.6 = $8binary_op.2 + $24binary_op.5 ['$24binary_op.5', '$8binary_op.2', '$binop_add36.6']
    $const48.7.2 = const(int, 2)             ['$const48.7.2']
    $const52.9.0 = const(int, 0)             ['$const52.9.0']
    $54binary_op.10 = getitem(value=x, index=$const52.9.0, fn=<built-in function getitem>) ['$54binary_op.10', '$const52.9.0', 'x']
    $binop_mul66.11 = $const48.7.2 * $54binary_op.10 ['$54binary_op.10', '$binop_mul66.11', '$const48.7.2']
    a = $binop_add36.6 - $binop_mul66.11     ['$binop_add36.6', '$binop_mul66.11', 'a']
    $const94.14.1 = const(int, 1)            ['$const94.14.1']
    $96binary_op.15 = getitem(value=x, index=$const94.14.1, fn=<built-in function getitem>) ['$96binary_op.15', '$const94.14.1', 'x']
    $const110.17.1 = const(int, -1)          ['$const110.17.1']
    $112binary_op.18 = getitem(value=x, index=$const110.17.1, fn=<built-in function getitem>) ['$112binary_op.18', '$const110.17.1', 'x']
    $binop_sub124.19 = $96binary_op.15 - $112binary_op.18 ['$112binary_op.18', '$96binary_op.15', '$binop_sub124.19']
    $const136.20.2 = const(int, 2)           ['$const136.20.2']
    b = $binop_sub124.19 / $const136.20.2    ['$binop_sub124.19', '$const136.20.2', 'b']
    $152load_global.22 = global(np: <module 'numpy' from 'C:\\Users\\WINDOWS\\Desktop\\ai_stress_detector\\venv\\Lib\\site-packages\\numpy\\__init__.py'>) ['$152load_global.22']
    $162load_attr.23 = getattr(value=$152load_global.22, attr=abs) ['$152load_global.22', '$162load_attr.23']
    $186call.26 = call $162load_attr.23(b, func=$162load_attr.23, args=[Var(b, pitch.py:420)], kws=(), vararg=None, varkwarg=None, target=None) ['$162load_attr.23', '$186call.26', 'b']
    $194load_global.27 = global(np: <module 'numpy' from 'C:\\Users\\WINDOWS\\Desktop\\ai_stress_detector\\venv\\Lib\\site-packages\\numpy\\__init__.py'>) ['$194load_global.27']
    $204load_attr.28 = getattr(value=$194load_global.27, attr=abs) ['$194load_global.27', '$204load_attr.28']
    $228call.31 = call $204load_attr.28(a, func=$204load_attr.28, args=[Var(a, pitch.py:419)], kws=(), vararg=None, varkwarg=None, target=None) ['$204load_attr.28', '$228call.31', 'a']
    $236compare_op.32 = $186call.26 >= $228call.31 ['$186call.26', '$228call.31', '$236compare_op.32']
    $bool240 = global(bool: <class 'bool'>)  ['$bool240']
    $240pred = call $bool240($236compare_op.32, func=$bool240, args=(Var($236compare_op.32, pitch.py:422),), kws=(), vararg=None, varkwarg=None, target=None) ['$236compare_op.32', '$240pred', '$bool240']
    branch $240pred, 244, 250                ['$240pred']
label 244:
    $const246.0.0 = const(int, 0)            ['$const246.0.0']
    $248return_value.1 = cast(value=$const246.0.0) ['$248return_value.1', '$const246.0.0']
    return $248return_value.1                ['$248return_value.1']
label 250:
    $252unary_negative.1 = unary(fn=<built-in function neg>, value=b) ['$252unary_negative.1', 'b']
    $binop_truediv256.3 = $252unary_negative.1 / a ['$252unary_negative.1', '$binop_truediv256.3', 'a']
    $268return_value.4 = cast(value=$binop_truediv256.3) ['$268return_value.4', '$binop_truediv256.3']
    return $268return_value.4                ['$268return_value.4']

2026-02-19 07:19:55,407 - INFO -  * Detected change in 'C:\\Program Files\\Python314\\Lib\\json\\encoder.py', reloading
2026-02-19 07:19:55,924 - INFO -  * Restarting with watchdog (windowsapi)
2026-02-19 07:19:56,032 - INFO - Server script started
2026-02-19 07:19:57,475 - WARNING -  * Debugger is active!
2026-02-19 07:19:57,478 - INFO -  * Debugger PIN: 179-709-766
2026-02-19 07:20:46,756 - DEBUG - bytecode dump:
>          0	NOP(arg=None, lineno=1137)
           2	RESUME(arg=0, lineno=1137)
           4	LOAD_FAST_BORROW(arg=0, lineno=1140)
           6	LOAD_SMALL_INT(arg=0, lineno=1140)
           8	BINARY_OP(arg=26, lineno=1140)
          20	STORE_FAST(arg=3, lineno=1140)
          22	LOAD_FAST_BORROW(arg=1, lineno=1141)
          24	UNARY_NEGATIVE(arg=None, lineno=1141)
          26	LOAD_FAST(arg=3, lineno=1141)
          28	SWAP(arg=2, lineno=1141)
          30	COPY(arg=2, lineno=1141)
          32	COMPARE_OP(arg=58, lineno=1141)
          36	POP_JUMP_IF_FALSE(arg=8, lineno=1141)
          40	NOT_TAKEN(arg=None, lineno=1141)
          42	LOAD_FAST_BORROW(arg=1, lineno=1141)
          44	COMPARE_OP(arg=58, lineno=1141)
          48	POP_JUMP_IF_FALSE(arg=6, lineno=1141)
          52	NOT_TAKEN(arg=None, lineno=1141)
          54	JUMP_FORWARD(arg=2, lineno=1141)
>         56	POP_TOP(arg=None, lineno=1141)
          58	JUMP_FORWARD(arg=2, lineno=1141)
>         60	LOAD_SMALL_INT(arg=0, lineno=1142)
          62	STORE_FAST(arg=3, lineno=1142)
>         64	LOAD_FAST_BORROW(arg=0, lineno=1144)
          66	LOAD_CONST(arg=1, lineno=1144)
          68	BINARY_OP(arg=26, lineno=1144)
          80	STORE_FAST(arg=4, lineno=1144)
          82	LOAD_FAST_BORROW(arg=1, lineno=1145)
          84	UNARY_NEGATIVE(arg=None, lineno=1145)
          86	LOAD_FAST(arg=4, lineno=1145)
          88	SWAP(arg=2, lineno=1145)
          90	COPY(arg=2, lineno=1145)
          92	COMPARE_OP(arg=58, lineno=1145)
          96	POP_JUMP_IF_FALSE(arg=8, lineno=1145)
         100	NOT_TAKEN(arg=None, lineno=1145)
         102	LOAD_FAST_BORROW(arg=1, lineno=1145)
         104	COMPARE_OP(arg=58, lineno=1145)
         108	POP_JUMP_IF_FALSE(arg=6, lineno=1145)
         112	NOT_TAKEN(arg=None, lineno=1145)
         114	JUMP_FORWARD(arg=2, lineno=1145)
>        116	POP_TOP(arg=None, lineno=1145)
         118	JUMP_FORWARD(arg=2, lineno=1145)
>        120	LOAD_SMALL_INT(arg=0, lineno=1146)
         122	STORE_FAST(arg=4, lineno=1146)
>        124	LOAD_FAST_BORROW(arg=2, lineno=1148)
         126	TO_BOOL(arg=None, lineno=1148)
         134	POP_JUMP_IF_FALSE(arg=46, lineno=1148)
         138	NOT_TAKEN(arg=None, lineno=1148)
         140	LOAD_GLOBAL(arg=0, lineno=1149)
         150	LOAD_ATTR(arg=2, lineno=1149)
         170	PUSH_NULL(arg=None, lineno=1149)
         172	LOAD_FAST_BORROW(arg=3, lineno=1149)
         174	CALL(arg=1, lineno=1149)
         182	LOAD_GLOBAL(arg=0, lineno=1149)
         192	LOAD_ATTR(arg=2, lineno=1149)
         212	PUSH_NULL(arg=None, lineno=1149)
         214	LOAD_FAST_BORROW(arg=4, lineno=1149)
         216	CALL(arg=1, lineno=1149)
         224	COMPARE_OP(arg=103, lineno=1149)
         228	RETURN_VALUE(arg=None, lineno=1149)
>        230	LOAD_GLOBAL(arg=0, lineno=1151)
         240	LOAD_ATTR(arg=4, lineno=1151)
         260	PUSH_NULL(arg=None, lineno=1151)
         262	LOAD_FAST_BORROW(arg=3, lineno=1151)
         264	CALL(arg=1, lineno=1151)
         272	LOAD_GLOBAL(arg=0, lineno=1151)
         282	LOAD_ATTR(arg=4, lineno=1151)
         302	PUSH_NULL(arg=None, lineno=1151)
         304	LOAD_FAST_BORROW(arg=4, lineno=1151)
         306	CALL(arg=1, lineno=1151)
         314	COMPARE_OP(arg=103, lineno=1151)
         318	RETURN_VALUE(arg=None, lineno=1151)
2026-02-19 07:20:46,757 - DEBUG - pending: deque([State(pc_initial=0 nstack_initial=0)])
2026-02-19 07:20:46,763 - DEBUG - stack: []
2026-02-19 07:20:46,763 - DEBUG - state.pc_initial: State(pc_initial=0 nstack_initial=0)
2026-02-19 07:20:46,763 - DEBUG - dispatch pc=0, inst=NOP(arg=None, lineno=1137)
2026-02-19 07:20:46,763 - DEBUG - stack []
2026-02-19 07:20:46,763 - DEBUG - dispatch pc=2, inst=RESUME(arg=0, lineno=1137)
2026-02-19 07:20:46,763 - DEBUG - stack []
2026-02-19 07:20:46,764 - DEBUG - dispatch pc=4, inst=LOAD_FAST_BORROW(arg=0, lineno=1140)
2026-02-19 07:20:46,764 - DEBUG - stack []
2026-02-19 07:20:46,764 - DEBUG - dispatch pc=6, inst=LOAD_SMALL_INT(arg=0, lineno=1140)
2026-02-19 07:20:46,764 - DEBUG - stack ['$x4.0']
2026-02-19 07:20:46,764 - DEBUG - dispatch pc=8, inst=BINARY_OP(arg=26, lineno=1140)
2026-02-19 07:20:46,764 - DEBUG - stack ['$x4.0', '$const6.1.0']
2026-02-19 07:20:46,764 - DEBUG - dispatch pc=20, inst=STORE_FAST(arg=3, lineno=1140)
2026-02-19 07:20:46,764 - DEBUG - stack ['$8binary_op.2']
2026-02-19 07:20:46,764 - DEBUG - dispatch pc=22, inst=LOAD_FAST_BORROW(arg=1, lineno=1141)
2026-02-19 07:20:46,764 - DEBUG - stack []
2026-02-19 07:20:46,764 - DEBUG - dispatch pc=24, inst=UNARY_NEGATIVE(arg=None, lineno=1141)
2026-02-19 07:20:46,764 - DEBUG - stack ['$threshold22.3']
2026-02-19 07:20:46,764 - DEBUG - dispatch pc=26, inst=LOAD_FAST(arg=3, lineno=1141)
2026-02-19 07:20:46,764 - DEBUG - stack ['$24unary_negative.4']
2026-02-19 07:20:46,764 - DEBUG - dispatch pc=28, inst=SWAP(arg=2, lineno=1141)
2026-02-19 07:20:46,764 - DEBUG - stack ['$24unary_negative.4', '$x026.5']
2026-02-19 07:20:46,764 - DEBUG - dispatch pc=30, inst=COPY(arg=2, lineno=1141)
2026-02-19 07:20:46,764 - DEBUG - stack ['$x026.5', '$24unary_negative.4']
2026-02-19 07:20:46,764 - DEBUG - dispatch pc=32, inst=COMPARE_OP(arg=58, lineno=1141)
2026-02-19 07:20:46,764 - DEBUG - stack ['$x026.5', '$24unary_negative.4', '$x026.5']
2026-02-19 07:20:46,764 - DEBUG - dispatch pc=36, inst=POP_JUMP_IF_FALSE(arg=8, lineno=1141)
2026-02-19 07:20:46,764 - DEBUG - stack ['$x026.5', '$32compare_op.6']
2026-02-19 07:20:46,764 - DEBUG - end state. edges=[Edge(pc=40, stack=('$x026.5',), blockstack=(), npush=0), Edge(pc=56, stack=('$x026.5',), blockstack=(), npush=0)]
2026-02-19 07:20:46,765 - DEBUG - pending: deque([State(pc_initial=40 nstack_initial=1), State(pc_initial=56 nstack_initial=1)])
2026-02-19 07:20:46,765 - DEBUG - stack: ['$phi40.0']
2026-02-19 07:20:46,765 - DEBUG - state.pc_initial: State(pc_initial=40 nstack_initial=1)
2026-02-19 07:20:46,765 - DEBUG - dispatch pc=40, inst=NOT_TAKEN(arg=None, lineno=1141)
2026-02-19 07:20:46,765 - DEBUG - stack ['$phi40.0']
2026-02-19 07:20:46,765 - DEBUG - dispatch pc=42, inst=LOAD_FAST_BORROW(arg=1, lineno=1141)
2026-02-19 07:20:46,765 - DEBUG - stack ['$phi40.0']
2026-02-19 07:20:46,765 - DEBUG - dispatch pc=44, inst=COMPARE_OP(arg=58, lineno=1141)
2026-02-19 07:20:46,765 - DEBUG - stack ['$phi40.0', '$threshold42.1']
2026-02-19 07:20:46,765 - DEBUG - dispatch pc=48, inst=POP_JUMP_IF_FALSE(arg=6, lineno=1141)
2026-02-19 07:20:46,765 - DEBUG - stack ['$44compare_op.2']
2026-02-19 07:20:46,765 - DEBUG - end state. edges=[Edge(pc=52, stack=(), blockstack=(), npush=0), Edge(pc=64, stack=(), blockstack=(), npush=0)]
2026-02-19 07:20:46,765 - DEBUG - pending: deque([State(pc_initial=56 nstack_initial=1), State(pc_initial=52 nstack_initial=0), State(pc_initial=64 nstack_initial=0)])
2026-02-19 07:20:46,765 - DEBUG - stack: ['$phi56.0']
2026-02-19 07:20:46,765 - DEBUG - state.pc_initial: State(pc_initial=56 nstack_initial=1)
2026-02-19 07:20:46,765 - DEBUG - dispatch pc=56, inst=POP_TOP(arg=None, lineno=1141)
2026-02-19 07:20:46,765 - DEBUG - stack ['$phi56.0']
2026-02-19 07:20:46,765 - DEBUG - dispatch pc=58, inst=JUMP_FORWARD(arg=2, lineno=1141)
2026-02-19 07:20:46,765 - DEBUG - stack []
2026-02-19 07:20:46,765 - DEBUG - end state. edges=[Edge(pc=64, stack=(), blockstack=(), npush=0)]
2026-02-19 07:20:46,765 - DEBUG - pending: deque([State(pc_initial=52 nstack_initial=0), State(pc_initial=64 nstack_initial=0), State(pc_initial=64 nstack_initial=0)])
2026-02-19 07:20:46,765 - DEBUG - stack: []
2026-02-19 07:20:46,765 - DEBUG - state.pc_initial: State(pc_initial=52 nstack_initial=0)
2026-02-19 07:20:46,765 - DEBUG - dispatch pc=52, inst=NOT_TAKEN(arg=None, lineno=1141)
2026-02-19 07:20:46,765 - DEBUG - stack []
2026-02-19 07:20:46,765 - DEBUG - dispatch pc=54, inst=JUMP_FORWARD(arg=2, lineno=1141)
2026-02-19 07:20:46,765 - DEBUG - stack []
2026-02-19 07:20:46,766 - DEBUG - end state. edges=[Edge(pc=60, stack=(), blockstack=(), npush=0)]
2026-02-19 07:20:46,766 - DEBUG - pending: deque([State(pc_initial=64 nstack_initial=0), State(pc_initial=64 nstack_initial=0), State(pc_initial=60 nstack_initial=0)])
2026-02-19 07:20:46,766 - DEBUG - stack: []
2026-02-19 07:20:46,766 - DEBUG - state.pc_initial: State(pc_initial=64 nstack_initial=0)
2026-02-19 07:20:46,766 - DEBUG - dispatch pc=64, inst=LOAD_FAST_BORROW(arg=0, lineno=1144)
2026-02-19 07:20:46,766 - DEBUG - stack []
2026-02-19 07:20:46,766 - DEBUG - dispatch pc=66, inst=LOAD_CONST(arg=1, lineno=1144)
2026-02-19 07:20:46,766 - DEBUG - stack ['$x64.0']
2026-02-19 07:20:46,766 - DEBUG - dispatch pc=68, inst=BINARY_OP(arg=26, lineno=1144)
2026-02-19 07:20:46,766 - DEBUG - stack ['$x64.0', '$const66.1.1']
2026-02-19 07:20:46,766 - DEBUG - dispatch pc=80, inst=STORE_FAST(arg=4, lineno=1144)
2026-02-19 07:20:46,766 - DEBUG - stack ['$68binary_op.2']
2026-02-19 07:20:46,766 - DEBUG - dispatch pc=82, inst=LOAD_FAST_BORROW(arg=1, lineno=1145)
2026-02-19 07:20:46,766 - DEBUG - stack []
2026-02-19 07:20:46,766 - DEBUG - dispatch pc=84, inst=UNARY_NEGATIVE(arg=None, lineno=1145)
2026-02-19 07:20:46,766 - DEBUG - stack ['$threshold82.3']
2026-02-19 07:20:46,766 - DEBUG - dispatch pc=86, inst=LOAD_FAST(arg=4, lineno=1145)
2026-02-19 07:20:46,766 - DEBUG - stack ['$84unary_negative.4']
2026-02-19 07:20:46,766 - DEBUG - dispatch pc=88, inst=SWAP(arg=2, lineno=1145)
2026-02-19 07:20:46,766 - DEBUG - stack ['$84unary_negative.4', '$x186.5']
2026-02-19 07:20:46,766 - DEBUG - dispatch pc=90, inst=COPY(arg=2, lineno=1145)
2026-02-19 07:20:46,766 - DEBUG - stack ['$x186.5', '$84unary_negative.4']
2026-02-19 07:20:46,766 - DEBUG - dispatch pc=92, inst=COMPARE_OP(arg=58, lineno=1145)
2026-02-19 07:20:46,766 - DEBUG - stack ['$x186.5', '$84unary_negative.4', '$x186.5']
2026-02-19 07:20:46,766 - DEBUG - dispatch pc=96, inst=POP_JUMP_IF_FALSE(arg=8, lineno=1145)
2026-02-19 07:20:46,766 - DEBUG - stack ['$x186.5', '$92compare_op.6']
2026-02-19 07:20:46,766 - DEBUG - end state. edges=[Edge(pc=100, stack=('$x186.5',), blockstack=(), npush=0), Edge(pc=116, stack=('$x186.5',), blockstack=(), npush=0)]
2026-02-19 07:20:46,766 - DEBUG - pending: deque([State(pc_initial=64 nstack_initial=0), State(pc_initial=60 nstack_initial=0), State(pc_initial=100 nstack_initial=1), State(pc_initial=116 nstack_initial=1)])
2026-02-19 07:20:46,767 - DEBUG - pending: deque([State(pc_initial=60 nstack_initial=0), State(pc_initial=100 nstack_initial=1), State(pc_initial=116 nstack_initial=1)])
2026-02-19 07:20:46,767 - DEBUG - stack: []
2026-02-19 07:20:46,767 - DEBUG - state.pc_initial: State(pc_initial=60 nstack_initial=0)
2026-02-19 07:20:46,767 - DEBUG - dispatch pc=60, inst=LOAD_SMALL_INT(arg=0, lineno=1142)
2026-02-19 07:20:46,767 - DEBUG - stack []
2026-02-19 07:20:46,767 - DEBUG - dispatch pc=62, inst=STORE_FAST(arg=3, lineno=1142)
2026-02-19 07:20:46,767 - DEBUG - stack ['$const60.0.0']
2026-02-19 07:20:46,767 - DEBUG - end state. edges=[Edge(pc=64, stack=(), blockstack=(), npush=0)]
2026-02-19 07:20:46,767 - DEBUG - pending: deque([State(pc_initial=100 nstack_initial=1), State(pc_initial=116 nstack_initial=1), State(pc_initial=64 nstack_initial=0)])
2026-02-19 07:20:46,767 - DEBUG - stack: ['$phi100.0']
2026-02-19 07:20:46,767 - DEBUG - state.pc_initial: State(pc_initial=100 nstack_initial=1)
2026-02-19 07:20:46,767 - DEBUG - dispatch pc=100, inst=NOT_TAKEN(arg=None, lineno=1145)
2026-02-19 07:20:46,767 - DEBUG - stack ['$phi100.0']
2026-02-19 07:20:46,767 - DEBUG - dispatch pc=102, inst=LOAD_FAST_BORROW(arg=1, lineno=1145)
2026-02-19 07:20:46,767 - DEBUG - stack ['$phi100.0']
2026-02-19 07:20:46,767 - DEBUG - dispatch pc=104, inst=COMPARE_OP(arg=58, lineno=1145)
2026-02-19 07:20:46,767 - DEBUG - stack ['$phi100.0', '$threshold102.1']
2026-02-19 07:20:46,767 - DEBUG - dispatch pc=108, inst=POP_JUMP_IF_FALSE(arg=6, lineno=1145)
2026-02-19 07:20:46,767 - DEBUG - stack ['$104compare_op.2']
2026-02-19 07:20:46,767 - DEBUG - end state. edges=[Edge(pc=112, stack=(), blockstack=(), npush=0), Edge(pc=124, stack=(), blockstack=(), npush=0)]
2026-02-19 07:20:46,767 - DEBUG - pending: deque([State(pc_initial=116 nstack_initial=1), State(pc_initial=64 nstack_initial=0), State(pc_initial=112 nstack_initial=0), State(pc_initial=124 nstack_initial=0)])
2026-02-19 07:20:46,767 - DEBUG - stack: ['$phi116.0']
2026-02-19 07:20:46,767 - DEBUG - state.pc_initial: State(pc_initial=116 nstack_initial=1)
2026-02-19 07:20:46,767 - DEBUG - dispatch pc=116, inst=POP_TOP(arg=None, lineno=1145)
2026-02-19 07:20:46,767 - DEBUG - stack ['$phi116.0']
2026-02-19 07:20:46,767 - DEBUG - dispatch pc=118, inst=JUMP_FORWARD(arg=2, lineno=1145)
2026-02-19 07:20:46,767 - DEBUG - stack []
2026-02-19 07:20:46,767 - DEBUG - end state. edges=[Edge(pc=124, stack=(), blockstack=(), npush=0)]
2026-02-19 07:20:46,767 - DEBUG - pending: deque([State(pc_initial=64 nstack_initial=0), State(pc_initial=112 nstack_initial=0), State(pc_initial=124 nstack_initial=0), State(pc_initial=124 nstack_initial=0)])
2026-02-19 07:20:46,767 - DEBUG - pending: deque([State(pc_initial=112 nstack_initial=0), State(pc_initial=124 nstack_initial=0), State(pc_initial=124 nstack_initial=0)])
2026-02-19 07:20:46,767 - DEBUG - stack: []
2026-02-19 07:20:46,768 - DEBUG - state.pc_initial: State(pc_initial=112 nstack_initial=0)
2026-02-19 07:20:46,768 - DEBUG - dispatch pc=112, inst=NOT_TAKEN(arg=None, lineno=1145)
2026-02-19 07:20:46,768 - DEBUG - stack []
2026-02-19 07:20:46,768 - DEBUG - dispatch pc=114, inst=JUMP_FORWARD(arg=2, lineno=1145)
2026-02-19 07:20:46,768 - DEBUG - stack []
2026-02-19 07:20:46,768 - DEBUG - end state. edges=[Edge(pc=120, stack=(), blockstack=(), npush=0)]
2026-02-19 07:20:46,768 - DEBUG - pending: deque([State(pc_initial=124 nstack_initial=0), State(pc_initial=124 nstack_initial=0), State(pc_initial=120 nstack_initial=0)])
2026-02-19 07:20:46,768 - DEBUG - stack: []
2026-02-19 07:20:46,768 - DEBUG - state.pc_initial: State(pc_initial=124 nstack_initial=0)
2026-02-19 07:20:46,768 - DEBUG - dispatch pc=124, inst=LOAD_FAST_BORROW(arg=2, lineno=1148)
2026-02-19 07:20:46,768 - DEBUG - stack []
2026-02-19 07:20:46,768 - DEBUG - dispatch pc=126, inst=TO_BOOL(arg=None, lineno=1148)
2026-02-19 07:20:46,768 - DEBUG - stack ['$zero_pos124.0']
2026-02-19 07:20:46,768 - DEBUG - dispatch pc=134, inst=POP_JUMP_IF_FALSE(arg=46, lineno=1148)
2026-02-19 07:20:46,768 - DEBUG - stack ['$126to_bool.1']
2026-02-19 07:20:46,768 - DEBUG - end state. edges=[Edge(pc=138, stack=(), blockstack=(), npush=0), Edge(pc=230, stack=(), blockstack=(), npush=0)]
2026-02-19 07:20:46,768 - DEBUG - pending: deque([State(pc_initial=124 nstack_initial=0), State(pc_initial=120 nstack_initial=0), State(pc_initial=138 nstack_initial=0), State(pc_initial=230 nstack_initial=0)])
2026-02-19 07:20:46,768 - DEBUG - pending: deque([State(pc_initial=120 nstack_initial=0), State(pc_initial=138 nstack_initial=0), State(pc_initial=230 nstack_initial=0)])
2026-02-19 07:20:46,768 - DEBUG - stack: []
2026-02-19 07:20:46,768 - DEBUG - state.pc_initial: State(pc_initial=120 nstack_initial=0)
2026-02-19 07:20:46,769 - DEBUG - dispatch pc=120, inst=LOAD_SMALL_INT(arg=0, lineno=1146)
2026-02-19 07:20:46,769 - DEBUG - stack []
2026-02-19 07:20:46,769 - DEBUG - dispatch pc=122, inst=STORE_FAST(arg=4, lineno=1146)
2026-02-19 07:20:46,769 - DEBUG - stack ['$const120.0.0']
2026-02-19 07:20:46,769 - DEBUG - end state. edges=[Edge(pc=124, stack=(), blockstack=(), npush=0)]
2026-02-19 07:20:46,769 - DEBUG - pending: deque([State(pc_initial=138 nstack_initial=0), State(pc_initial=230 nstack_initial=0), State(pc_initial=124 nstack_initial=0)])
2026-02-19 07:20:46,769 - DEBUG - stack: []
2026-02-19 07:20:46,769 - DEBUG - state.pc_initial: State(pc_initial=138 nstack_initial=0)
2026-02-19 07:20:46,769 - DEBUG - dispatch pc=138, inst=NOT_TAKEN(arg=None, lineno=1148)
2026-02-19 07:20:46,769 - DEBUG - stack []
2026-02-19 07:20:46,769 - DEBUG - dispatch pc=140, inst=LOAD_GLOBAL(arg=0, lineno=1149)
2026-02-19 07:20:46,769 - DEBUG - stack []
2026-02-19 07:20:46,769 - DEBUG - dispatch pc=150, inst=LOAD_ATTR(arg=2, lineno=1149)
2026-02-19 07:20:46,769 - DEBUG - stack ['$140load_global.0']
2026-02-19 07:20:46,769 - DEBUG - dispatch pc=170, inst=PUSH_NULL(arg=None, lineno=1149)
2026-02-19 07:20:46,769 - DEBUG - stack ['$150load_attr.1']
2026-02-19 07:20:46,769 - DEBUG - dispatch pc=172, inst=LOAD_FAST_BORROW(arg=3, lineno=1149)
2026-02-19 07:20:46,769 - DEBUG - stack ['$150load_attr.1', '$null$170.2']
2026-02-19 07:20:46,769 - DEBUG - dispatch pc=174, inst=CALL(arg=1, lineno=1149)
2026-02-19 07:20:46,769 - DEBUG - stack ['$150load_attr.1', '$null$170.2', '$x0172.3']
2026-02-19 07:20:46,769 - DEBUG - dispatch pc=182, inst=LOAD_GLOBAL(arg=0, lineno=1149)
2026-02-19 07:20:46,769 - DEBUG - stack ['$174call.4']
2026-02-19 07:20:46,769 - DEBUG - dispatch pc=192, inst=LOAD_ATTR(arg=2, lineno=1149)
2026-02-19 07:20:46,769 - DEBUG - stack ['$174call.4', '$182load_global.5']
2026-02-19 07:20:46,770 - DEBUG - dispatch pc=212, inst=PUSH_NULL(arg=None, lineno=1149)
2026-02-19 07:20:46,770 - DEBUG - stack ['$174call.4', '$192load_attr.6']
2026-02-19 07:20:46,770 - DEBUG - dispatch pc=214, inst=LOAD_FAST_BORROW(arg=4, lineno=1149)
2026-02-19 07:20:46,770 - DEBUG - stack ['$174call.4', '$192load_attr.6', '$null$212.7']
2026-02-19 07:20:46,770 - DEBUG - dispatch pc=216, inst=CALL(arg=1, lineno=1149)
2026-02-19 07:20:46,770 - DEBUG - stack ['$174call.4', '$192load_attr.6', '$null$212.7', '$x1214.8']
2026-02-19 07:20:46,770 - DEBUG - dispatch pc=224, inst=COMPARE_OP(arg=103, lineno=1149)
2026-02-19 07:20:46,770 - DEBUG - stack ['$174call.4', '$216call.9']
2026-02-19 07:20:46,770 - DEBUG - dispatch pc=228, inst=RETURN_VALUE(arg=None, lineno=1149)
2026-02-19 07:20:46,770 - DEBUG - stack ['$224compare_op.10']
2026-02-19 07:20:46,770 - DEBUG - end state. edges=[]
2026-02-19 07:20:46,770 - DEBUG - pending: deque([State(pc_initial=230 nstack_initial=0), State(pc_initial=124 nstack_initial=0)])
2026-02-19 07:20:46,770 - DEBUG - stack: []
2026-02-19 07:20:46,770 - DEBUG - state.pc_initial: State(pc_initial=230 nstack_initial=0)
2026-02-19 07:20:46,770 - DEBUG - dispatch pc=230, inst=LOAD_GLOBAL(arg=0, lineno=1151)
2026-02-19 07:20:46,770 - DEBUG - stack []
2026-02-19 07:20:46,770 - DEBUG - dispatch pc=240, inst=LOAD_ATTR(arg=4, lineno=1151)
2026-02-19 07:20:46,770 - DEBUG - stack ['$230load_global.0']
2026-02-19 07:20:46,770 - DEBUG - dispatch pc=260, inst=PUSH_NULL(arg=None, lineno=1151)
2026-02-19 07:20:46,770 - DEBUG - stack ['$240load_attr.1']
2026-02-19 07:20:46,770 - DEBUG - dispatch pc=262, inst=LOAD_FAST_BORROW(arg=3, lineno=1151)
2026-02-19 07:20:46,770 - DEBUG - stack ['$240load_attr.1', '$null$260.2']
2026-02-19 07:20:46,770 - DEBUG - dispatch pc=264, inst=CALL(arg=1, lineno=1151)
2026-02-19 07:20:46,770 - DEBUG - stack ['$240load_attr.1', '$null$260.2', '$x0262.3']
2026-02-19 07:20:46,770 - DEBUG - dispatch pc=272, inst=LOAD_GLOBAL(arg=0, lineno=1151)
2026-02-19 07:20:46,770 - DEBUG - stack ['$264call.4']
2026-02-19 07:20:46,770 - DEBUG - dispatch pc=282, inst=LOAD_ATTR(arg=4, lineno=1151)
2026-02-19 07:20:46,770 - DEBUG - stack ['$264call.4', '$272load_global.5']
2026-02-19 07:20:46,771 - DEBUG - dispatch pc=302, inst=PUSH_NULL(arg=None, lineno=1151)
2026-02-19 07:20:46,771 - DEBUG - stack ['$264call.4', '$282load_attr.6']
2026-02-19 07:20:46,771 - DEBUG - dispatch pc=304, inst=LOAD_FAST_BORROW(arg=4, lineno=1151)
2026-02-19 07:20:46,771 - DEBUG - stack ['$264call.4', '$282load_attr.6', '$null$302.7']
2026-02-19 07:20:46,771 - DEBUG - dispatch pc=306, inst=CALL(arg=1, lineno=1151)
2026-02-19 07:20:46,771 - DEBUG - stack ['$264call.4', '$282load_attr.6', '$null$302.7', '$x1304.8']
2026-02-19 07:20:46,771 - DEBUG - dispatch pc=314, inst=COMPARE_OP(arg=103, lineno=1151)
2026-02-19 07:20:46,771 - DEBUG - stack ['$264call.4', '$306call.9']
2026-02-19 07:20:46,771 - DEBUG - dispatch pc=318, inst=RETURN_VALUE(arg=None, lineno=1151)
2026-02-19 07:20:46,771 - DEBUG - stack ['$314compare_op.10']
2026-02-19 07:20:46,771 - DEBUG - end state. edges=[]
2026-02-19 07:20:46,771 - DEBUG - pending: deque([State(pc_initial=124 nstack_initial=0)])
2026-02-19 07:20:46,772 - DEBUG - -------------------------Prune PHIs-------------------------
2026-02-19 07:20:46,772 - DEBUG - Used_phis: defaultdict(<class 'set'>,
            {State(pc_initial=0 nstack_initial=0): set(),
             State(pc_initial=40 nstack_initial=1): {'$phi40.0'},
             State(pc_initial=52 nstack_initial=0): set(),
             State(pc_initial=56 nstack_initial=1): set(),
             State(pc_initial=60 nstack_initial=0): set(),
             State(pc_initial=64 nstack_initial=0): set(),
             State(pc_initial=100 nstack_initial=1): {'$phi100.0'},
             State(pc_initial=112 nstack_initial=0): set(),
             State(pc_initial=116 nstack_initial=1): set(),
             State(pc_initial=120 nstack_initial=0): set(),
             State(pc_initial=124 nstack_initial=0): set(),
             State(pc_initial=138 nstack_initial=0): set(),
             State(pc_initial=230 nstack_initial=0): set()})
2026-02-19 07:20:46,772 - DEBUG - defmap: {'$phi100.0': State(pc_initial=64 nstack_initial=0),
 '$phi116.0': State(pc_initial=64 nstack_initial=0),
 '$phi40.0': State(pc_initial=0 nstack_initial=0),
 '$phi56.0': State(pc_initial=0 nstack_initial=0)}
2026-02-19 07:20:46,772 - DEBUG - phismap: defaultdict(<class 'set'>,
            {'$phi100.0': {('$x186.5', State(pc_initial=64 nstack_initial=0))},
             '$phi116.0': {('$x186.5', State(pc_initial=64 nstack_initial=0))},
             '$phi40.0': {('$x026.5', State(pc_initial=0 nstack_initial=0))},
             '$phi56.0': {('$x026.5', State(pc_initial=0 nstack_initial=0))}})
2026-02-19 07:20:46,772 - DEBUG - changing phismap: defaultdict(<class 'set'>,
            {'$phi100.0': {('$x186.5', State(pc_initial=64 nstack_initial=0))},
             '$phi116.0': {('$x186.5', State(pc_initial=64 nstack_initial=0))},
             '$phi40.0': {('$x026.5', State(pc_initial=0 nstack_initial=0))},
             '$phi56.0': {('$x026.5', State(pc_initial=0 nstack_initial=0))}})
2026-02-19 07:20:46,772 - DEBUG - keep phismap: {'$phi100.0': {('$x186.5', State(pc_initial=64 nstack_initial=0))},
 '$phi40.0': {('$x026.5', State(pc_initial=0 nstack_initial=0))}}
2026-02-19 07:20:46,772 - DEBUG - new_out: defaultdict(<class 'dict'>,
            {State(pc_initial=0 nstack_initial=0): {'$phi40.0': '$x026.5'},
             State(pc_initial=64 nstack_initial=0): {'$phi100.0': '$x186.5'}})
2026-02-19 07:20:46,773 - DEBUG - ----------------------DONE Prune PHIs-----------------------
2026-02-19 07:20:46,773 - DEBUG - block_infos State(pc_initial=0 nstack_initial=0):
AdaptBlockInfo(insts=((0, {}), (2, {}), (4, {'res': '$x4.0'}), (6, {'res': '$const6.1.0'}), (8, {'op': '[]', 'lhs': '$x4.0', 'rhs': '$const6.1.0', 'res': '$8binary_op.2'}), (20, {'value': '$8binary_op.2'}), (22, {'res': '$threshold22.3'}), (24, {'value': '$threshold22.3', 'res': '$24unary_negative.4'}), (26, {'res': '$x026.5'}), (32, {'lhs': '$24unary_negative.4', 'rhs': '$x026.5', 'res': '$32compare_op.6'}), (36, {'pred': '$32compare_op.6'})), outgoing_phis={'$phi40.0': '$x026.5'}, blockstack=(), active_try_block=None, outgoing_edgepushed={40: ('$x026.5',), 56: ('$x026.5',)})
2026-02-19 07:20:46,773 - DEBUG - block_infos State(pc_initial=40 nstack_initial=1):
AdaptBlockInfo(insts=((40, {}), (42, {'res': '$threshold42.1'}), (44, {'lhs': '$phi40.0', 'rhs': '$threshold42.1', 'res': '$44compare_op.2'}), (48, {'pred': '$44compare_op.2'})), outgoing_phis={}, blockstack=(), active_try_block=None, outgoing_edgepushed={52: (), 64: ()})
2026-02-19 07:20:46,773 - DEBUG - block_infos State(pc_initial=52 nstack_initial=0):
AdaptBlockInfo(insts=((52, {}), (54, {})), outgoing_phis={}, blockstack=(), active_try_block=None, outgoing_edgepushed={60: ()})
2026-02-19 07:20:46,773 - DEBUG - block_infos State(pc_initial=56 nstack_initial=1):
AdaptBlockInfo(insts=((58, {}),), outgoing_phis={}, blockstack=(), active_try_block=None, outgoing_edgepushed={64: ()})
2026-02-19 07:20:46,773 - DEBUG - block_infos State(pc_initial=60 nstack_initial=0):
AdaptBlockInfo(insts=((60, {'res': '$const60.0.0'}), (62, {'value': '$const60.0.0'})), outgoing_phis={}, blockstack=(), active_try_block=None, outgoing_edgepushed={64: ()})
2026-02-19 07:20:46,773 - DEBUG - block_infos State(pc_initial=64 nstack_initial=0):
AdaptBlockInfo(insts=((64, {'res': '$x64.0'}), (66, {'res': '$const66.1.1'}), (68, {'op': '[]', 'lhs': '$x64.0', 'rhs': '$const66.1.1', 'res': '$68binary_op.2'}), (80, {'value': '$68binary_op.2'}), (82, {'res': '$threshold82.3'}), (84, {'value': '$threshold82.3', 'res': '$84unary_negative.4'}), (86, {'res': '$x186.5'}), (92, {'lhs': '$84unary_negative.4', 'rhs': '$x186.5', 'res': '$92compare_op.6'}), (96, {'pred': '$92compare_op.6'})), outgoing_phis={'$phi100.0': '$x186.5'}, blockstack=(), active_try_block=None, outgoing_edgepushed={100: ('$x186.5',), 116: ('$x186.5',)})
2026-02-19 07:20:46,773 - DEBUG - block_infos State(pc_initial=100 nstack_initial=1):
AdaptBlockInfo(insts=((100, {}), (102, {'res': '$threshold102.1'}), (104, {'lhs': '$phi100.0', 'rhs': '$threshold102.1', 'res': '$104compare_op.2'}), (108, {'pred': '$104compare_op.2'})), outgoing_phis={}, blockstack=(), active_try_block=None, outgoing_edgepushed={112: (), 124: ()})
2026-02-19 07:20:46,773 - DEBUG - block_infos State(pc_initial=112 nstack_initial=0):
AdaptBlockInfo(insts=((112, {}), (114, {})), outgoing_phis={}, blockstack=(), active_try_block=None, outgoing_edgepushed={120: ()})
2026-02-19 07:20:46,773 - DEBUG - block_infos State(pc_initial=116 nstack_initial=1):
AdaptBlockInfo(insts=((118, {}),), outgoing_phis={}, blockstack=(), active_try_block=None, outgoing_edgepushed={124: ()})
2026-02-19 07:20:46,773 - DEBUG - block_infos State(pc_initial=120 nstack_initial=0):
AdaptBlockInfo(insts=((120, {'res': '$const120.0.0'}), (122, {'value': '$const120.0.0'})), outgoing_phis={}, blockstack=(), active_try_block=None, outgoing_edgepushed={124: ()})
2026-02-19 07:20:46,773 - DEBUG - block_infos State(pc_initial=124 nstack_initial=0):
AdaptBlockInfo(insts=((124, {'res': '$zero_pos124.0'}), (126, {'val': '$zero_pos124.0', 'res': '$126to_bool.1'}), (134, {'pred': '$126to_bool.1'})), outgoing_phis={}, blockstack=(), active_try_block=None, outgoing_edgepushed={138: (), 230: ()})
2026-02-19 07:20:46,773 - DEBUG - block_infos State(pc_initial=138 nstack_initial=0):
AdaptBlockInfo(insts=((138, {}), (140, {'idx': 0, 'res': '$140load_global.0'}), (150, {'item': '$140load_global.0', 'res': '$150load_attr.1'}), (170, {}), (172, {'res': '$x0172.3'}), (174, {'func': '$150load_attr.1', 'args': ['$x0172.3'], 'kw_names': None, 'res': '$174call.4'}), (182, {'idx': 0, 'res': '$182load_global.5'}), (192, {'item': '$182load_global.5', 'res': '$192load_attr.6'}), (212, {}), (214, {'res': '$x1214.8'}), (216, {'func': '$192load_attr.6', 'args': ['$x1214.8'], 'kw_names': None, 'res': '$216call.9'}), (224, {'lhs': '$174call.4', 'rhs': '$216call.9', 'res': '$224compare_op.10'}), (228, {'retval': '$224compare_op.10', 'castval': '$228return_value.11'})), outgoing_phis={}, blockstack=(), active_try_block=None, outgoing_edgepushed={})
2026-02-19 07:20:46,773 - DEBUG - block_infos State(pc_initial=230 nstack_initial=0):
AdaptBlockInfo(insts=((230, {'idx': 0, 'res': '$230load_global.0'}), (240, {'item': '$230load_global.0', 'res': '$240load_attr.1'}), (260, {}), (262, {'res': '$x0262.3'}), (264, {'func': '$240load_attr.1', 'args': ['$x0262.3'], 'kw_names': None, 'res': '$264call.4'}), (272, {'idx': 0, 'res': '$272load_global.5'}), (282, {'item': '$272load_global.5', 'res': '$282load_attr.6'}), (302, {}), (304, {'res': '$x1304.8'}), (306, {'func': '$282load_attr.6', 'args': ['$x1304.8'], 'kw_names': None, 'res': '$306call.9'}), (314, {'lhs': '$264call.4', 'rhs': '$306call.9', 'res': '$314compare_op.10'}), (318, {'retval': '$314compare_op.10', 'castval': '$318return_value.11'})), outgoing_phis={}, blockstack=(), active_try_block=None, outgoing_edgepushed={})
2026-02-19 07:20:46,774 - DEBUG - label 0:
    x = arg(0, name=x)                       ['x']
    threshold = arg(1, name=threshold)       ['threshold']
    zero_pos = arg(2, name=zero_pos)         ['zero_pos']
    $const6.1.0 = const(int, 0)              ['$const6.1.0']
    x0 = getitem(value=x, index=$const6.1.0, fn=<built-in function getitem>) ['$const6.1.0', 'x', 'x0']
    $24unary_negative.4 = unary(fn=<built-in function neg>, value=threshold) ['$24unary_negative.4', 'threshold']
    $32compare_op.6 = $24unary_negative.4 <= x0 ['$24unary_negative.4', '$32compare_op.6', 'x0']
    $bool36 = global(bool: <class 'bool'>)   ['$bool36']
    $36pred = call $bool36($32compare_op.6, func=$bool36, args=(Var($32compare_op.6, audio.py:1141),), kws=(), vararg=None, varkwarg=None, target=None) ['$32compare_op.6', '$36pred', '$bool36']
    $phi40.0 = x0                            ['$phi40.0', 'x0']
    branch $36pred, 40, 56                   ['$36pred']
label 40:
    $44compare_op.2 = $phi40.0 <= threshold  ['$44compare_op.2', '$phi40.0', 'threshold']
    $bool48 = global(bool: <class 'bool'>)   ['$bool48']
    $48pred = call $bool48($44compare_op.2, func=$bool48, args=(Var($44compare_op.2, audio.py:1141),), kws=(), vararg=None, varkwarg=None, target=None) ['$44compare_op.2', '$48pred', '$bool48']
    branch $48pred, 52, 64                   ['$48pred']
label 52:
    jump 60                                  []
label 56:
    jump 64                                  []
label 60:
    x0 = const(int, 0)                       ['x0']
    jump 64                                  []
label 64:
    $const66.1.1 = const(int, -1)            ['$const66.1.1']
    x1 = getitem(value=x, index=$const66.1.1, fn=<built-in function getitem>) ['$const66.1.1', 'x', 'x1']
    $84unary_negative.4 = unary(fn=<built-in function neg>, value=threshold) ['$84unary_negative.4', 'threshold']
    $92compare_op.6 = $84unary_negative.4 <= x1 ['$84unary_negative.4', '$92compare_op.6', 'x1']
    $bool96 = global(bool: <class 'bool'>)   ['$bool96']
    $96pred = call $bool96($92compare_op.6, func=$bool96, args=(Var($92compare_op.6, audio.py:1145),), kws=(), vararg=None, varkwarg=None, target=None) ['$92compare_op.6', '$96pred', '$bool96']
    $phi100.0 = x1                           ['$phi100.0', 'x1']
    branch $96pred, 100, 116                 ['$96pred']
label 100:
    $104compare_op.2 = $phi100.0 <= threshold ['$104compare_op.2', '$phi100.0', 'threshold']
    $bool108 = global(bool: <class 'bool'>)  ['$bool108']
    $108pred = call $bool108($104compare_op.2, func=$bool108, args=(Var($104compare_op.2, audio.py:1145),), kws=(), vararg=None, varkwarg=None, target=None) ['$104compare_op.2', '$108pred', '$bool108']
    branch $108pred, 112, 124                ['$108pred']
label 112:
    jump 120                                 []
label 116:
    jump 124                                 []
label 120:
    x1 = const(int, 0)                       ['x1']
    jump 124                                 []
label 124:
    $bool134 = global(bool: <class 'bool'>)  ['$bool134']
    $134pred = call $bool134(zero_pos, func=$bool134, args=(Var(zero_pos, audio.py:1137),), kws=(), vararg=None, varkwarg=None, target=None) ['$134pred', '$bool134', 'zero_pos']
    branch $134pred, 138, 230                ['$134pred']
label 138:
    $140load_global.0 = global(np: <module 'numpy' from 'C:\\Users\\WINDOWS\\Desktop\\ai_stress_detector\\venv\\Lib\\site-packages\\numpy\\__init__.py'>) ['$140load_global.0']
    $150load_attr.1 = getattr(value=$140load_global.0, attr=signbit) ['$140load_global.0', '$150load_attr.1']
    $174call.4 = call $150load_attr.1(x0, func=$150load_attr.1, args=[Var(x0, audio.py:1140)], kws=(), vararg=None, varkwarg=None, target=None) ['$150load_attr.1', '$174call.4', 'x0']
    $182load_global.5 = global(np: <module 'numpy' from 'C:\\Users\\WINDOWS\\Desktop\\ai_stress_detector\\venv\\Lib\\site-packages\\numpy\\__init__.py'>) ['$182load_global.5']
    $192load_attr.6 = getattr(value=$182load_global.5, attr=signbit) ['$182load_global.5', '$192load_attr.6']
    $216call.9 = call $192load_attr.6(x1, func=$192load_attr.6, args=[Var(x1, audio.py:1144)], kws=(), vararg=None, varkwarg=None, target=None) ['$192load_attr.6', '$216call.9', 'x1']
    $224compare_op.10 = $174call.4 != $216call.9 ['$174call.4', '$216call.9', '$224compare_op.10']
    $228return_value.11 = cast(value=$224compare_op.10) ['$224compare_op.10', '$228return_value.11']
    return $228return_value.11               ['$228return_value.11']
label 230:
    $230load_global.0 = global(np: <module 'numpy' from 'C:\\Users\\WINDOWS\\Desktop\\ai_stress_detector\\venv\\Lib\\site-packages\\numpy\\__init__.py'>) ['$230load_global.0']
    $240load_attr.1 = getattr(value=$230load_global.0, attr=sign) ['$230load_global.0', '$240load_attr.1']
    $264call.4 = call $240load_attr.1(x0, func=$240load_attr.1, args=[Var(x0, audio.py:1140)], kws=(), vararg=None, varkwarg=None, target=None) ['$240load_attr.1', '$264call.4', 'x0']
    $272load_global.5 = global(np: <module 'numpy' from 'C:\\Users\\WINDOWS\\Desktop\\ai_stress_detector\\venv\\Lib\\site-packages\\numpy\\__init__.py'>) ['$272load_global.5']
    $282load_attr.6 = getattr(value=$272load_global.5, attr=sign) ['$272load_global.5', '$282load_attr.6']
    $306call.9 = call $282load_attr.6(x1, func=$282load_attr.6, args=[Var(x1, audio.py:1144)], kws=(), vararg=None, varkwarg=None, target=None) ['$282load_attr.6', '$306call.9', 'x1']
    $314compare_op.10 = $264call.4 != $306call.9 ['$264call.4', '$306call.9', '$314compare_op.10']
    $318return_value.11 = cast(value=$314compare_op.10) ['$314compare_op.10', '$318return_value.11']
    return $318return_value.11               ['$318return_value.11']

2026-02-19 07:20:47,147 - DEBUG - bytecode dump:
>          0	NOP(arg=None, lineno=1023)
           2	RESUME(arg=0, lineno=1023)
           4	LOAD_FAST_BORROW(arg=0, lineno=1026)
           6	LOAD_SMALL_INT(arg=0, lineno=1026)
           8	BINARY_OP(arg=26, lineno=1026)
          20	LOAD_FAST_BORROW(arg=0, lineno=1026)
          22	LOAD_CONST(arg=1, lineno=1026)
          24	BINARY_OP(arg=26, lineno=1026)
          36	COMPARE_OP(arg=132, lineno=1026)
          40	LOAD_FAST_BORROW(arg=0, lineno=1026)
          42	LOAD_SMALL_INT(arg=0, lineno=1026)
          44	BINARY_OP(arg=26, lineno=1026)
          56	LOAD_FAST_BORROW(arg=0, lineno=1026)
          58	LOAD_SMALL_INT(arg=1, lineno=1026)
          60	BINARY_OP(arg=26, lineno=1026)
          72	COMPARE_OP(arg=172, lineno=1026)
          76	BINARY_OP(arg=1, lineno=1026)
          88	RETURN_VALUE(arg=None, lineno=1026)
2026-02-19 07:20:47,147 - DEBUG - pending: deque([State(pc_initial=0 nstack_initial=0)])
2026-02-19 07:20:47,148 - DEBUG - stack: []
2026-02-19 07:20:47,148 - DEBUG - state.pc_initial: State(pc_initial=0 nstack_initial=0)
2026-02-19 07:20:47,148 - DEBUG - dispatch pc=0, inst=NOP(arg=None, lineno=1023)
2026-02-19 07:20:47,148 - DEBUG - stack []
2026-02-19 07:20:47,148 - DEBUG - dispatch pc=2, inst=RESUME(arg=0, lineno=1023)
2026-02-19 07:20:47,148 - DEBUG - stack []
2026-02-19 07:20:47,148 - DEBUG - dispatch pc=4, inst=LOAD_FAST_BORROW(arg=0, lineno=1026)
2026-02-19 07:20:47,148 - DEBUG - stack []
2026-02-19 07:20:47,148 - DEBUG - dispatch pc=6, inst=LOAD_SMALL_INT(arg=0, lineno=1026)
2026-02-19 07:20:47,148 - DEBUG - stack ['$x4.0']
2026-02-19 07:20:47,148 - DEBUG - dispatch pc=8, inst=BINARY_OP(arg=26, lineno=1026)
2026-02-19 07:20:47,148 - DEBUG - stack ['$x4.0', '$const6.1.0']
2026-02-19 07:20:47,148 - DEBUG - dispatch pc=20, inst=LOAD_FAST_BORROW(arg=0, lineno=1026)
2026-02-19 07:20:47,148 - DEBUG - stack ['$8binary_op.2']
2026-02-19 07:20:47,148 - DEBUG - dispatch pc=22, inst=LOAD_CONST(arg=1, lineno=1026)
2026-02-19 07:20:47,148 - DEBUG - stack ['$8binary_op.2', '$x20.3']
2026-02-19 07:20:47,148 - DEBUG - dispatch pc=24, inst=BINARY_OP(arg=26, lineno=1026)
2026-02-19 07:20:47,148 - DEBUG - stack ['$8binary_op.2', '$x20.3', '$const22.4.1']
2026-02-19 07:20:47,148 - DEBUG - dispatch pc=36, inst=COMPARE_OP(arg=132, lineno=1026)
2026-02-19 07:20:47,148 - DEBUG - stack ['$8binary_op.2', '$24binary_op.5']
2026-02-19 07:20:47,148 - DEBUG - dispatch pc=40, inst=LOAD_FAST_BORROW(arg=0, lineno=1026)
2026-02-19 07:20:47,149 - DEBUG - stack ['$36compare_op.6']
2026-02-19 07:20:47,149 - DEBUG - dispatch pc=42, inst=LOAD_SMALL_INT(arg=0, lineno=1026)
2026-02-19 07:20:47,149 - DEBUG - stack ['$36compare_op.6', '$x40.7']
2026-02-19 07:20:47,149 - DEBUG - dispatch pc=44, inst=BINARY_OP(arg=26, lineno=1026)
2026-02-19 07:20:47,149 - DEBUG - stack ['$36compare_op.6', '$x40.7', '$const42.8.0']
2026-02-19 07:20:47,149 - DEBUG - dispatch pc=56, inst=LOAD_FAST_BORROW(arg=0, lineno=1026)
2026-02-19 07:20:47,149 - DEBUG - stack ['$36compare_op.6', '$44binary_op.9']
2026-02-19 07:20:47,149 - DEBUG - dispatch pc=58, inst=LOAD_SMALL_INT(arg=1, lineno=1026)
2026-02-19 07:20:47,149 - DEBUG - stack ['$36compare_op.6', '$44binary_op.9', '$x56.10']
2026-02-19 07:20:47,149 - DEBUG - dispatch pc=60, inst=BINARY_OP(arg=26, lineno=1026)
2026-02-19 07:20:47,149 - DEBUG - stack ['$36compare_op.6', '$44binary_op.9', '$x56.10', '$const58.11.1']
2026-02-19 07:20:47,149 - DEBUG - dispatch pc=72, inst=COMPARE_OP(arg=172, lineno=1026)
2026-02-19 07:20:47,149 - DEBUG - stack ['$36compare_op.6', '$44binary_op.9', '$60binary_op.12']
2026-02-19 07:20:47,149 - DEBUG - dispatch pc=76, inst=BINARY_OP(arg=1, lineno=1026)
2026-02-19 07:20:47,149 - DEBUG - stack ['$36compare_op.6', '$72compare_op.13']
2026-02-19 07:20:47,149 - DEBUG - dispatch pc=88, inst=RETURN_VALUE(arg=None, lineno=1026)
2026-02-19 07:20:47,149 - DEBUG - stack ['$binop_and_76.14']
2026-02-19 07:20:47,149 - DEBUG - end state. edges=[]
2026-02-19 07:20:47,149 - DEBUG - -------------------------Prune PHIs-------------------------
2026-02-19 07:20:47,149 - DEBUG - Used_phis: defaultdict(<class 'set'>, {State(pc_initial=0 nstack_initial=0): set()})
2026-02-19 07:20:47,150 - DEBUG - defmap: {}
2026-02-19 07:20:47,150 - DEBUG - phismap: defaultdict(<class 'set'>, {})
2026-02-19 07:20:47,150 - DEBUG - changing phismap: defaultdict(<class 'set'>, {})
2026-02-19 07:20:47,150 - DEBUG - keep phismap: {}
2026-02-19 07:20:47,150 - DEBUG - new_out: defaultdict(<class 'dict'>, {})
2026-02-19 07:20:47,150 - DEBUG - ----------------------DONE Prune PHIs-----------------------
2026-02-19 07:20:47,150 - DEBUG - block_infos State(pc_initial=0 nstack_initial=0):
AdaptBlockInfo(insts=((0, {}), (2, {}), (4, {'res': '$x4.0'}), (6, {'res': '$const6.1.0'}), (8, {'op': '[]', 'lhs': '$x4.0', 'rhs': '$const6.1.0', 'res': '$8binary_op.2'}), (20, {'res': '$x20.3'}), (22, {'res': '$const22.4.1'}), (24, {'op': '[]', 'lhs': '$x20.3', 'rhs': '$const22.4.1', 'res': '$24binary_op.5'}), (36, {'lhs': '$8binary_op.2', 'rhs': '$24binary_op.5', 'res': '$36compare_op.6'}), (40, {'res': '$x40.7'}), (42, {'res': '$const42.8.0'}), (44, {'op': '[]', 'lhs': '$x40.7', 'rhs': '$const42.8.0', 'res': '$44binary_op.9'}), (56, {'res': '$x56.10'}), (58, {'res': '$const58.11.1'}), (60, {'op': '[]', 'lhs': '$x56.10', 'rhs': '$const58.11.1', 'res': '$60binary_op.12'}), (72, {'lhs': '$44binary_op.9', 'rhs': '$60binary_op.12', 'res': '$72compare_op.13'}), (76, {'op': '&', 'lhs': '$36compare_op.6', 'rhs': '$72compare_op.13', 'res': '$binop_and_76.14'}), (88, {'retval': '$binop_and_76.14', 'castval': '$88return_value.15'})), outgoing_phis={}, blockstack=(), active_try_block=None, outgoing_edgepushed={})
2026-02-19 07:20:47,150 - DEBUG - label 0:
    x = arg(0, name=x)                       ['x']
    $const6.1.0 = const(int, 0)              ['$const6.1.0']
    $8binary_op.2 = getitem(value=x, index=$const6.1.0, fn=<built-in function getitem>) ['$8binary_op.2', '$const6.1.0', 'x']
    $const22.4.1 = const(int, -1)            ['$const22.4.1']
    $24binary_op.5 = getitem(value=x, index=$const22.4.1, fn=<built-in function getitem>) ['$24binary_op.5', '$const22.4.1', 'x']
    $36compare_op.6 = $8binary_op.2 > $24binary_op.5 ['$24binary_op.5', '$36compare_op.6', '$8binary_op.2']
    $const42.8.0 = const(int, 0)             ['$const42.8.0']
    $44binary_op.9 = getitem(value=x, index=$const42.8.0, fn=<built-in function getitem>) ['$44binary_op.9', '$const42.8.0', 'x']
    $const58.11.1 = const(int, 1)            ['$const58.11.1']
    $60binary_op.12 = getitem(value=x, index=$const58.11.1, fn=<built-in function getitem>) ['$60binary_op.12', '$const58.11.1', 'x']
    $72compare_op.13 = $44binary_op.9 >= $60binary_op.12 ['$44binary_op.9', '$60binary_op.12', '$72compare_op.13']
    $binop_and_76.14 = $36compare_op.6 & $72compare_op.13 ['$36compare_op.6', '$72compare_op.13', '$binop_and_76.14']
    $88return_value.15 = cast(value=$binop_and_76.14) ['$88return_value.15', '$binop_and_76.14']
    return $88return_value.15                ['$88return_value.15']

2026-02-19 07:20:47,151 - DEBUG - bytecode dump:
>          0	NOP(arg=None, lineno=1029)
           2	RESUME(arg=0, lineno=1029)
           4	LOAD_FAST_BORROW(arg=0, lineno=1032)
           6	LOAD_SMALL_INT(arg=0, lineno=1032)
           8	BINARY_OP(arg=26, lineno=1032)
          20	LOAD_FAST_BORROW(arg=0, lineno=1032)
          22	LOAD_CONST(arg=1, lineno=1032)
          24	BINARY_OP(arg=26, lineno=1032)
          36	COMPARE_OP(arg=2, lineno=1032)
          40	LOAD_FAST_BORROW(arg=0, lineno=1032)
          42	LOAD_SMALL_INT(arg=0, lineno=1032)
          44	BINARY_OP(arg=26, lineno=1032)
          56	LOAD_FAST_BORROW(arg=0, lineno=1032)
          58	LOAD_SMALL_INT(arg=1, lineno=1032)
          60	BINARY_OP(arg=26, lineno=1032)
          72	COMPARE_OP(arg=42, lineno=1032)
          76	BINARY_OP(arg=1, lineno=1032)
          88	RETURN_VALUE(arg=None, lineno=1032)
2026-02-19 07:20:47,151 - DEBUG - pending: deque([State(pc_initial=0 nstack_initial=0)])
2026-02-19 07:20:47,151 - DEBUG - stack: []
2026-02-19 07:20:47,151 - DEBUG - state.pc_initial: State(pc_initial=0 nstack_initial=0)
2026-02-19 07:20:47,151 - DEBUG - dispatch pc=0, inst=NOP(arg=None, lineno=1029)
2026-02-19 07:20:47,151 - DEBUG - stack []
2026-02-19 07:20:47,151 - DEBUG - dispatch pc=2, inst=RESUME(arg=0, lineno=1029)
2026-02-19 07:20:47,151 - DEBUG - stack []
2026-02-19 07:20:47,151 - DEBUG - dispatch pc=4, inst=LOAD_FAST_BORROW(arg=0, lineno=1032)
2026-02-19 07:20:47,151 - DEBUG - stack []
2026-02-19 07:20:47,151 - DEBUG - dispatch pc=6, inst=LOAD_SMALL_INT(arg=0, lineno=1032)
2026-02-19 07:20:47,151 - DEBUG - stack ['$x4.0']
2026-02-19 07:20:47,151 - DEBUG - dispatch pc=8, inst=BINARY_OP(arg=26, lineno=1032)
2026-02-19 07:20:47,152 - DEBUG - stack ['$x4.0', '$const6.1.0']
2026-02-19 07:20:47,152 - DEBUG - dispatch pc=20, inst=LOAD_FAST_BORROW(arg=0, lineno=1032)
2026-02-19 07:20:47,152 - DEBUG - stack ['$8binary_op.2']
2026-02-19 07:20:47,152 - DEBUG - dispatch pc=22, inst=LOAD_CONST(arg=1, lineno=1032)
2026-02-19 07:20:47,152 - DEBUG - stack ['$8binary_op.2', '$x20.3']
2026-02-19 07:20:47,152 - DEBUG - dispatch pc=24, inst=BINARY_OP(arg=26, lineno=1032)
2026-02-19 07:20:47,152 - DEBUG - stack ['$8binary_op.2', '$x20.3', '$const22.4.1']
2026-02-19 07:20:47,152 - DEBUG - dispatch pc=36, inst=COMPARE_OP(arg=2, lineno=1032)
2026-02-19 07:20:47,152 - DEBUG - stack ['$8binary_op.2', '$24binary_op.5']
2026-02-19 07:20:47,152 - DEBUG - dispatch pc=40, inst=LOAD_FAST_BORROW(arg=0, lineno=1032)
2026-02-19 07:20:47,152 - DEBUG - stack ['$36compare_op.6']
2026-02-19 07:20:47,152 - DEBUG - dispatch pc=42, inst=LOAD_SMALL_INT(arg=0, lineno=1032)
2026-02-19 07:20:47,152 - DEBUG - stack ['$36compare_op.6', '$x40.7']
2026-02-19 07:20:47,152 - DEBUG - dispatch pc=44, inst=BINARY_OP(arg=26, lineno=1032)
2026-02-19 07:20:47,152 - DEBUG - stack ['$36compare_op.6', '$x40.7', '$const42.8.0']
2026-02-19 07:20:47,152 - DEBUG - dispatch pc=56, inst=LOAD_FAST_BORROW(arg=0, lineno=1032)
2026-02-19 07:20:47,152 - DEBUG - stack ['$36compare_op.6', '$44binary_op.9']
2026-02-19 07:20:47,152 - DEBUG - dispatch pc=58, inst=LOAD_SMALL_INT(arg=1, lineno=1032)
2026-02-19 07:20:47,152 - DEBUG - stack ['$36compare_op.6', '$44binary_op.9', '$x56.10']
2026-02-19 07:20:47,152 - DEBUG - dispatch pc=60, inst=BINARY_OP(arg=26, lineno=1032)
2026-02-19 07:20:47,152 - DEBUG - stack ['$36compare_op.6', '$44binary_op.9', '$x56.10', '$const58.11.1']
2026-02-19 07:20:47,152 - DEBUG - dispatch pc=72, inst=COMPARE_OP(arg=42, lineno=1032)
2026-02-19 07:20:47,152 - DEBUG - stack ['$36compare_op.6', '$44binary_op.9', '$60binary_op.12']
2026-02-19 07:20:47,152 - DEBUG - dispatch pc=76, inst=BINARY_OP(arg=1, lineno=1032)
2026-02-19 07:20:47,152 - DEBUG - stack ['$36compare_op.6', '$72compare_op.13']
2026-02-19 07:20:47,152 - DEBUG - dispatch pc=88, inst=RETURN_VALUE(arg=None, lineno=1032)
2026-02-19 07:20:47,152 - DEBUG - stack ['$binop_and_76.14']
2026-02-19 07:20:47,152 - DEBUG - end state. edges=[]
2026-02-19 07:20:47,153 - DEBUG - -------------------------Prune PHIs-------------------------
2026-02-19 07:20:47,153 - DEBUG - Used_phis: defaultdict(<class 'set'>, {State(pc_initial=0 nstack_initial=0): set()})
2026-02-19 07:20:47,153 - DEBUG - defmap: {}
2026-02-19 07:20:47,153 - DEBUG - phismap: defaultdict(<class 'set'>, {})
2026-02-19 07:20:47,153 - DEBUG - changing phismap: defaultdict(<class 'set'>, {})
2026-02-19 07:20:47,153 - DEBUG - keep phismap: {}
2026-02-19 07:20:47,153 - DEBUG - new_out: defaultdict(<class 'dict'>, {})
2026-02-19 07:20:47,153 - DEBUG - ----------------------DONE Prune PHIs-----------------------
2026-02-19 07:20:47,153 - DEBUG - block_infos State(pc_initial=0 nstack_initial=0):
AdaptBlockInfo(insts=((0, {}), (2, {}), (4, {'res': '$x4.0'}), (6, {'res': '$const6.1.0'}), (8, {'op': '[]', 'lhs': '$x4.0', 'rhs': '$const6.1.0', 'res': '$8binary_op.2'}), (20, {'res': '$x20.3'}), (22, {'res': '$const22.4.1'}), (24, {'op': '[]', 'lhs': '$x20.3', 'rhs': '$const22.4.1', 'res': '$24binary_op.5'}), (36, {'lhs': '$8binary_op.2', 'rhs': '$24binary_op.5', 'res': '$36compare_op.6'}), (40, {'res': '$x40.7'}), (42, {'res': '$const42.8.0'}), (44, {'op': '[]', 'lhs': '$x40.7', 'rhs': '$const42.8.0', 'res': '$44binary_op.9'}), (56, {'res': '$x56.10'}), (58, {'res': '$const58.11.1'}), (60, {'op': '[]', 'lhs': '$x56.10', 'rhs': '$const58.11.1', 'res': '$60binary_op.12'}), (72, {'lhs': '$44binary_op.9', 'rhs': '$60binary_op.12', 'res': '$72compare_op.13'}), (76, {'op': '&', 'lhs': '$36compare_op.6', 'rhs': '$72compare_op.13', 'res': '$binop_and_76.14'}), (88, {'retval': '$binop_and_76.14', 'castval': '$88return_value.15'})), outgoing_phis={}, blockstack=(), active_try_block=None, outgoing_edgepushed={})
2026-02-19 07:20:47,153 - DEBUG - label 0:
    x = arg(0, name=x)                       ['x']
    $const6.1.0 = const(int, 0)              ['$const6.1.0']
    $8binary_op.2 = getitem(value=x, index=$const6.1.0, fn=<built-in function getitem>) ['$8binary_op.2', '$const6.1.0', 'x']
    $const22.4.1 = const(int, -1)            ['$const22.4.1']
    $24binary_op.5 = getitem(value=x, index=$const22.4.1, fn=<built-in function getitem>) ['$24binary_op.5', '$const22.4.1', 'x']
    $36compare_op.6 = $8binary_op.2 < $24binary_op.5 ['$24binary_op.5', '$36compare_op.6', '$8binary_op.2']
    $const42.8.0 = const(int, 0)             ['$const42.8.0']
    $44binary_op.9 = getitem(value=x, index=$const42.8.0, fn=<built-in function getitem>) ['$44binary_op.9', '$const42.8.0', 'x']
    $const58.11.1 = const(int, 1)            ['$const58.11.1']
    $60binary_op.12 = getitem(value=x, index=$const58.11.1, fn=<built-in function getitem>) ['$60binary_op.12', '$const58.11.1', 'x']
    $72compare_op.13 = $44binary_op.9 <= $60binary_op.12 ['$44binary_op.9', '$60binary_op.12', '$72compare_op.13']
    $binop_and_76.14 = $36compare_op.6 & $72compare_op.13 ['$36compare_op.6', '$72compare_op.13', '$binop_and_76.14']
    $88return_value.15 = cast(value=$binop_and_76.14) ['$88return_value.15', '$binop_and_76.14']
    return $88return_value.15                ['$88return_value.15']

2026-02-19 07:20:48,058 - DEBUG - bytecode dump:
>          0	NOP(arg=None, lineno=416)
           2	RESUME(arg=0, lineno=416)
           4	LOAD_FAST_BORROW(arg=0, lineno=419)
           6	LOAD_SMALL_INT(arg=1, lineno=419)
           8	BINARY_OP(arg=26, lineno=419)
          20	LOAD_FAST_BORROW(arg=0, lineno=419)
          22	LOAD_CONST(arg=1, lineno=419)
          24	BINARY_OP(arg=26, lineno=419)
          36	BINARY_OP(arg=0, lineno=419)
          48	LOAD_SMALL_INT(arg=2, lineno=419)
          50	LOAD_FAST_BORROW(arg=0, lineno=419)
          52	LOAD_SMALL_INT(arg=0, lineno=419)
          54	BINARY_OP(arg=26, lineno=419)
          66	BINARY_OP(arg=5, lineno=419)
          78	BINARY_OP(arg=10, lineno=419)
          90	STORE_FAST(arg=1, lineno=419)
          92	LOAD_FAST_BORROW(arg=0, lineno=420)
          94	LOAD_SMALL_INT(arg=1, lineno=420)
          96	BINARY_OP(arg=26, lineno=420)
         108	LOAD_FAST_BORROW(arg=0, lineno=420)
         110	LOAD_CONST(arg=1, lineno=420)
         112	BINARY_OP(arg=26, lineno=420)
         124	BINARY_OP(arg=10, lineno=420)
         136	LOAD_SMALL_INT(arg=2, lineno=420)
         138	BINARY_OP(arg=11, lineno=420)
         150	STORE_FAST(arg=2, lineno=420)
         152	LOAD_GLOBAL(arg=0, lineno=422)
         162	LOAD_ATTR(arg=2, lineno=422)
         182	PUSH_NULL(arg=None, lineno=422)
         184	LOAD_FAST_BORROW(arg=2, lineno=422)
         186	CALL(arg=1, lineno=422)
         194	LOAD_GLOBAL(arg=0, lineno=422)
         204	LOAD_ATTR(arg=2, lineno=422)
         224	PUSH_NULL(arg=None, lineno=422)
         226	LOAD_FAST_BORROW(arg=1, lineno=422)
         228	CALL(arg=1, lineno=422)
         236	COMPARE_OP(arg=188, lineno=422)
         240	POP_JUMP_IF_FALSE(arg=3, lineno=422)
         244	NOT_TAKEN(arg=None, lineno=422)
         246	LOAD_SMALL_INT(arg=0, lineno=425)
         248	RETURN_VALUE(arg=None, lineno=425)
>        250	LOAD_FAST_BORROW(arg=2, lineno=427)
         252	UNARY_NEGATIVE(arg=None, lineno=427)
         254	LOAD_FAST_BORROW(arg=1, lineno=427)
         256	BINARY_OP(arg=11, lineno=427)
         268	RETURN_VALUE(arg=None, lineno=427)
2026-02-19 07:20:48,058 - DEBUG - pending: deque([State(pc_initial=0 nstack_initial=0)])
2026-02-19 07:20:48,058 - DEBUG - stack: []
2026-02-19 07:20:48,058 - DEBUG - state.pc_initial: State(pc_initial=0 nstack_initial=0)
2026-02-19 07:20:48,058 - DEBUG - dispatch pc=0, inst=NOP(arg=None, lineno=416)
2026-02-19 07:20:48,058 - DEBUG - stack []
2026-02-19 07:20:48,058 - DEBUG - dispatch pc=2, inst=RESUME(arg=0, lineno=416)
2026-02-19 07:20:48,058 - DEBUG - stack []
2026-02-19 07:20:48,058 - DEBUG - dispatch pc=4, inst=LOAD_FAST_BORROW(arg=0, lineno=419)
2026-02-19 07:20:48,059 - DEBUG - stack []
2026-02-19 07:20:48,059 - DEBUG - dispatch pc=6, inst=LOAD_SMALL_INT(arg=1, lineno=419)
2026-02-19 07:20:48,059 - DEBUG - stack ['$x4.0']
2026-02-19 07:20:48,059 - DEBUG - dispatch pc=8, inst=BINARY_OP(arg=26, lineno=419)
2026-02-19 07:20:48,059 - DEBUG - stack ['$x4.0', '$const6.1.1']
2026-02-19 07:20:48,059 - DEBUG - dispatch pc=20, inst=LOAD_FAST_BORROW(arg=0, lineno=419)
2026-02-19 07:20:48,059 - DEBUG - stack ['$8binary_op.2']
2026-02-19 07:20:48,059 - DEBUG - dispatch pc=22, inst=LOAD_CONST(arg=1, lineno=419)
2026-02-19 07:20:48,059 - DEBUG - stack ['$8binary_op.2', '$x20.3']
2026-02-19 07:20:48,059 - DEBUG - dispatch pc=24, inst=BINARY_OP(arg=26, lineno=419)
2026-02-19 07:20:48,059 - DEBUG - stack ['$8binary_op.2', '$x20.3', '$const22.4.1']
2026-02-19 07:20:48,059 - DEBUG - dispatch pc=36, inst=BINARY_OP(arg=0, lineno=419)
2026-02-19 07:20:48,059 - DEBUG - stack ['$8binary_op.2', '$24binary_op.5']
2026-02-19 07:20:48,059 - DEBUG - dispatch pc=48, inst=LOAD_SMALL_INT(arg=2, lineno=419)
2026-02-19 07:20:48,059 - DEBUG - stack ['$binop_add36.6']
2026-02-19 07:20:48,059 - DEBUG - dispatch pc=50, inst=LOAD_FAST_BORROW(arg=0, lineno=419)
2026-02-19 07:20:48,059 - DEBUG - stack ['$binop_add36.6', '$const48.7.2']
2026-02-19 07:20:48,059 - DEBUG - dispatch pc=52, inst=LOAD_SMALL_INT(arg=0, lineno=419)
2026-02-19 07:20:48,059 - DEBUG - stack ['$binop_add36.6', '$const48.7.2', '$x50.8']
2026-02-19 07:20:48,059 - DEBUG - dispatch pc=54, inst=BINARY_OP(arg=26, lineno=419)
2026-02-19 07:20:48,059 - DEBUG - stack ['$binop_add36.6', '$const48.7.2', '$x50.8', '$const52.9.0']
2026-02-19 07:20:48,059 - DEBUG - dispatch pc=66, inst=BINARY_OP(arg=5, lineno=419)
2026-02-19 07:20:48,059 - DEBUG - stack ['$binop_add36.6', '$const48.7.2', '$54binary_op.10']
2026-02-19 07:20:48,059 - DEBUG - dispatch pc=78, inst=BINARY_OP(arg=10, lineno=419)
2026-02-19 07:20:48,059 - DEBUG - stack ['$binop_add36.6', '$binop_mul66.11']
2026-02-19 07:20:48,059 - DEBUG - dispatch pc=90, inst=STORE_FAST(arg=1, lineno=419)
2026-02-19 07:20:48,060 - DEBUG - stack ['$binop_sub78.12']
2026-02-19 07:20:48,060 - DEBUG - dispatch pc=92, inst=LOAD_FAST_BORROW(arg=0, lineno=420)
2026-02-19 07:20:48,060 - DEBUG - stack []
2026-02-19 07:20:48,060 - DEBUG - dispatch pc=94, inst=LOAD_SMALL_INT(arg=1, lineno=420)
2026-02-19 07:20:48,060 - DEBUG - stack ['$x92.13']
2026-02-19 07:20:48,060 - DEBUG - dispatch pc=96, inst=BINARY_OP(arg=26, lineno=420)
2026-02-19 07:20:48,060 - DEBUG - stack ['$x92.13', '$const94.14.1']
2026-02-19 07:20:48,060 - DEBUG - dispatch pc=108, inst=LOAD_FAST_BORROW(arg=0, lineno=420)
2026-02-19 07:20:48,060 - DEBUG - stack ['$96binary_op.15']
2026-02-19 07:20:48,060 - DEBUG - dispatch pc=110, inst=LOAD_CONST(arg=1, lineno=420)
2026-02-19 07:20:48,060 - DEBUG - stack ['$96binary_op.15', '$x108.16']
2026-02-19 07:20:48,060 - DEBUG - dispatch pc=112, inst=BINARY_OP(arg=26, lineno=420)
2026-02-19 07:20:48,060 - DEBUG - stack ['$96binary_op.15', '$x108.16', '$const110.17.1']
2026-02-19 07:20:48,060 - DEBUG - dispatch pc=124, inst=BINARY_OP(arg=10, lineno=420)
2026-02-19 07:20:48,060 - DEBUG - stack ['$96binary_op.15', '$112binary_op.18']
2026-02-19 07:20:48,060 - DEBUG - dispatch pc=136, inst=LOAD_SMALL_INT(arg=2, lineno=420)
2026-02-19 07:20:48,060 - DEBUG - stack ['$binop_sub124.19']
2026-02-19 07:20:48,060 - DEBUG - dispatch pc=138, inst=BINARY_OP(arg=11, lineno=420)
2026-02-19 07:20:48,060 - DEBUG - stack ['$binop_sub124.19', '$const136.20.2']
2026-02-19 07:20:48,060 - DEBUG - dispatch pc=150, inst=STORE_FAST(arg=2, lineno=420)
2026-02-19 07:20:48,060 - DEBUG - stack ['$binop_truediv138.21']
2026-02-19 07:20:48,060 - DEBUG - dispatch pc=152, inst=LOAD_GLOBAL(arg=0, lineno=422)
2026-02-19 07:20:48,060 - DEBUG - stack []
2026-02-19 07:20:48,060 - DEBUG - dispatch pc=162, inst=LOAD_ATTR(arg=2, lineno=422)
2026-02-19 07:20:48,060 - DEBUG - stack ['$152load_global.22']
2026-02-19 07:20:48,060 - DEBUG - dispatch pc=182, inst=PUSH_NULL(arg=None, lineno=422)
2026-02-19 07:20:48,060 - DEBUG - stack ['$162load_attr.23']
2026-02-19 07:20:48,060 - DEBUG - dispatch pc=184, inst=LOAD_FAST_BORROW(arg=2, lineno=422)
2026-02-19 07:20:48,061 - DEBUG - stack ['$162load_attr.23', '$null$182.24']
2026-02-19 07:20:48,061 - DEBUG - dispatch pc=186, inst=CALL(arg=1, lineno=422)
2026-02-19 07:20:48,061 - DEBUG - stack ['$162load_attr.23', '$null$182.24', '$b184.25']
2026-02-19 07:20:48,061 - DEBUG - dispatch pc=194, inst=LOAD_GLOBAL(arg=0, lineno=422)
2026-02-19 07:20:48,061 - DEBUG - stack ['$186call.26']
2026-02-19 07:20:48,061 - DEBUG - dispatch pc=204, inst=LOAD_ATTR(arg=2, lineno=422)
2026-02-19 07:20:48,061 - DEBUG - stack ['$186call.26', '$194load_global.27']
2026-02-19 07:20:48,061 - DEBUG - dispatch pc=224, inst=PUSH_NULL(arg=None, lineno=422)
2026-02-19 07:20:48,061 - DEBUG - stack ['$186call.26', '$204load_attr.28']
2026-02-19 07:20:48,061 - DEBUG - dispatch pc=226, inst=LOAD_FAST_BORROW(arg=1, lineno=422)
2026-02-19 07:20:48,061 - DEBUG - stack ['$186call.26', '$204load_attr.28', '$null$224.29']
2026-02-19 07:20:48,061 - DEBUG - dispatch pc=228, inst=CALL(arg=1, lineno=422)
2026-02-19 07:20:48,061 - DEBUG - stack ['$186call.26', '$204load_attr.28', '$null$224.29', '$a226.30']
2026-02-19 07:20:48,061 - DEBUG - dispatch pc=236, inst=COMPARE_OP(arg=188, lineno=422)
2026-02-19 07:20:48,061 - DEBUG - stack ['$186call.26', '$228call.31']
2026-02-19 07:20:48,061 - DEBUG - dispatch pc=240, inst=POP_JUMP_IF_FALSE(arg=3, lineno=422)
2026-02-19 07:20:48,061 - DEBUG - stack ['$236compare_op.32']
2026-02-19 07:20:48,061 - DEBUG - end state. edges=[Edge(pc=244, stack=(), blockstack=(), npush=0), Edge(pc=250, stack=(), blockstack=(), npush=0)]
2026-02-19 07:20:48,061 - DEBUG - pending: deque([State(pc_initial=244 nstack_initial=0), State(pc_initial=250 nstack_initial=0)])
2026-02-19 07:20:48,061 - DEBUG - stack: []
2026-02-19 07:20:48,061 - DEBUG - state.pc_initial: State(pc_initial=244 nstack_initial=0)
2026-02-19 07:20:48,062 - DEBUG - dispatch pc=244, inst=NOT_TAKEN(arg=None, lineno=422)
2026-02-19 07:20:48,062 - DEBUG - stack []
2026-02-19 07:20:48,062 - DEBUG - dispatch pc=246, inst=LOAD_SMALL_INT(arg=0, lineno=425)
2026-02-19 07:20:48,062 - DEBUG - stack []
2026-02-19 07:20:48,062 - DEBUG - dispatch pc=248, inst=RETURN_VALUE(arg=None, lineno=425)
2026-02-19 07:20:48,062 - DEBUG - stack ['$const246.0.0']
2026-02-19 07:20:48,062 - DEBUG - end state. edges=[]
2026-02-19 07:20:48,062 - DEBUG - pending: deque([State(pc_initial=250 nstack_initial=0)])
2026-02-19 07:20:48,062 - DEBUG - stack: []
2026-02-19 07:20:48,062 - DEBUG - state.pc_initial: State(pc_initial=250 nstack_initial=0)
2026-02-19 07:20:48,062 - DEBUG - dispatch pc=250, inst=LOAD_FAST_BORROW(arg=2, lineno=427)
2026-02-19 07:20:48,062 - DEBUG - stack []
2026-02-19 07:20:48,062 - DEBUG - dispatch pc=252, inst=UNARY_NEGATIVE(arg=None, lineno=427)
2026-02-19 07:20:48,062 - DEBUG - stack ['$b250.0']
2026-02-19 07:20:48,062 - DEBUG - dispatch pc=254, inst=LOAD_FAST_BORROW(arg=1, lineno=427)
2026-02-19 07:20:48,062 - DEBUG - stack ['$252unary_negative.1']
2026-02-19 07:20:48,062 - DEBUG - dispatch pc=256, inst=BINARY_OP(arg=11, lineno=427)
2026-02-19 07:20:48,062 - DEBUG - stack ['$252unary_negative.1', '$a254.2']
2026-02-19 07:20:48,062 - DEBUG - dispatch pc=268, inst=RETURN_VALUE(arg=None, lineno=427)
2026-02-19 07:20:48,062 - DEBUG - stack ['$binop_truediv256.3']
2026-02-19 07:20:48,062 - DEBUG - end state. edges=[]
2026-02-19 07:20:48,062 - DEBUG - -------------------------Prune PHIs-------------------------
2026-02-19 07:20:48,062 - DEBUG - Used_phis: defaultdict(<class 'set'>,
            {State(pc_initial=0 nstack_initial=0): set(),
             State(pc_initial=244 nstack_initial=0): set(),
             State(pc_initial=250 nstack_initial=0): set()})
2026-02-19 07:20:48,062 - DEBUG - defmap: {}
2026-02-19 07:20:48,062 - DEBUG - phismap: defaultdict(<class 'set'>, {})
2026-02-19 07:20:48,062 - DEBUG - changing phismap: defaultdict(<class 'set'>, {})
2026-02-19 07:20:48,062 - DEBUG - keep phismap: {}
2026-02-19 07:20:48,063 - DEBUG - new_out: defaultdict(<class 'dict'>, {})
2026-02-19 07:20:48,063 - DEBUG - ----------------------DONE Prune PHIs-----------------------
2026-02-19 07:20:48,063 - DEBUG - block_infos State(pc_initial=0 nstack_initial=0):
AdaptBlockInfo(insts=((0, {}), (2, {}), (4, {'res': '$x4.0'}), (6, {'res': '$const6.1.1'}), (8, {'op': '[]', 'lhs': '$x4.0', 'rhs': '$const6.1.1', 'res': '$8binary_op.2'}), (20, {'res': '$x20.3'}), (22, {'res': '$const22.4.1'}), (24, {'op': '[]', 'lhs': '$x20.3', 'rhs': '$const22.4.1', 'res': '$24binary_op.5'}), (36, {'op': '+', 'lhs': '$8binary_op.2', 'rhs': '$24binary_op.5', 'res': '$binop_add36.6'}), (48, {'res': '$const48.7.2'}), (50, {'res': '$x50.8'}), (52, {'res': '$const52.9.0'}), (54, {'op': '[]', 'lhs': '$x50.8', 'rhs': '$const52.9.0', 'res': '$54binary_op.10'}), (66, {'op': '*', 'lhs': '$const48.7.2', 'rhs': '$54binary_op.10', 'res': '$binop_mul66.11'}), (78, {'op': '-', 'lhs': '$binop_add36.6', 'rhs': '$binop_mul66.11', 'res': '$binop_sub78.12'}), (90, {'value': '$binop_sub78.12'}), (92, {'res': '$x92.13'}), (94, {'res': '$const94.14.1'}), (96, {'op': '[]', 'lhs': '$x92.13', 'rhs': '$const94.14.1', 'res': '$96binary_op.15'}), (108, {'res': '$x108.16'}), (110, {'res': '$const110.17.1'}), (112, {'op': '[]', 'lhs': '$x108.16', 'rhs': '$const110.17.1', 'res': '$112binary_op.18'}), (124, {'op': '-', 'lhs': '$96binary_op.15', 'rhs': '$112binary_op.18', 'res': '$binop_sub124.19'}), (136, {'res': '$const136.20.2'}), (138, {'op': '/', 'lhs': '$binop_sub124.19', 'rhs': '$const136.20.2', 'res': '$binop_truediv138.21'}), (150, {'value': '$binop_truediv138.21'}), (152, {'idx': 0, 'res': '$152load_global.22'}), (162, {'item': '$152load_global.22', 'res': '$162load_attr.23'}), (182, {}), (184, {'res': '$b184.25'}), (186, {'func': '$162load_attr.23', 'args': ['$b184.25'], 'kw_names': None, 'res': '$186call.26'}), (194, {'idx': 0, 'res': '$194load_global.27'}), (204, {'item': '$194load_global.27', 'res': '$204load_attr.28'}), (224, {}), (226, {'res': '$a226.30'}), (228, {'func': '$204load_attr.28', 'args': ['$a226.30'], 'kw_names': None, 'res': '$228call.31'}), (236, {'lhs': '$186call.26', 'rhs': '$228call.31', 'res': '$236compare_op.32'}), (240, {'pred': '$236compare_op.32'})), outgoing_phis={}, blockstack=(), active_try_block=None, outgoing_edgepushed={244: (), 250: ()})
2026-02-19 07:20:48,063 - DEBUG - block_infos State(pc_initial=244 nstack_initial=0):
AdaptBlockInfo(insts=((244, {}), (246, {'res': '$const246.0.0'}), (248, {'retval': '$const246.0.0', 'castval': '$248return_value.1'})), outgoing_phis={}, blockstack=(), active_try_block=None, outgoing_edgepushed={})
2026-02-19 07:20:48,063 - DEBUG - block_infos State(pc_initial=250 nstack_initial=0):
AdaptBlockInfo(insts=((250, {'res': '$b250.0'}), (252, {'value': '$b250.0', 'res': '$252unary_negative.1'}), (254, {'res': '$a254.2'}), (256, {'op': '/', 'lhs': '$252unary_negative.1', 'rhs': '$a254.2', 'res': '$binop_truediv256.3'}), (268, {'retval': '$binop_truediv256.3', 'castval': '$268return_value.4'})), outgoing_phis={}, blockstack=(), active_try_block=None, outgoing_edgepushed={})
2026-02-19 07:20:48,063 - DEBUG - label 0:
    x = arg(0, name=x)                       ['x']
    $const6.1.1 = const(int, 1)              ['$const6.1.1']
    $8binary_op.2 = getitem(value=x, index=$const6.1.1, fn=<built-in function getitem>) ['$8binary_op.2', '$const6.1.1', 'x']
    $const22.4.1 = const(int, -1)            ['$const22.4.1']
    $24binary_op.5 = getitem(value=x, index=$const22.4.1, fn=<built-in function getitem>) ['$24binary_op.5', '$const22.4.1', 'x']
    $binop_add36.6 = $8binary_op.2 + $24binary_op.5 ['$24binary_op.5', '$8binary_op.2', '$binop_add36.6']
    $const48.7.2 = const(int, 2)             ['$const48.7.2']
    $const52.9.0 = const(int, 0)             ['$const52.9.0']
    $54binary_op.10 = getitem(value=x, index=$const52.9.0, fn=<built-in function getitem>) ['$54binary_op.10', '$const52.9.0', 'x']
    $binop_mul66.11 = $const48.7.2 * $54binary_op.10 ['$54binary_op.10', '$binop_mul66.11', '$const48.7.2']
    a = $binop_add36.6 - $binop_mul66.11     ['$binop_add36.6', '$binop_mul66.11', 'a']
    $const94.14.1 = const(int, 1)            ['$const94.14.1']
    $96binary_op.15 = getitem(value=x, index=$const94.14.1, fn=<built-in function getitem>) ['$96binary_op.15', '$const94.14.1', 'x']
    $const110.17.1 = const(int, -1)          ['$const110.17.1']
    $112binary_op.18 = getitem(value=x, index=$const110.17.1, fn=<built-in function getitem>) ['$112binary_op.18', '$const110.17.1', 'x']
    $binop_sub124.19 = $96binary_op.15 - $112binary_op.18 ['$112binary_op.18', '$96binary_op.15', '$binop_sub124.19']
    $const136.20.2 = const(int, 2)           ['$const136.20.2']
    b = $binop_sub124.19 / $const136.20.2    ['$binop_sub124.19', '$const136.20.2', 'b']
    $152load_global.22 = global(np: <module 'numpy' from 'C:\\Users\\WINDOWS\\Desktop\\ai_stress_detector\\venv\\Lib\\site-packages\\numpy\\__init__.py'>) ['$152load_global.22']
    $162load_attr.23 = getattr(value=$152load_global.22, attr=abs) ['$152load_global.22', '$162load_attr.23']
    $186call.26 = call $162load_attr.23(b, func=$162load_attr.23, args=[Var(b, pitch.py:420)], kws=(), vararg=None, varkwarg=None, target=None) ['$162load_attr.23', '$186call.26', 'b']
    $194load_global.27 = global(np: <module 'numpy' from 'C:\\Users\\WINDOWS\\Desktop\\ai_stress_detector\\venv\\Lib\\site-packages\\numpy\\__init__.py'>) ['$194load_global.27']
    $204load_attr.28 = getattr(value=$194load_global.27, attr=abs) ['$194load_global.27', '$204load_attr.28']
    $228call.31 = call $204load_attr.28(a, func=$204load_attr.28, args=[Var(a, pitch.py:419)], kws=(), vararg=None, varkwarg=None, target=None) ['$204load_attr.28', '$228call.31', 'a']
    $236compare_op.32 = $186call.26 >= $228call.31 ['$186call.26', '$228call.31', '$236compare_op.32']
    $bool240 = global(bool: <class 'bool'>)  ['$bool240']
    $240pred = call $bool240($236compare_op.32, func=$bool240, args=(Var($236compare_op.32, pitch.py:422),), kws=(), vararg=None, varkwarg=None, target=None) ['$236compare_op.32', '$240pred', '$bool240']
    branch $240pred, 244, 250                ['$240pred']
label 244:
    $const246.0.0 = const(int, 0)            ['$const246.0.0']
    $248return_value.1 = cast(value=$const246.0.0) ['$248return_value.1', '$const246.0.0']
    return $248return_value.1                ['$248return_value.1']
label 250:
    $252unary_negative.1 = unary(fn=<built-in function neg>, value=b) ['$252unary_negative.1', 'b']
    $binop_truediv256.3 = $252unary_negative.1 / a ['$252unary_negative.1', '$binop_truediv256.3', 'a']
    $268return_value.4 = cast(value=$binop_truediv256.3) ['$268return_value.4', '$binop_truediv256.3']
    return $268return_value.4                ['$268return_value.4']

2026-02-19 07:20:52,924 - INFO - 127.0.0.1 - - [19/Feb/2026 07:20:52] "[35m[1mGET /analyze HTTP/1.1[0m" 500 -
2026-02-19 07:21:59,023 - INFO -  * Detected change in 'C:\\Users\\WINDOWS\\Desktop\\ai_stress_detector\\server.py', reloading
2026-02-19 07:21:59,573 - INFO -  * Restarting with watchdog (windowsapi)
2026-02-19 07:21:59,685 - INFO - Server script started
2026-02-19 07:22:01,843 - WARNING -  * Debugger is active!
2026-02-19 07:22:01,847 - INFO -  * Debugger PIN: 179-709-766
2026-02-19 07:23:31,465 - INFO -  * Detected change in 'C:\\Users\\WINDOWS\\Desktop\\ai_stress_detector\\venv\\Lib\\site-packages\\streamlit\\env_util.py', reloading
2026-02-19 07:23:31,782 - INFO -  * Restarting with watchdog (windowsapi)
2026-02-19 07:23:31,914 - INFO - Server script started
2026-02-19 07:23:33,726 - WARNING -  * Debugger is active!
2026-02-19 07:23:33,729 - INFO -  * Debugger PIN: 179-709-766
2026-02-19 07:23:46,292 - INFO - Server script started
2026-02-19 07:23:48,086 - INFO - [31m[1mWARNING: This is a development server. Do not use it in a production deployment. Use a production WSGI server instead.[0m
 * Running on all addresses (0.0.0.0)
 * Running on http://127.0.0.1:5000
 * Running on http://192.168.0.9:5000
2026-02-19 07:23:48,087 - INFO - [33mPress CTRL+C to quit[0m
2026-02-19 07:23:48,103 - INFO -  * Restarting with watchdog (windowsapi)
2026-02-19 07:23:48,213 - INFO - Server script started
2026-02-19 07:23:49,651 - WARNING -  * Debugger is active!
2026-02-19 07:23:49,653 - INFO -  * Debugger PIN: 179-709-766
2026-02-19 07:24:33,204 - DEBUG - bytecode dump:
>          0	NOP(arg=None, lineno=1137)
           2	RESUME(arg=0, lineno=1137)
           4	LOAD_FAST_BORROW(arg=0, lineno=1140)
           6	LOAD_SMALL_INT(arg=0, lineno=1140)
           8	BINARY_OP(arg=26, lineno=1140)
          20	STORE_FAST(arg=3, lineno=1140)
          22	LOAD_FAST_BORROW(arg=1, lineno=1141)
          24	UNARY_NEGATIVE(arg=None, lineno=1141)
          26	LOAD_FAST(arg=3, lineno=1141)
          28	SWAP(arg=2, lineno=1141)
          30	COPY(arg=2, lineno=1141)
          32	COMPARE_OP(arg=58, lineno=1141)
          36	POP_JUMP_IF_FALSE(arg=8, lineno=1141)
          40	NOT_TAKEN(arg=None, lineno=1141)
          42	LOAD_FAST_BORROW(arg=1, lineno=1141)
          44	COMPARE_OP(arg=58, lineno=1141)
          48	POP_JUMP_IF_FALSE(arg=6, lineno=1141)
          52	NOT_TAKEN(arg=None, lineno=1141)
          54	JUMP_FORWARD(arg=2, lineno=1141)
>         56	POP_TOP(arg=None, lineno=1141)
          58	JUMP_FORWARD(arg=2, lineno=1141)
>         60	LOAD_SMALL_INT(arg=0, lineno=1142)
          62	STORE_FAST(arg=3, lineno=1142)
>         64	LOAD_FAST_BORROW(arg=0, lineno=1144)
          66	LOAD_CONST(arg=1, lineno=1144)
          68	BINARY_OP(arg=26, lineno=1144)
          80	STORE_FAST(arg=4, lineno=1144)
          82	LOAD_FAST_BORROW(arg=1, lineno=1145)
          84	UNARY_NEGATIVE(arg=None, lineno=1145)
          86	LOAD_FAST(arg=4, lineno=1145)
          88	SWAP(arg=2, lineno=1145)
          90	COPY(arg=2, lineno=1145)
          92	COMPARE_OP(arg=58, lineno=1145)
          96	POP_JUMP_IF_FALSE(arg=8, lineno=1145)
         100	NOT_TAKEN(arg=None, lineno=1145)
         102	LOAD_FAST_BORROW(arg=1, lineno=1145)
         104	COMPARE_OP(arg=58, lineno=1145)
         108	POP_JUMP_IF_FALSE(arg=6, lineno=1145)
         112	NOT_TAKEN(arg=None, lineno=1145)
         114	JUMP_FORWARD(arg=2, lineno=1145)
>        116	POP_TOP(arg=None, lineno=1145)
         118	JUMP_FORWARD(arg=2, lineno=1145)
>        120	LOAD_SMALL_INT(arg=0, lineno=1146)
         122	STORE_FAST(arg=4, lineno=1146)
>        124	LOAD_FAST_BORROW(arg=2, lineno=1148)
         126	TO_BOOL(arg=None, lineno=1148)
         134	POP_JUMP_IF_FALSE(arg=46, lineno=1148)
         138	NOT_TAKEN(arg=None, lineno=1148)
         140	LOAD_GLOBAL(arg=0, lineno=1149)
         150	LOAD_ATTR(arg=2, lineno=1149)
         170	PUSH_NULL(arg=None, lineno=1149)
         172	LOAD_FAST_BORROW(arg=3, lineno=1149)
         174	CALL(arg=1, lineno=1149)
         182	LOAD_GLOBAL(arg=0, lineno=1149)
         192	LOAD_ATTR(arg=2, lineno=1149)
         212	PUSH_NULL(arg=None, lineno=1149)
         214	LOAD_FAST_BORROW(arg=4, lineno=1149)
         216	CALL(arg=1, lineno=1149)
         224	COMPARE_OP(arg=103, lineno=1149)
         228	RETURN_VALUE(arg=None, lineno=1149)
>        230	LOAD_GLOBAL(arg=0, lineno=1151)
         240	LOAD_ATTR(arg=4, lineno=1151)
         260	PUSH_NULL(arg=None, lineno=1151)
         262	LOAD_FAST_BORROW(arg=3, lineno=1151)
         264	CALL(arg=1, lineno=1151)
         272	LOAD_GLOBAL(arg=0, lineno=1151)
         282	LOAD_ATTR(arg=4, lineno=1151)
         302	PUSH_NULL(arg=None, lineno=1151)
         304	LOAD_FAST_BORROW(arg=4, lineno=1151)
         306	CALL(arg=1, lineno=1151)
         314	COMPARE_OP(arg=103, lineno=1151)
         318	RETURN_VALUE(arg=None, lineno=1151)
2026-02-19 07:24:33,205 - DEBUG - pending: deque([State(pc_initial=0 nstack_initial=0)])
2026-02-19 07:24:33,205 - DEBUG - stack: []
2026-02-19 07:24:33,205 - DEBUG - state.pc_initial: State(pc_initial=0 nstack_initial=0)
2026-02-19 07:24:33,206 - DEBUG - dispatch pc=0, inst=NOP(arg=None, lineno=1137)
2026-02-19 07:24:33,206 - DEBUG - stack []
2026-02-19 07:24:33,206 - DEBUG - dispatch pc=2, inst=RESUME(arg=0, lineno=1137)
2026-02-19 07:24:33,206 - DEBUG - stack []
2026-02-19 07:24:33,206 - DEBUG - dispatch pc=4, inst=LOAD_FAST_BORROW(arg=0, lineno=1140)
2026-02-19 07:24:33,206 - DEBUG - stack []
2026-02-19 07:24:33,206 - DEBUG - dispatch pc=6, inst=LOAD_SMALL_INT(arg=0, lineno=1140)
2026-02-19 07:24:33,206 - DEBUG - stack ['$x4.0']
2026-02-19 07:24:33,206 - DEBUG - dispatch pc=8, inst=BINARY_OP(arg=26, lineno=1140)
2026-02-19 07:24:33,206 - DEBUG - stack ['$x4.0', '$const6.1.0']
2026-02-19 07:24:33,206 - DEBUG - dispatch pc=20, inst=STORE_FAST(arg=3, lineno=1140)
2026-02-19 07:24:33,206 - DEBUG - stack ['$8binary_op.2']
2026-02-19 07:24:33,206 - DEBUG - dispatch pc=22, inst=LOAD_FAST_BORROW(arg=1, lineno=1141)
2026-02-19 07:24:33,207 - DEBUG - stack []
2026-02-19 07:24:33,207 - DEBUG - dispatch pc=24, inst=UNARY_NEGATIVE(arg=None, lineno=1141)
2026-02-19 07:24:33,207 - DEBUG - stack ['$threshold22.3']
2026-02-19 07:24:33,207 - DEBUG - dispatch pc=26, inst=LOAD_FAST(arg=3, lineno=1141)
2026-02-19 07:24:33,207 - DEBUG - stack ['$24unary_negative.4']
2026-02-19 07:24:33,207 - DEBUG - dispatch pc=28, inst=SWAP(arg=2, lineno=1141)
2026-02-19 07:24:33,207 - DEBUG - stack ['$24unary_negative.4', '$x026.5']
2026-02-19 07:24:33,207 - DEBUG - dispatch pc=30, inst=COPY(arg=2, lineno=1141)
2026-02-19 07:24:33,207 - DEBUG - stack ['$x026.5', '$24unary_negative.4']
2026-02-19 07:24:33,207 - DEBUG - dispatch pc=32, inst=COMPARE_OP(arg=58, lineno=1141)
2026-02-19 07:24:33,207 - DEBUG - stack ['$x026.5', '$24unary_negative.4', '$x026.5']
2026-02-19 07:24:33,207 - DEBUG - dispatch pc=36, inst=POP_JUMP_IF_FALSE(arg=8, lineno=1141)
2026-02-19 07:24:33,207 - DEBUG - stack ['$x026.5', '$32compare_op.6']
2026-02-19 07:24:33,207 - DEBUG - end state. edges=[Edge(pc=40, stack=('$x026.5',), blockstack=(), npush=0), Edge(pc=56, stack=('$x026.5',), blockstack=(), npush=0)]
2026-02-19 07:24:33,207 - DEBUG - pending: deque([State(pc_initial=40 nstack_initial=1), State(pc_initial=56 nstack_initial=1)])
2026-02-19 07:24:33,207 - DEBUG - stack: ['$phi40.0']
2026-02-19 07:24:33,207 - DEBUG - state.pc_initial: State(pc_initial=40 nstack_initial=1)
2026-02-19 07:24:33,208 - DEBUG - dispatch pc=40, inst=NOT_TAKEN(arg=None, lineno=1141)
2026-02-19 07:24:33,208 - DEBUG - stack ['$phi40.0']
2026-02-19 07:24:33,208 - DEBUG - dispatch pc=42, inst=LOAD_FAST_BORROW(arg=1, lineno=1141)
2026-02-19 07:24:33,208 - DEBUG - stack ['$phi40.0']
2026-02-19 07:24:33,208 - DEBUG - dispatch pc=44, inst=COMPARE_OP(arg=58, lineno=1141)
2026-02-19 07:24:33,208 - DEBUG - stack ['$phi40.0', '$threshold42.1']
2026-02-19 07:24:33,208 - DEBUG - dispatch pc=48, inst=POP_JUMP_IF_FALSE(arg=6, lineno=1141)
2026-02-19 07:24:33,208 - DEBUG - stack ['$44compare_op.2']
2026-02-19 07:24:33,208 - DEBUG - end state. edges=[Edge(pc=52, stack=(), blockstack=(), npush=0), Edge(pc=64, stack=(), blockstack=(), npush=0)]
2026-02-19 07:24:33,208 - DEBUG - pending: deque([State(pc_initial=56 nstack_initial=1), State(pc_initial=52 nstack_initial=0), State(pc_initial=64 nstack_initial=0)])
2026-02-19 07:24:33,208 - DEBUG - stack: ['$phi56.0']
2026-02-19 07:24:33,208 - DEBUG - state.pc_initial: State(pc_initial=56 nstack_initial=1)
2026-02-19 07:24:33,209 - DEBUG - dispatch pc=56, inst=POP_TOP(arg=None, lineno=1141)
2026-02-19 07:24:33,209 - DEBUG - stack ['$phi56.0']
2026-02-19 07:24:33,209 - DEBUG - dispatch pc=58, inst=JUMP_FORWARD(arg=2, lineno=1141)
2026-02-19 07:24:33,209 - DEBUG - stack []
2026-02-19 07:24:33,209 - DEBUG - end state. edges=[Edge(pc=64, stack=(), blockstack=(), npush=0)]
2026-02-19 07:24:33,209 - DEBUG - pending: deque([State(pc_initial=52 nstack_initial=0), State(pc_initial=64 nstack_initial=0), State(pc_initial=64 nstack_initial=0)])
2026-02-19 07:24:33,209 - DEBUG - stack: []
2026-02-19 07:24:33,209 - DEBUG - state.pc_initial: State(pc_initial=52 nstack_initial=0)
2026-02-19 07:24:33,209 - DEBUG - dispatch pc=52, inst=NOT_TAKEN(arg=None, lineno=1141)
2026-02-19 07:24:33,209 - DEBUG - stack []
2026-02-19 07:24:33,210 - DEBUG - dispatch pc=54, inst=JUMP_FORWARD(arg=2, lineno=1141)
2026-02-19 07:24:33,210 - DEBUG - stack []
2026-02-19 07:24:33,210 - DEBUG - end state. edges=[Edge(pc=60, stack=(), blockstack=(), npush=0)]
2026-02-19 07:24:33,210 - DEBUG - pending: deque([State(pc_initial=64 nstack_initial=0), State(pc_initial=64 nstack_initial=0), State(pc_initial=60 nstack_initial=0)])
2026-02-19 07:24:33,210 - DEBUG - stack: []
2026-02-19 07:24:33,210 - DEBUG - state.pc_initial: State(pc_initial=64 nstack_initial=0)
2026-02-19 07:24:33,210 - DEBUG - dispatch pc=64, inst=LOAD_FAST_BORROW(arg=0, lineno=1144)
2026-02-19 07:24:33,210 - DEBUG - stack []
2026-02-19 07:24:33,210 - DEBUG - dispatch pc=66, inst=LOAD_CONST(arg=1, lineno=1144)
2026-02-19 07:24:33,210 - DEBUG - stack ['$x64.0']
2026-02-19 07:24:33,210 - DEBUG - dispatch pc=68, inst=BINARY_OP(arg=26, lineno=1144)
2026-02-19 07:24:33,210 - DEBUG - stack ['$x64.0', '$const66.1.1']
2026-02-19 07:24:33,210 - DEBUG - dispatch pc=80, inst=STORE_FAST(arg=4, lineno=1144)
2026-02-19 07:24:33,211 - DEBUG - stack ['$68binary_op.2']
2026-02-19 07:24:33,211 - DEBUG - dispatch pc=82, inst=LOAD_FAST_BORROW(arg=1, lineno=1145)
2026-02-19 07:24:33,211 - DEBUG - stack []
2026-02-19 07:24:33,211 - DEBUG - dispatch pc=84, inst=UNARY_NEGATIVE(arg=None, lineno=1145)
2026-02-19 07:24:33,211 - DEBUG - stack ['$threshold82.3']
2026-02-19 07:24:33,211 - DEBUG - dispatch pc=86, inst=LOAD_FAST(arg=4, lineno=1145)
2026-02-19 07:24:33,211 - DEBUG - stack ['$84unary_negative.4']
2026-02-19 07:24:33,211 - DEBUG - dispatch pc=88, inst=SWAP(arg=2, lineno=1145)
2026-02-19 07:24:33,211 - DEBUG - stack ['$84unary_negative.4', '$x186.5']
2026-02-19 07:24:33,211 - DEBUG - dispatch pc=90, inst=COPY(arg=2, lineno=1145)
2026-02-19 07:24:33,211 - DEBUG - stack ['$x186.5', '$84unary_negative.4']
2026-02-19 07:24:33,211 - DEBUG - dispatch pc=92, inst=COMPARE_OP(arg=58, lineno=1145)
2026-02-19 07:24:33,211 - DEBUG - stack ['$x186.5', '$84unary_negative.4', '$x186.5']
2026-02-19 07:24:33,212 - DEBUG - dispatch pc=96, inst=POP_JUMP_IF_FALSE(arg=8, lineno=1145)
2026-02-19 07:24:33,212 - DEBUG - stack ['$x186.5', '$92compare_op.6']
2026-02-19 07:24:33,212 - DEBUG - end state. edges=[Edge(pc=100, stack=('$x186.5',), blockstack=(), npush=0), Edge(pc=116, stack=('$x186.5',), blockstack=(), npush=0)]
2026-02-19 07:24:33,212 - DEBUG - pending: deque([State(pc_initial=64 nstack_initial=0), State(pc_initial=60 nstack_initial=0), State(pc_initial=100 nstack_initial=1), State(pc_initial=116 nstack_initial=1)])
2026-02-19 07:24:33,212 - DEBUG - pending: deque([State(pc_initial=60 nstack_initial=0), State(pc_initial=100 nstack_initial=1), State(pc_initial=116 nstack_initial=1)])
2026-02-19 07:24:33,212 - DEBUG - stack: []
2026-02-19 07:24:33,212 - DEBUG - state.pc_initial: State(pc_initial=60 nstack_initial=0)
2026-02-19 07:24:33,212 - DEBUG - dispatch pc=60, inst=LOAD_SMALL_INT(arg=0, lineno=1142)
2026-02-19 07:24:33,212 - DEBUG - stack []
2026-02-19 07:24:33,212 - DEBUG - dispatch pc=62, inst=STORE_FAST(arg=3, lineno=1142)
2026-02-19 07:24:33,212 - DEBUG - stack ['$const60.0.0']
2026-02-19 07:24:33,212 - DEBUG - end state. edges=[Edge(pc=64, stack=(), blockstack=(), npush=0)]
2026-02-19 07:24:33,212 - DEBUG - pending: deque([State(pc_initial=100 nstack_initial=1), State(pc_initial=116 nstack_initial=1), State(pc_initial=64 nstack_initial=0)])
2026-02-19 07:24:33,212 - DEBUG - stack: ['$phi100.0']
2026-02-19 07:24:33,212 - DEBUG - state.pc_initial: State(pc_initial=100 nstack_initial=1)
2026-02-19 07:24:33,212 - DEBUG - dispatch pc=100, inst=NOT_TAKEN(arg=None, lineno=1145)
2026-02-19 07:24:33,212 - DEBUG - stack ['$phi100.0']
2026-02-19 07:24:33,212 - DEBUG - dispatch pc=102, inst=LOAD_FAST_BORROW(arg=1, lineno=1145)
2026-02-19 07:24:33,212 - DEBUG - stack ['$phi100.0']
2026-02-19 07:24:33,212 - DEBUG - dispatch pc=104, inst=COMPARE_OP(arg=58, lineno=1145)
2026-02-19 07:24:33,212 - DEBUG - stack ['$phi100.0', '$threshold102.1']
2026-02-19 07:24:33,212 - DEBUG - dispatch pc=108, inst=POP_JUMP_IF_FALSE(arg=6, lineno=1145)
2026-02-19 07:24:33,212 - DEBUG - stack ['$104compare_op.2']
2026-02-19 07:24:33,213 - DEBUG - end state. edges=[Edge(pc=112, stack=(), blockstack=(), npush=0), Edge(pc=124, stack=(), blockstack=(), npush=0)]
2026-02-19 07:24:33,213 - DEBUG - pending: deque([State(pc_initial=116 nstack_initial=1), State(pc_initial=64 nstack_initial=0), State(pc_initial=112 nstack_initial=0), State(pc_initial=124 nstack_initial=0)])
2026-02-19 07:24:33,213 - DEBUG - stack: ['$phi116.0']
2026-02-19 07:24:33,213 - DEBUG - state.pc_initial: State(pc_initial=116 nstack_initial=1)
2026-02-19 07:24:33,213 - DEBUG - dispatch pc=116, inst=POP_TOP(arg=None, lineno=1145)
2026-02-19 07:24:33,213 - DEBUG - stack ['$phi116.0']
2026-02-19 07:24:33,213 - DEBUG - dispatch pc=118, inst=JUMP_FORWARD(arg=2, lineno=1145)
2026-02-19 07:24:33,213 - DEBUG - stack []
2026-02-19 07:24:33,213 - DEBUG - end state. edges=[Edge(pc=124, stack=(), blockstack=(), npush=0)]
2026-02-19 07:24:33,213 - DEBUG - pending: deque([State(pc_initial=64 nstack_initial=0), State(pc_initial=112 nstack_initial=0), State(pc_initial=124 nstack_initial=0), State(pc_initial=124 nstack_initial=0)])
2026-02-19 07:24:33,213 - DEBUG - pending: deque([State(pc_initial=112 nstack_initial=0), State(pc_initial=124 nstack_initial=0), State(pc_initial=124 nstack_initial=0)])
2026-02-19 07:24:33,213 - DEBUG - stack: []
2026-02-19 07:24:33,213 - DEBUG - state.pc_initial: State(pc_initial=112 nstack_initial=0)
2026-02-19 07:24:33,213 - DEBUG - dispatch pc=112, inst=NOT_TAKEN(arg=None, lineno=1145)
2026-02-19 07:24:33,213 - DEBUG - stack []
2026-02-19 07:24:33,213 - DEBUG - dispatch pc=114, inst=JUMP_FORWARD(arg=2, lineno=1145)
2026-02-19 07:24:33,213 - DEBUG - stack []
2026-02-19 07:24:33,213 - DEBUG - end state. edges=[Edge(pc=120, stack=(), blockstack=(), npush=0)]
2026-02-19 07:24:33,213 - DEBUG - pending: deque([State(pc_initial=124 nstack_initial=0), State(pc_initial=124 nstack_initial=0), State(pc_initial=120 nstack_initial=0)])
2026-02-19 07:24:33,213 - DEBUG - stack: []
2026-02-19 07:24:33,213 - DEBUG - state.pc_initial: State(pc_initial=124 nstack_initial=0)
2026-02-19 07:24:33,213 - DEBUG - dispatch pc=124, inst=LOAD_FAST_BORROW(arg=2, lineno=1148)
2026-02-19 07:24:33,213 - DEBUG - stack []
2026-02-19 07:24:33,213 - DEBUG - dispatch pc=126, inst=TO_BOOL(arg=None, lineno=1148)
2026-02-19 07:24:33,213 - DEBUG - stack ['$zero_pos124.0']
2026-02-19 07:24:33,214 - DEBUG - dispatch pc=134, inst=POP_JUMP_IF_FALSE(arg=46, lineno=1148)
2026-02-19 07:24:33,214 - DEBUG - stack ['$126to_bool.1']
2026-02-19 07:24:33,214 - DEBUG - end state. edges=[Edge(pc=138, stack=(), blockstack=(), npush=0), Edge(pc=230, stack=(), blockstack=(), npush=0)]
2026-02-19 07:24:33,214 - DEBUG - pending: deque([State(pc_initial=124 nstack_initial=0), State(pc_initial=120 nstack_initial=0), State(pc_initial=138 nstack_initial=0), State(pc_initial=230 nstack_initial=0)])
2026-02-19 07:24:33,214 - DEBUG - pending: deque([State(pc_initial=120 nstack_initial=0), State(pc_initial=138 nstack_initial=0), State(pc_initial=230 nstack_initial=0)])
2026-02-19 07:24:33,214 - DEBUG - stack: []
2026-02-19 07:24:33,214 - DEBUG - state.pc_initial: State(pc_initial=120 nstack_initial=0)
2026-02-19 07:24:33,214 - DEBUG - dispatch pc=120, inst=LOAD_SMALL_INT(arg=0, lineno=1146)
2026-02-19 07:24:33,214 - DEBUG - stack []
2026-02-19 07:24:33,214 - DEBUG - dispatch pc=122, inst=STORE_FAST(arg=4, lineno=1146)
2026-02-19 07:24:33,214 - DEBUG - stack ['$const120.0.0']
2026-02-19 07:24:33,214 - DEBUG - end state. edges=[Edge(pc=124, stack=(), blockstack=(), npush=0)]
2026-02-19 07:24:33,214 - DEBUG - pending: deque([State(pc_initial=138 nstack_initial=0), State(pc_initial=230 nstack_initial=0), State(pc_initial=124 nstack_initial=0)])
2026-02-19 07:24:33,214 - DEBUG - stack: []
2026-02-19 07:24:33,214 - DEBUG - state.pc_initial: State(pc_initial=138 nstack_initial=0)
2026-02-19 07:24:33,214 - DEBUG - dispatch pc=138, inst=NOT_TAKEN(arg=None, lineno=1148)
2026-02-19 07:24:33,214 - DEBUG - stack []
2026-02-19 07:24:33,214 - DEBUG - dispatch pc=140, inst=LOAD_GLOBAL(arg=0, lineno=1149)
2026-02-19 07:24:33,214 - DEBUG - stack []
2026-02-19 07:24:33,214 - DEBUG - dispatch pc=150, inst=LOAD_ATTR(arg=2, lineno=1149)
2026-02-19 07:24:33,214 - DEBUG - stack ['$140load_global.0']
2026-02-19 07:24:33,214 - DEBUG - dispatch pc=170, inst=PUSH_NULL(arg=None, lineno=1149)
2026-02-19 07:24:33,214 - DEBUG - stack ['$150load_attr.1']
2026-02-19 07:24:33,214 - DEBUG - dispatch pc=172, inst=LOAD_FAST_BORROW(arg=3, lineno=1149)
2026-02-19 07:24:33,214 - DEBUG - stack ['$150load_attr.1', '$null$170.2']
2026-02-19 07:24:33,214 - DEBUG - dispatch pc=174, inst=CALL(arg=1, lineno=1149)
2026-02-19 07:24:33,214 - DEBUG - stack ['$150load_attr.1', '$null$170.2', '$x0172.3']
2026-02-19 07:24:33,214 - DEBUG - dispatch pc=182, inst=LOAD_GLOBAL(arg=0, lineno=1149)
2026-02-19 07:24:33,214 - DEBUG - stack ['$174call.4']
2026-02-19 07:24:33,214 - DEBUG - dispatch pc=192, inst=LOAD_ATTR(arg=2, lineno=1149)
2026-02-19 07:24:33,215 - DEBUG - stack ['$174call.4', '$182load_global.5']
2026-02-19 07:24:33,215 - DEBUG - dispatch pc=212, inst=PUSH_NULL(arg=None, lineno=1149)
2026-02-19 07:24:33,215 - DEBUG - stack ['$174call.4', '$192load_attr.6']
2026-02-19 07:24:33,215 - DEBUG - dispatch pc=214, inst=LOAD_FAST_BORROW(arg=4, lineno=1149)
2026-02-19 07:24:33,215 - DEBUG - stack ['$174call.4', '$192load_attr.6', '$null$212.7']
2026-02-19 07:24:33,215 - DEBUG - dispatch pc=216, inst=CALL(arg=1, lineno=1149)
2026-02-19 07:24:33,215 - DEBUG - stack ['$174call.4', '$192load_attr.6', '$null$212.7', '$x1214.8']
2026-02-19 07:24:33,215 - DEBUG - dispatch pc=224, inst=COMPARE_OP(arg=103, lineno=1149)
2026-02-19 07:24:33,215 - DEBUG - stack ['$174call.4', '$216call.9']
2026-02-19 07:24:33,215 - DEBUG - dispatch pc=228, inst=RETURN_VALUE(arg=None, lineno=1149)
2026-02-19 07:24:33,215 - DEBUG - stack ['$224compare_op.10']
2026-02-19 07:24:33,215 - DEBUG - end state. edges=[]
2026-02-19 07:24:33,215 - DEBUG - pending: deque([State(pc_initial=230 nstack_initial=0), State(pc_initial=124 nstack_initial=0)])
2026-02-19 07:24:33,215 - DEBUG - stack: []
2026-02-19 07:24:33,215 - DEBUG - state.pc_initial: State(pc_initial=230 nstack_initial=0)
2026-02-19 07:24:33,215 - DEBUG - dispatch pc=230, inst=LOAD_GLOBAL(arg=0, lineno=1151)
2026-02-19 07:24:33,215 - DEBUG - stack []
2026-02-19 07:24:33,215 - DEBUG - dispatch pc=240, inst=LOAD_ATTR(arg=4, lineno=1151)
2026-02-19 07:24:33,215 - DEBUG - stack ['$230load_global.0']
2026-02-19 07:24:33,215 - DEBUG - dispatch pc=260, inst=PUSH_NULL(arg=None, lineno=1151)
2026-02-19 07:24:33,215 - DEBUG - stack ['$240load_attr.1']
2026-02-19 07:24:33,215 - DEBUG - dispatch pc=262, inst=LOAD_FAST_BORROW(arg=3, lineno=1151)
2026-02-19 07:24:33,215 - DEBUG - stack ['$240load_attr.1', '$null$260.2']
2026-02-19 07:24:33,215 - DEBUG - dispatch pc=264, inst=CALL(arg=1, lineno=1151)
2026-02-19 07:24:33,215 - DEBUG - stack ['$240load_attr.1', '$null$260.2', '$x0262.3']
2026-02-19 07:24:33,215 - DEBUG - dispatch pc=272, inst=LOAD_GLOBAL(arg=0, lineno=1151)
2026-02-19 07:24:33,215 - DEBUG - stack ['$264call.4']
2026-02-19 07:24:33,215 - DEBUG - dispatch pc=282, inst=LOAD_ATTR(arg=4, lineno=1151)
2026-02-19 07:24:33,215 - DEBUG - stack ['$264call.4', '$272load_global.5']
2026-02-19 07:24:33,215 - DEBUG - dispatch pc=302, inst=PUSH_NULL(arg=None, lineno=1151)
2026-02-19 07:24:33,216 - DEBUG - stack ['$264call.4', '$282load_attr.6']
2026-02-19 07:24:33,216 - DEBUG - dispatch pc=304, inst=LOAD_FAST_BORROW(arg=4, lineno=1151)
2026-02-19 07:24:33,216 - DEBUG - stack ['$264call.4', '$282load_attr.6', '$null$302.7']
2026-02-19 07:24:33,216 - DEBUG - dispatch pc=306, inst=CALL(arg=1, lineno=1151)
2026-02-19 07:24:33,216 - DEBUG - stack ['$264call.4', '$282load_attr.6', '$null$302.7', '$x1304.8']
2026-02-19 07:24:33,216 - DEBUG - dispatch pc=314, inst=COMPARE_OP(arg=103, lineno=1151)
2026-02-19 07:24:33,216 - DEBUG - stack ['$264call.4', '$306call.9']
2026-02-19 07:24:33,216 - DEBUG - dispatch pc=318, inst=RETURN_VALUE(arg=None, lineno=1151)
2026-02-19 07:24:33,216 - DEBUG - stack ['$314compare_op.10']
2026-02-19 07:24:33,216 - DEBUG - end state. edges=[]
2026-02-19 07:24:33,216 - DEBUG - pending: deque([State(pc_initial=124 nstack_initial=0)])
2026-02-19 07:24:33,216 - DEBUG - -------------------------Prune PHIs-------------------------
2026-02-19 07:24:33,216 - DEBUG - Used_phis: defaultdict(<class 'set'>,
            {State(pc_initial=0 nstack_initial=0): set(),
             State(pc_initial=40 nstack_initial=1): {'$phi40.0'},
             State(pc_initial=52 nstack_initial=0): set(),
             State(pc_initial=56 nstack_initial=1): set(),
             State(pc_initial=60 nstack_initial=0): set(),
             State(pc_initial=64 nstack_initial=0): set(),
             State(pc_initial=100 nstack_initial=1): {'$phi100.0'},
             State(pc_initial=112 nstack_initial=0): set(),
             State(pc_initial=116 nstack_initial=1): set(),
             State(pc_initial=120 nstack_initial=0): set(),
             State(pc_initial=124 nstack_initial=0): set(),
             State(pc_initial=138 nstack_initial=0): set(),
             State(pc_initial=230 nstack_initial=0): set()})
2026-02-19 07:24:33,217 - DEBUG - defmap: {'$phi100.0': State(pc_initial=64 nstack_initial=0),
 '$phi116.0': State(pc_initial=64 nstack_initial=0),
 '$phi40.0': State(pc_initial=0 nstack_initial=0),
 '$phi56.0': State(pc_initial=0 nstack_initial=0)}
2026-02-19 07:24:33,217 - DEBUG - phismap: defaultdict(<class 'set'>,
            {'$phi100.0': {('$x186.5', State(pc_initial=64 nstack_initial=0))},
             '$phi116.0': {('$x186.5', State(pc_initial=64 nstack_initial=0))},
             '$phi40.0': {('$x026.5', State(pc_initial=0 nstack_initial=0))},
             '$phi56.0': {('$x026.5', State(pc_initial=0 nstack_initial=0))}})
2026-02-19 07:24:33,217 - DEBUG - changing phismap: defaultdict(<class 'set'>,
            {'$phi100.0': {('$x186.5', State(pc_initial=64 nstack_initial=0))},
             '$phi116.0': {('$x186.5', State(pc_initial=64 nstack_initial=0))},
             '$phi40.0': {('$x026.5', State(pc_initial=0 nstack_initial=0))},
             '$phi56.0': {('$x026.5', State(pc_initial=0 nstack_initial=0))}})
2026-02-19 07:24:33,217 - DEBUG - keep phismap: {'$phi100.0': {('$x186.5', State(pc_initial=64 nstack_initial=0))},
 '$phi40.0': {('$x026.5', State(pc_initial=0 nstack_initial=0))}}
2026-02-19 07:24:33,217 - DEBUG - new_out: defaultdict(<class 'dict'>,
            {State(pc_initial=0 nstack_initial=0): {'$phi40.0': '$x026.5'},
             State(pc_initial=64 nstack_initial=0): {'$phi100.0': '$x186.5'}})
2026-02-19 07:24:33,218 - DEBUG - ----------------------DONE Prune PHIs-----------------------
2026-02-19 07:24:33,218 - DEBUG - block_infos State(pc_initial=0 nstack_initial=0):
AdaptBlockInfo(insts=((0, {}), (2, {}), (4, {'res': '$x4.0'}), (6, {'res': '$const6.1.0'}), (8, {'op': '[]', 'lhs': '$x4.0', 'rhs': '$const6.1.0', 'res': '$8binary_op.2'}), (20, {'value': '$8binary_op.2'}), (22, {'res': '$threshold22.3'}), (24, {'value': '$threshold22.3', 'res': '$24unary_negative.4'}), (26, {'res': '$x026.5'}), (32, {'lhs': '$24unary_negative.4', 'rhs': '$x026.5', 'res': '$32compare_op.6'}), (36, {'pred': '$32compare_op.6'})), outgoing_phis={'$phi40.0': '$x026.5'}, blockstack=(), active_try_block=None, outgoing_edgepushed={40: ('$x026.5',), 56: ('$x026.5',)})
2026-02-19 07:24:33,218 - DEBUG - block_infos State(pc_initial=40 nstack_initial=1):
AdaptBlockInfo(insts=((40, {}), (42, {'res': '$threshold42.1'}), (44, {'lhs': '$phi40.0', 'rhs': '$threshold42.1', 'res': '$44compare_op.2'}), (48, {'pred': '$44compare_op.2'})), outgoing_phis={}, blockstack=(), active_try_block=None, outgoing_edgepushed={52: (), 64: ()})
2026-02-19 07:24:33,218 - DEBUG - block_infos State(pc_initial=52 nstack_initial=0):
AdaptBlockInfo(insts=((52, {}), (54, {})), outgoing_phis={}, blockstack=(), active_try_block=None, outgoing_edgepushed={60: ()})
2026-02-19 07:24:33,218 - DEBUG - block_infos State(pc_initial=56 nstack_initial=1):
AdaptBlockInfo(insts=((58, {}),), outgoing_phis={}, blockstack=(), active_try_block=None, outgoing_edgepushed={64: ()})
2026-02-19 07:24:33,218 - DEBUG - block_infos State(pc_initial=60 nstack_initial=0):
AdaptBlockInfo(insts=((60, {'res': '$const60.0.0'}), (62, {'value': '$const60.0.0'})), outgoing_phis={}, blockstack=(), active_try_block=None, outgoing_edgepushed={64: ()})
2026-02-19 07:24:33,218 - DEBUG - block_infos State(pc_initial=64 nstack_initial=0):
AdaptBlockInfo(insts=((64, {'res': '$x64.0'}), (66, {'res': '$const66.1.1'}), (68, {'op': '[]', 'lhs': '$x64.0', 'rhs': '$const66.1.1', 'res': '$68binary_op.2'}), (80, {'value': '$68binary_op.2'}), (82, {'res': '$threshold82.3'}), (84, {'value': '$threshold82.3', 'res': '$84unary_negative.4'}), (86, {'res': '$x186.5'}), (92, {'lhs': '$84unary_negative.4', 'rhs': '$x186.5', 'res': '$92compare_op.6'}), (96, {'pred': '$92compare_op.6'})), outgoing_phis={'$phi100.0': '$x186.5'}, blockstack=(), active_try_block=None, outgoing_edgepushed={100: ('$x186.5',), 116: ('$x186.5',)})
2026-02-19 07:24:33,218 - DEBUG - block_infos State(pc_initial=100 nstack_initial=1):
AdaptBlockInfo(insts=((100, {}), (102, {'res': '$threshold102.1'}), (104, {'lhs': '$phi100.0', 'rhs': '$threshold102.1', 'res': '$104compare_op.2'}), (108, {'pred': '$104compare_op.2'})), outgoing_phis={}, blockstack=(), active_try_block=None, outgoing_edgepushed={112: (), 124: ()})
2026-02-19 07:24:33,218 - DEBUG - block_infos State(pc_initial=112 nstack_initial=0):
AdaptBlockInfo(insts=((112, {}), (114, {})), outgoing_phis={}, blockstack=(), active_try_block=None, outgoing_edgepushed={120: ()})
2026-02-19 07:24:33,219 - DEBUG - block_infos State(pc_initial=116 nstack_initial=1):
AdaptBlockInfo(insts=((118, {}),), outgoing_phis={}, blockstack=(), active_try_block=None, outgoing_edgepushed={124: ()})
2026-02-19 07:24:33,219 - DEBUG - block_infos State(pc_initial=120 nstack_initial=0):
AdaptBlockInfo(insts=((120, {'res': '$const120.0.0'}), (122, {'value': '$const120.0.0'})), outgoing_phis={}, blockstack=(), active_try_block=None, outgoing_edgepushed={124: ()})
2026-02-19 07:24:33,219 - DEBUG - block_infos State(pc_initial=124 nstack_initial=0):
AdaptBlockInfo(insts=((124, {'res': '$zero_pos124.0'}), (126, {'val': '$zero_pos124.0', 'res': '$126to_bool.1'}), (134, {'pred': '$126to_bool.1'})), outgoing_phis={}, blockstack=(), active_try_block=None, outgoing_edgepushed={138: (), 230: ()})
2026-02-19 07:24:33,219 - DEBUG - block_infos State(pc_initial=138 nstack_initial=0):
AdaptBlockInfo(insts=((138, {}), (140, {'idx': 0, 'res': '$140load_global.0'}), (150, {'item': '$140load_global.0', 'res': '$150load_attr.1'}), (170, {}), (172, {'res': '$x0172.3'}), (174, {'func': '$150load_attr.1', 'args': ['$x0172.3'], 'kw_names': None, 'res': '$174call.4'}), (182, {'idx': 0, 'res': '$182load_global.5'}), (192, {'item': '$182load_global.5', 'res': '$192load_attr.6'}), (212, {}), (214, {'res': '$x1214.8'}), (216, {'func': '$192load_attr.6', 'args': ['$x1214.8'], 'kw_names': None, 'res': '$216call.9'}), (224, {'lhs': '$174call.4', 'rhs': '$216call.9', 'res': '$224compare_op.10'}), (228, {'retval': '$224compare_op.10', 'castval': '$228return_value.11'})), outgoing_phis={}, blockstack=(), active_try_block=None, outgoing_edgepushed={})
2026-02-19 07:24:33,219 - DEBUG - block_infos State(pc_initial=230 nstack_initial=0):
AdaptBlockInfo(insts=((230, {'idx': 0, 'res': '$230load_global.0'}), (240, {'item': '$230load_global.0', 'res': '$240load_attr.1'}), (260, {}), (262, {'res': '$x0262.3'}), (264, {'func': '$240load_attr.1', 'args': ['$x0262.3'], 'kw_names': None, 'res': '$264call.4'}), (272, {'idx': 0, 'res': '$272load_global.5'}), (282, {'item': '$272load_global.5', 'res': '$282load_attr.6'}), (302, {}), (304, {'res': '$x1304.8'}), (306, {'func': '$282load_attr.6', 'args': ['$x1304.8'], 'kw_names': None, 'res': '$306call.9'}), (314, {'lhs': '$264call.4', 'rhs': '$306call.9', 'res': '$314compare_op.10'}), (318, {'retval': '$314compare_op.10', 'castval': '$318return_value.11'})), outgoing_phis={}, blockstack=(), active_try_block=None, outgoing_edgepushed={})
2026-02-19 07:24:33,220 - DEBUG - label 0:
    x = arg(0, name=x)                       ['x']
    threshold = arg(1, name=threshold)       ['threshold']
    zero_pos = arg(2, name=zero_pos)         ['zero_pos']
    $const6.1.0 = const(int, 0)              ['$const6.1.0']
    x0 = getitem(value=x, index=$const6.1.0, fn=<built-in function getitem>) ['$const6.1.0', 'x', 'x0']
    $24unary_negative.4 = unary(fn=<built-in function neg>, value=threshold) ['$24unary_negative.4', 'threshold']
    $32compare_op.6 = $24unary_negative.4 <= x0 ['$24unary_negative.4', '$32compare_op.6', 'x0']
    $bool36 = global(bool: <class 'bool'>)   ['$bool36']
    $36pred = call $bool36($32compare_op.6, func=$bool36, args=(Var($32compare_op.6, audio.py:1141),), kws=(), vararg=None, varkwarg=None, target=None) ['$32compare_op.6', '$36pred', '$bool36']
    $phi40.0 = x0                            ['$phi40.0', 'x0']
    branch $36pred, 40, 56                   ['$36pred']
label 40:
    $44compare_op.2 = $phi40.0 <= threshold  ['$44compare_op.2', '$phi40.0', 'threshold']
    $bool48 = global(bool: <class 'bool'>)   ['$bool48']
    $48pred = call $bool48($44compare_op.2, func=$bool48, args=(Var($44compare_op.2, audio.py:1141),), kws=(), vararg=None, varkwarg=None, target=None) ['$44compare_op.2', '$48pred', '$bool48']
    branch $48pred, 52, 64                   ['$48pred']
label 52:
    jump 60                                  []
label 56:
    jump 64                                  []
label 60:
    x0 = const(int, 0)                       ['x0']
    jump 64                                  []
label 64:
    $const66.1.1 = const(int, -1)            ['$const66.1.1']
    x1 = getitem(value=x, index=$const66.1.1, fn=<built-in function getitem>) ['$const66.1.1', 'x', 'x1']
    $84unary_negative.4 = unary(fn=<built-in function neg>, value=threshold) ['$84unary_negative.4', 'threshold']
    $92compare_op.6 = $84unary_negative.4 <= x1 ['$84unary_negative.4', '$92compare_op.6', 'x1']
    $bool96 = global(bool: <class 'bool'>)   ['$bool96']
    $96pred = call $bool96($92compare_op.6, func=$bool96, args=(Var($92compare_op.6, audio.py:1145),), kws=(), vararg=None, varkwarg=None, target=None) ['$92compare_op.6', '$96pred', '$bool96']
    $phi100.0 = x1                           ['$phi100.0', 'x1']
    branch $96pred, 100, 116                 ['$96pred']
label 100:
    $104compare_op.2 = $phi100.0 <= threshold ['$104compare_op.2', '$phi100.0', 'threshold']
    $bool108 = global(bool: <class 'bool'>)  ['$bool108']
    $108pred = call $bool108($104compare_op.2, func=$bool108, args=(Var($104compare_op.2, audio.py:1145),), kws=(), vararg=None, varkwarg=None, target=None) ['$104compare_op.2', '$108pred', '$bool108']
    branch $108pred, 112, 124                ['$108pred']
label 112:
    jump 120                                 []
label 116:
    jump 124                                 []
label 120:
    x1 = const(int, 0)                       ['x1']
    jump 124                                 []
label 124:
    $bool134 = global(bool: <class 'bool'>)  ['$bool134']
    $134pred = call $bool134(zero_pos, func=$bool134, args=(Var(zero_pos, audio.py:1137),), kws=(), vararg=None, varkwarg=None, target=None) ['$134pred', '$bool134', 'zero_pos']
    branch $134pred, 138, 230                ['$134pred']
label 138:
    $140load_global.0 = global(np: <module 'numpy' from 'C:\\Users\\WINDOWS\\Desktop\\ai_stress_detector\\venv\\Lib\\site-packages\\numpy\\__init__.py'>) ['$140load_global.0']
    $150load_attr.1 = getattr(value=$140load_global.0, attr=signbit) ['$140load_global.0', '$150load_attr.1']
    $174call.4 = call $150load_attr.1(x0, func=$150load_attr.1, args=[Var(x0, audio.py:1140)], kws=(), vararg=None, varkwarg=None, target=None) ['$150load_attr.1', '$174call.4', 'x0']
    $182load_global.5 = global(np: <module 'numpy' from 'C:\\Users\\WINDOWS\\Desktop\\ai_stress_detector\\venv\\Lib\\site-packages\\numpy\\__init__.py'>) ['$182load_global.5']
    $192load_attr.6 = getattr(value=$182load_global.5, attr=signbit) ['$182load_global.5', '$192load_attr.6']
    $216call.9 = call $192load_attr.6(x1, func=$192load_attr.6, args=[Var(x1, audio.py:1144)], kws=(), vararg=None, varkwarg=None, target=None) ['$192load_attr.6', '$216call.9', 'x1']
    $224compare_op.10 = $174call.4 != $216call.9 ['$174call.4', '$216call.9', '$224compare_op.10']
    $228return_value.11 = cast(value=$224compare_op.10) ['$224compare_op.10', '$228return_value.11']
    return $228return_value.11               ['$228return_value.11']
label 230:
    $230load_global.0 = global(np: <module 'numpy' from 'C:\\Users\\WINDOWS\\Desktop\\ai_stress_detector\\venv\\Lib\\site-packages\\numpy\\__init__.py'>) ['$230load_global.0']
    $240load_attr.1 = getattr(value=$230load_global.0, attr=sign) ['$230load_global.0', '$240load_attr.1']
    $264call.4 = call $240load_attr.1(x0, func=$240load_attr.1, args=[Var(x0, audio.py:1140)], kws=(), vararg=None, varkwarg=None, target=None) ['$240load_attr.1', '$264call.4', 'x0']
    $272load_global.5 = global(np: <module 'numpy' from 'C:\\Users\\WINDOWS\\Desktop\\ai_stress_detector\\venv\\Lib\\site-packages\\numpy\\__init__.py'>) ['$272load_global.5']
    $282load_attr.6 = getattr(value=$272load_global.5, attr=sign) ['$272load_global.5', '$282load_attr.6']
    $306call.9 = call $282load_attr.6(x1, func=$282load_attr.6, args=[Var(x1, audio.py:1144)], kws=(), vararg=None, varkwarg=None, target=None) ['$282load_attr.6', '$306call.9', 'x1']
    $314compare_op.10 = $264call.4 != $306call.9 ['$264call.4', '$306call.9', '$314compare_op.10']
    $318return_value.11 = cast(value=$314compare_op.10) ['$314compare_op.10', '$318return_value.11']
    return $318return_value.11               ['$318return_value.11']

2026-02-19 07:24:33,580 - DEBUG - bytecode dump:
>          0	NOP(arg=None, lineno=1023)
           2	RESUME(arg=0, lineno=1023)
           4	LOAD_FAST_BORROW(arg=0, lineno=1026)
           6	LOAD_SMALL_INT(arg=0, lineno=1026)
           8	BINARY_OP(arg=26, lineno=1026)
          20	LOAD_FAST_BORROW(arg=0, lineno=1026)
          22	LOAD_CONST(arg=1, lineno=1026)
          24	BINARY_OP(arg=26, lineno=1026)
          36	COMPARE_OP(arg=132, lineno=1026)
          40	LOAD_FAST_BORROW(arg=0, lineno=1026)
          42	LOAD_SMALL_INT(arg=0, lineno=1026)
          44	BINARY_OP(arg=26, lineno=1026)
          56	LOAD_FAST_BORROW(arg=0, lineno=1026)
          58	LOAD_SMALL_INT(arg=1, lineno=1026)
          60	BINARY_OP(arg=26, lineno=1026)
          72	COMPARE_OP(arg=172, lineno=1026)
          76	BINARY_OP(arg=1, lineno=1026)
          88	RETURN_VALUE(arg=None, lineno=1026)
2026-02-19 07:24:33,580 - DEBUG - pending: deque([State(pc_initial=0 nstack_initial=0)])
2026-02-19 07:24:33,580 - DEBUG - stack: []
2026-02-19 07:24:33,580 - DEBUG - state.pc_initial: State(pc_initial=0 nstack_initial=0)
2026-02-19 07:24:33,580 - DEBUG - dispatch pc=0, inst=NOP(arg=None, lineno=1023)
2026-02-19 07:24:33,580 - DEBUG - stack []
2026-02-19 07:24:33,580 - DEBUG - dispatch pc=2, inst=RESUME(arg=0, lineno=1023)
2026-02-19 07:24:33,580 - DEBUG - stack []
2026-02-19 07:24:33,581 - DEBUG - dispatch pc=4, inst=LOAD_FAST_BORROW(arg=0, lineno=1026)
2026-02-19 07:24:33,581 - DEBUG - stack []
2026-02-19 07:24:33,581 - DEBUG - dispatch pc=6, inst=LOAD_SMALL_INT(arg=0, lineno=1026)
2026-02-19 07:24:33,581 - DEBUG - stack ['$x4.0']
2026-02-19 07:24:33,581 - DEBUG - dispatch pc=8, inst=BINARY_OP(arg=26, lineno=1026)
2026-02-19 07:24:33,581 - DEBUG - stack ['$x4.0', '$const6.1.0']
2026-02-19 07:24:33,581 - DEBUG - dispatch pc=20, inst=LOAD_FAST_BORROW(arg=0, lineno=1026)
2026-02-19 07:24:33,581 - DEBUG - stack ['$8binary_op.2']
2026-02-19 07:24:33,581 - DEBUG - dispatch pc=22, inst=LOAD_CONST(arg=1, lineno=1026)
2026-02-19 07:24:33,581 - DEBUG - stack ['$8binary_op.2', '$x20.3']
2026-02-19 07:24:33,581 - DEBUG - dispatch pc=24, inst=BINARY_OP(arg=26, lineno=1026)
2026-02-19 07:24:33,581 - DEBUG - stack ['$8binary_op.2', '$x20.3', '$const22.4.1']
2026-02-19 07:24:33,581 - DEBUG - dispatch pc=36, inst=COMPARE_OP(arg=132, lineno=1026)
2026-02-19 07:24:33,581 - DEBUG - stack ['$8binary_op.2', '$24binary_op.5']
2026-02-19 07:24:33,581 - DEBUG - dispatch pc=40, inst=LOAD_FAST_BORROW(arg=0, lineno=1026)
2026-02-19 07:24:33,581 - DEBUG - stack ['$36compare_op.6']
2026-02-19 07:24:33,581 - DEBUG - dispatch pc=42, inst=LOAD_SMALL_INT(arg=0, lineno=1026)
2026-02-19 07:24:33,581 - DEBUG - stack ['$36compare_op.6', '$x40.7']
2026-02-19 07:24:33,581 - DEBUG - dispatch pc=44, inst=BINARY_OP(arg=26, lineno=1026)
2026-02-19 07:24:33,581 - DEBUG - stack ['$36compare_op.6', '$x40.7', '$const42.8.0']
2026-02-19 07:24:33,581 - DEBUG - dispatch pc=56, inst=LOAD_FAST_BORROW(arg=0, lineno=1026)
2026-02-19 07:24:33,581 - DEBUG - stack ['$36compare_op.6', '$44binary_op.9']
2026-02-19 07:24:33,581 - DEBUG - dispatch pc=58, inst=LOAD_SMALL_INT(arg=1, lineno=1026)
2026-02-19 07:24:33,581 - DEBUG - stack ['$36compare_op.6', '$44binary_op.9', '$x56.10']
2026-02-19 07:24:33,582 - DEBUG - dispatch pc=60, inst=BINARY_OP(arg=26, lineno=1026)
2026-02-19 07:24:33,582 - DEBUG - stack ['$36compare_op.6', '$44binary_op.9', '$x56.10', '$const58.11.1']
2026-02-19 07:24:33,582 - DEBUG - dispatch pc=72, inst=COMPARE_OP(arg=172, lineno=1026)
2026-02-19 07:24:33,582 - DEBUG - stack ['$36compare_op.6', '$44binary_op.9', '$60binary_op.12']
2026-02-19 07:24:33,582 - DEBUG - dispatch pc=76, inst=BINARY_OP(arg=1, lineno=1026)
2026-02-19 07:24:33,582 - DEBUG - stack ['$36compare_op.6', '$72compare_op.13']
2026-02-19 07:24:33,582 - DEBUG - dispatch pc=88, inst=RETURN_VALUE(arg=None, lineno=1026)
2026-02-19 07:24:33,582 - DEBUG - stack ['$binop_and_76.14']
2026-02-19 07:24:33,582 - DEBUG - end state. edges=[]
2026-02-19 07:24:33,582 - DEBUG - -------------------------Prune PHIs-------------------------
2026-02-19 07:24:33,582 - DEBUG - Used_phis: defaultdict(<class 'set'>, {State(pc_initial=0 nstack_initial=0): set()})
2026-02-19 07:24:33,582 - DEBUG - defmap: {}
2026-02-19 07:24:33,582 - DEBUG - phismap: defaultdict(<class 'set'>, {})
2026-02-19 07:24:33,582 - DEBUG - changing phismap: defaultdict(<class 'set'>, {})
2026-02-19 07:24:33,582 - DEBUG - keep phismap: {}
2026-02-19 07:24:33,582 - DEBUG - new_out: defaultdict(<class 'dict'>, {})
2026-02-19 07:24:33,582 - DEBUG - ----------------------DONE Prune PHIs-----------------------
2026-02-19 07:24:33,582 - DEBUG - block_infos State(pc_initial=0 nstack_initial=0):
AdaptBlockInfo(insts=((0, {}), (2, {}), (4, {'res': '$x4.0'}), (6, {'res': '$const6.1.0'}), (8, {'op': '[]', 'lhs': '$x4.0', 'rhs': '$const6.1.0', 'res': '$8binary_op.2'}), (20, {'res': '$x20.3'}), (22, {'res': '$const22.4.1'}), (24, {'op': '[]', 'lhs': '$x20.3', 'rhs': '$const22.4.1', 'res': '$24binary_op.5'}), (36, {'lhs': '$8binary_op.2', 'rhs': '$24binary_op.5', 'res': '$36compare_op.6'}), (40, {'res': '$x40.7'}), (42, {'res': '$const42.8.0'}), (44, {'op': '[]', 'lhs': '$x40.7', 'rhs': '$const42.8.0', 'res': '$44binary_op.9'}), (56, {'res': '$x56.10'}), (58, {'res': '$const58.11.1'}), (60, {'op': '[]', 'lhs': '$x56.10', 'rhs': '$const58.11.1', 'res': '$60binary_op.12'}), (72, {'lhs': '$44binary_op.9', 'rhs': '$60binary_op.12', 'res': '$72compare_op.13'}), (76, {'op': '&', 'lhs': '$36compare_op.6', 'rhs': '$72compare_op.13', 'res': '$binop_and_76.14'}), (88, {'retval': '$binop_and_76.14', 'castval': '$88return_value.15'})), outgoing_phis={}, blockstack=(), active_try_block=None, outgoing_edgepushed={})
2026-02-19 07:24:33,583 - DEBUG - label 0:
    x = arg(0, name=x)                       ['x']
    $const6.1.0 = const(int, 0)              ['$const6.1.0']
    $8binary_op.2 = getitem(value=x, index=$const6.1.0, fn=<built-in function getitem>) ['$8binary_op.2', '$const6.1.0', 'x']
    $const22.4.1 = const(int, -1)            ['$const22.4.1']
    $24binary_op.5 = getitem(value=x, index=$const22.4.1, fn=<built-in function getitem>) ['$24binary_op.5', '$const22.4.1', 'x']
    $36compare_op.6 = $8binary_op.2 > $24binary_op.5 ['$24binary_op.5', '$36compare_op.6', '$8binary_op.2']
    $const42.8.0 = const(int, 0)             ['$const42.8.0']
    $44binary_op.9 = getitem(value=x, index=$const42.8.0, fn=<built-in function getitem>) ['$44binary_op.9', '$const42.8.0', 'x']
    $const58.11.1 = const(int, 1)            ['$const58.11.1']
    $60binary_op.12 = getitem(value=x, index=$const58.11.1, fn=<built-in function getitem>) ['$60binary_op.12', '$const58.11.1', 'x']
    $72compare_op.13 = $44binary_op.9 >= $60binary_op.12 ['$44binary_op.9', '$60binary_op.12', '$72compare_op.13']
    $binop_and_76.14 = $36compare_op.6 & $72compare_op.13 ['$36compare_op.6', '$72compare_op.13', '$binop_and_76.14']
    $88return_value.15 = cast(value=$binop_and_76.14) ['$88return_value.15', '$binop_and_76.14']
    return $88return_value.15                ['$88return_value.15']

2026-02-19 07:24:33,583 - DEBUG - bytecode dump:
>          0	NOP(arg=None, lineno=1029)
           2	RESUME(arg=0, lineno=1029)
           4	LOAD_FAST_BORROW(arg=0, lineno=1032)
           6	LOAD_SMALL_INT(arg=0, lineno=1032)
           8	BINARY_OP(arg=26, lineno=1032)
          20	LOAD_FAST_BORROW(arg=0, lineno=1032)
          22	LOAD_CONST(arg=1, lineno=1032)
          24	BINARY_OP(arg=26, lineno=1032)
          36	COMPARE_OP(arg=2, lineno=1032)
          40	LOAD_FAST_BORROW(arg=0, lineno=1032)
          42	LOAD_SMALL_INT(arg=0, lineno=1032)
          44	BINARY_OP(arg=26, lineno=1032)
          56	LOAD_FAST_BORROW(arg=0, lineno=1032)
          58	LOAD_SMALL_INT(arg=1, lineno=1032)
          60	BINARY_OP(arg=26, lineno=1032)
          72	COMPARE_OP(arg=42, lineno=1032)
          76	BINARY_OP(arg=1, lineno=1032)
          88	RETURN_VALUE(arg=None, lineno=1032)
2026-02-19 07:24:33,583 - DEBUG - pending: deque([State(pc_initial=0 nstack_initial=0)])
2026-02-19 07:24:33,583 - DEBUG - stack: []
2026-02-19 07:24:33,584 - DEBUG - state.pc_initial: State(pc_initial=0 nstack_initial=0)
2026-02-19 07:24:33,584 - DEBUG - dispatch pc=0, inst=NOP(arg=None, lineno=1029)
2026-02-19 07:24:33,584 - DEBUG - stack []
2026-02-19 07:24:33,584 - DEBUG - dispatch pc=2, inst=RESUME(arg=0, lineno=1029)
2026-02-19 07:24:33,584 - DEBUG - stack []
2026-02-19 07:24:33,584 - DEBUG - dispatch pc=4, inst=LOAD_FAST_BORROW(arg=0, lineno=1032)
2026-02-19 07:24:33,585 - DEBUG - stack []
2026-02-19 07:24:33,585 - DEBUG - dispatch pc=6, inst=LOAD_SMALL_INT(arg=0, lineno=1032)
2026-02-19 07:24:33,585 - DEBUG - stack ['$x4.0']
2026-02-19 07:24:33,585 - DEBUG - dispatch pc=8, inst=BINARY_OP(arg=26, lineno=1032)
2026-02-19 07:24:33,585 - DEBUG - stack ['$x4.0', '$const6.1.0']
2026-02-19 07:24:33,585 - DEBUG - dispatch pc=20, inst=LOAD_FAST_BORROW(arg=0, lineno=1032)
2026-02-19 07:24:33,585 - DEBUG - stack ['$8binary_op.2']
2026-02-19 07:24:33,585 - DEBUG - dispatch pc=22, inst=LOAD_CONST(arg=1, lineno=1032)
2026-02-19 07:24:33,585 - DEBUG - stack ['$8binary_op.2', '$x20.3']
2026-02-19 07:24:33,585 - DEBUG - dispatch pc=24, inst=BINARY_OP(arg=26, lineno=1032)
2026-02-19 07:24:33,585 - DEBUG - stack ['$8binary_op.2', '$x20.3', '$const22.4.1']
2026-02-19 07:24:33,585 - DEBUG - dispatch pc=36, inst=COMPARE_OP(arg=2, lineno=1032)
2026-02-19 07:24:33,585 - DEBUG - stack ['$8binary_op.2', '$24binary_op.5']
2026-02-19 07:24:33,586 - DEBUG - dispatch pc=40, inst=LOAD_FAST_BORROW(arg=0, lineno=1032)
2026-02-19 07:24:33,586 - DEBUG - stack ['$36compare_op.6']
2026-02-19 07:24:33,586 - DEBUG - dispatch pc=42, inst=LOAD_SMALL_INT(arg=0, lineno=1032)
2026-02-19 07:24:33,586 - DEBUG - stack ['$36compare_op.6', '$x40.7']
2026-02-19 07:24:33,586 - DEBUG - dispatch pc=44, inst=BINARY_OP(arg=26, lineno=1032)
2026-02-19 07:24:33,586 - DEBUG - stack ['$36compare_op.6', '$x40.7', '$const42.8.0']
2026-02-19 07:24:33,586 - DEBUG - dispatch pc=56, inst=LOAD_FAST_BORROW(arg=0, lineno=1032)
2026-02-19 07:24:33,586 - DEBUG - stack ['$36compare_op.6', '$44binary_op.9']
2026-02-19 07:24:33,586 - DEBUG - dispatch pc=58, inst=LOAD_SMALL_INT(arg=1, lineno=1032)
2026-02-19 07:24:33,586 - DEBUG - stack ['$36compare_op.6', '$44binary_op.9', '$x56.10']
2026-02-19 07:24:33,586 - DEBUG - dispatch pc=60, inst=BINARY_OP(arg=26, lineno=1032)
2026-02-19 07:24:33,586 - DEBUG - stack ['$36compare_op.6', '$44binary_op.9', '$x56.10', '$const58.11.1']
2026-02-19 07:24:33,586 - DEBUG - dispatch pc=72, inst=COMPARE_OP(arg=42, lineno=1032)
2026-02-19 07:24:33,586 - DEBUG - stack ['$36compare_op.6', '$44binary_op.9', '$60binary_op.12']
2026-02-19 07:24:33,586 - DEBUG - dispatch pc=76, inst=BINARY_OP(arg=1, lineno=1032)
2026-02-19 07:24:33,586 - DEBUG - stack ['$36compare_op.6', '$72compare_op.13']
2026-02-19 07:24:33,586 - DEBUG - dispatch pc=88, inst=RETURN_VALUE(arg=None, lineno=1032)
2026-02-19 07:24:33,586 - DEBUG - stack ['$binop_and_76.14']
2026-02-19 07:24:33,586 - DEBUG - end state. edges=[]
2026-02-19 07:24:33,586 - DEBUG - -------------------------Prune PHIs-------------------------
2026-02-19 07:24:33,586 - DEBUG - Used_phis: defaultdict(<class 'set'>, {State(pc_initial=0 nstack_initial=0): set()})
2026-02-19 07:24:33,587 - DEBUG - defmap: {}
2026-02-19 07:24:33,587 - DEBUG - phismap: defaultdict(<class 'set'>, {})
2026-02-19 07:24:33,587 - DEBUG - changing phismap: defaultdict(<class 'set'>, {})
2026-02-19 07:24:33,587 - DEBUG - keep phismap: {}
2026-02-19 07:24:33,587 - DEBUG - new_out: defaultdict(<class 'dict'>, {})
2026-02-19 07:24:33,587 - DEBUG - ----------------------DONE Prune PHIs-----------------------
2026-02-19 07:24:33,587 - DEBUG - block_infos State(pc_initial=0 nstack_initial=0):
AdaptBlockInfo(insts=((0, {}), (2, {}), (4, {'res': '$x4.0'}), (6, {'res': '$const6.1.0'}), (8, {'op': '[]', 'lhs': '$x4.0', 'rhs': '$const6.1.0', 'res': '$8binary_op.2'}), (20, {'res': '$x20.3'}), (22, {'res': '$const22.4.1'}), (24, {'op': '[]', 'lhs': '$x20.3', 'rhs': '$const22.4.1', 'res': '$24binary_op.5'}), (36, {'lhs': '$8binary_op.2', 'rhs': '$24binary_op.5', 'res': '$36compare_op.6'}), (40, {'res': '$x40.7'}), (42, {'res': '$const42.8.0'}), (44, {'op': '[]', 'lhs': '$x40.7', 'rhs': '$const42.8.0', 'res': '$44binary_op.9'}), (56, {'res': '$x56.10'}), (58, {'res': '$const58.11.1'}), (60, {'op': '[]', 'lhs': '$x56.10', 'rhs': '$const58.11.1', 'res': '$60binary_op.12'}), (72, {'lhs': '$44binary_op.9', 'rhs': '$60binary_op.12', 'res': '$72compare_op.13'}), (76, {'op': '&', 'lhs': '$36compare_op.6', 'rhs': '$72compare_op.13', 'res': '$binop_and_76.14'}), (88, {'retval': '$binop_and_76.14', 'castval': '$88return_value.15'})), outgoing_phis={}, blockstack=(), active_try_block=None, outgoing_edgepushed={})
2026-02-19 07:24:33,588 - DEBUG - label 0:
    x = arg(0, name=x)                       ['x']
    $const6.1.0 = const(int, 0)              ['$const6.1.0']
    $8binary_op.2 = getitem(value=x, index=$const6.1.0, fn=<built-in function getitem>) ['$8binary_op.2', '$const6.1.0', 'x']
    $const22.4.1 = const(int, -1)            ['$const22.4.1']
    $24binary_op.5 = getitem(value=x, index=$const22.4.1, fn=<built-in function getitem>) ['$24binary_op.5', '$const22.4.1', 'x']
    $36compare_op.6 = $8binary_op.2 < $24binary_op.5 ['$24binary_op.5', '$36compare_op.6', '$8binary_op.2']
    $const42.8.0 = const(int, 0)             ['$const42.8.0']
    $44binary_op.9 = getitem(value=x, index=$const42.8.0, fn=<built-in function getitem>) ['$44binary_op.9', '$const42.8.0', 'x']
    $const58.11.1 = const(int, 1)            ['$const58.11.1']
    $60binary_op.12 = getitem(value=x, index=$const58.11.1, fn=<built-in function getitem>) ['$60binary_op.12', '$const58.11.1', 'x']
    $72compare_op.13 = $44binary_op.9 <= $60binary_op.12 ['$44binary_op.9', '$60binary_op.12', '$72compare_op.13']
    $binop_and_76.14 = $36compare_op.6 & $72compare_op.13 ['$36compare_op.6', '$72compare_op.13', '$binop_and_76.14']
    $88return_value.15 = cast(value=$binop_and_76.14) ['$88return_value.15', '$binop_and_76.14']
    return $88return_value.15                ['$88return_value.15']

2026-02-19 07:24:34,450 - DEBUG - bytecode dump:
>          0	NOP(arg=None, lineno=416)
           2	RESUME(arg=0, lineno=416)
           4	LOAD_FAST_BORROW(arg=0, lineno=419)
           6	LOAD_SMALL_INT(arg=1, lineno=419)
           8	BINARY_OP(arg=26, lineno=419)
          20	LOAD_FAST_BORROW(arg=0, lineno=419)
          22	LOAD_CONST(arg=1, lineno=419)
          24	BINARY_OP(arg=26, lineno=419)
          36	BINARY_OP(arg=0, lineno=419)
          48	LOAD_SMALL_INT(arg=2, lineno=419)
          50	LOAD_FAST_BORROW(arg=0, lineno=419)
          52	LOAD_SMALL_INT(arg=0, lineno=419)
          54	BINARY_OP(arg=26, lineno=419)
          66	BINARY_OP(arg=5, lineno=419)
          78	BINARY_OP(arg=10, lineno=419)
          90	STORE_FAST(arg=1, lineno=419)
          92	LOAD_FAST_BORROW(arg=0, lineno=420)
          94	LOAD_SMALL_INT(arg=1, lineno=420)
          96	BINARY_OP(arg=26, lineno=420)
         108	LOAD_FAST_BORROW(arg=0, lineno=420)
         110	LOAD_CONST(arg=1, lineno=420)
         112	BINARY_OP(arg=26, lineno=420)
         124	BINARY_OP(arg=10, lineno=420)
         136	LOAD_SMALL_INT(arg=2, lineno=420)
         138	BINARY_OP(arg=11, lineno=420)
         150	STORE_FAST(arg=2, lineno=420)
         152	LOAD_GLOBAL(arg=0, lineno=422)
         162	LOAD_ATTR(arg=2, lineno=422)
         182	PUSH_NULL(arg=None, lineno=422)
         184	LOAD_FAST_BORROW(arg=2, lineno=422)
         186	CALL(arg=1, lineno=422)
         194	LOAD_GLOBAL(arg=0, lineno=422)
         204	LOAD_ATTR(arg=2, lineno=422)
         224	PUSH_NULL(arg=None, lineno=422)
         226	LOAD_FAST_BORROW(arg=1, lineno=422)
         228	CALL(arg=1, lineno=422)
         236	COMPARE_OP(arg=188, lineno=422)
         240	POP_JUMP_IF_FALSE(arg=3, lineno=422)
         244	NOT_TAKEN(arg=None, lineno=422)
         246	LOAD_SMALL_INT(arg=0, lineno=425)
         248	RETURN_VALUE(arg=None, lineno=425)
>        250	LOAD_FAST_BORROW(arg=2, lineno=427)
         252	UNARY_NEGATIVE(arg=None, lineno=427)
         254	LOAD_FAST_BORROW(arg=1, lineno=427)
         256	BINARY_OP(arg=11, lineno=427)
         268	RETURN_VALUE(arg=None, lineno=427)
2026-02-19 07:24:34,450 - DEBUG - pending: deque([State(pc_initial=0 nstack_initial=0)])
2026-02-19 07:24:34,450 - DEBUG - stack: []
2026-02-19 07:24:34,450 - DEBUG - state.pc_initial: State(pc_initial=0 nstack_initial=0)
2026-02-19 07:24:34,451 - DEBUG - dispatch pc=0, inst=NOP(arg=None, lineno=416)
2026-02-19 07:24:34,451 - DEBUG - stack []
2026-02-19 07:24:34,451 - DEBUG - dispatch pc=2, inst=RESUME(arg=0, lineno=416)
2026-02-19 07:24:34,451 - DEBUG - stack []
2026-02-19 07:24:34,451 - DEBUG - dispatch pc=4, inst=LOAD_FAST_BORROW(arg=0, lineno=419)
2026-02-19 07:24:34,451 - DEBUG - stack []
2026-02-19 07:24:34,451 - DEBUG - dispatch pc=6, inst=LOAD_SMALL_INT(arg=1, lineno=419)
2026-02-19 07:24:34,451 - DEBUG - stack ['$x4.0']
2026-02-19 07:24:34,451 - DEBUG - dispatch pc=8, inst=BINARY_OP(arg=26, lineno=419)
2026-02-19 07:24:34,451 - DEBUG - stack ['$x4.0', '$const6.1.1']
2026-02-19 07:24:34,451 - DEBUG - dispatch pc=20, inst=LOAD_FAST_BORROW(arg=0, lineno=419)
2026-02-19 07:24:34,452 - DEBUG - stack ['$8binary_op.2']
2026-02-19 07:24:34,452 - DEBUG - dispatch pc=22, inst=LOAD_CONST(arg=1, lineno=419)
2026-02-19 07:24:34,452 - DEBUG - stack ['$8binary_op.2', '$x20.3']
2026-02-19 07:24:34,452 - DEBUG - dispatch pc=24, inst=BINARY_OP(arg=26, lineno=419)
2026-02-19 07:24:34,452 - DEBUG - stack ['$8binary_op.2', '$x20.3', '$const22.4.1']
2026-02-19 07:24:34,452 - DEBUG - dispatch pc=36, inst=BINARY_OP(arg=0, lineno=419)
2026-02-19 07:24:34,452 - DEBUG - stack ['$8binary_op.2', '$24binary_op.5']
2026-02-19 07:24:34,452 - DEBUG - dispatch pc=48, inst=LOAD_SMALL_INT(arg=2, lineno=419)
2026-02-19 07:24:34,452 - DEBUG - stack ['$binop_add36.6']
2026-02-19 07:24:34,452 - DEBUG - dispatch pc=50, inst=LOAD_FAST_BORROW(arg=0, lineno=419)
2026-02-19 07:24:34,452 - DEBUG - stack ['$binop_add36.6', '$const48.7.2']
2026-02-19 07:24:34,452 - DEBUG - dispatch pc=52, inst=LOAD_SMALL_INT(arg=0, lineno=419)
2026-02-19 07:24:34,452 - DEBUG - stack ['$binop_add36.6', '$const48.7.2', '$x50.8']
2026-02-19 07:24:34,452 - DEBUG - dispatch pc=54, inst=BINARY_OP(arg=26, lineno=419)
2026-02-19 07:24:34,452 - DEBUG - stack ['$binop_add36.6', '$const48.7.2', '$x50.8', '$const52.9.0']
2026-02-19 07:24:34,452 - DEBUG - dispatch pc=66, inst=BINARY_OP(arg=5, lineno=419)
2026-02-19 07:24:34,452 - DEBUG - stack ['$binop_add36.6', '$const48.7.2', '$54binary_op.10']
2026-02-19 07:24:34,452 - DEBUG - dispatch pc=78, inst=BINARY_OP(arg=10, lineno=419)
2026-02-19 07:24:34,452 - DEBUG - stack ['$binop_add36.6', '$binop_mul66.11']
2026-02-19 07:24:34,452 - DEBUG - dispatch pc=90, inst=STORE_FAST(arg=1, lineno=419)
2026-02-19 07:24:34,452 - DEBUG - stack ['$binop_sub78.12']
2026-02-19 07:24:34,452 - DEBUG - dispatch pc=92, inst=LOAD_FAST_BORROW(arg=0, lineno=420)
2026-02-19 07:24:34,453 - DEBUG - stack []
2026-02-19 07:24:34,453 - DEBUG - dispatch pc=94, inst=LOAD_SMALL_INT(arg=1, lineno=420)
2026-02-19 07:24:34,453 - DEBUG - stack ['$x92.13']
2026-02-19 07:24:34,453 - DEBUG - dispatch pc=96, inst=BINARY_OP(arg=26, lineno=420)
2026-02-19 07:24:34,453 - DEBUG - stack ['$x92.13', '$const94.14.1']
2026-02-19 07:24:34,453 - DEBUG - dispatch pc=108, inst=LOAD_FAST_BORROW(arg=0, lineno=420)
2026-02-19 07:24:34,453 - DEBUG - stack ['$96binary_op.15']
2026-02-19 07:24:34,453 - DEBUG - dispatch pc=110, inst=LOAD_CONST(arg=1, lineno=420)
2026-02-19 07:24:34,453 - DEBUG - stack ['$96binary_op.15', '$x108.16']
2026-02-19 07:24:34,453 - DEBUG - dispatch pc=112, inst=BINARY_OP(arg=26, lineno=420)
2026-02-19 07:24:34,453 - DEBUG - stack ['$96binary_op.15', '$x108.16', '$const110.17.1']
2026-02-19 07:24:34,453 - DEBUG - dispatch pc=124, inst=BINARY_OP(arg=10, lineno=420)
2026-02-19 07:24:34,453 - DEBUG - stack ['$96binary_op.15', '$112binary_op.18']
2026-02-19 07:24:34,453 - DEBUG - dispatch pc=136, inst=LOAD_SMALL_INT(arg=2, lineno=420)
2026-02-19 07:24:34,453 - DEBUG - stack ['$binop_sub124.19']
2026-02-19 07:24:34,453 - DEBUG - dispatch pc=138, inst=BINARY_OP(arg=11, lineno=420)
2026-02-19 07:24:34,453 - DEBUG - stack ['$binop_sub124.19', '$const136.20.2']
2026-02-19 07:24:34,453 - DEBUG - dispatch pc=150, inst=STORE_FAST(arg=2, lineno=420)
2026-02-19 07:24:34,453 - DEBUG - stack ['$binop_truediv138.21']
2026-02-19 07:24:34,454 - DEBUG - dispatch pc=152, inst=LOAD_GLOBAL(arg=0, lineno=422)
2026-02-19 07:24:34,454 - DEBUG - stack []
2026-02-19 07:24:34,454 - DEBUG - dispatch pc=162, inst=LOAD_ATTR(arg=2, lineno=422)
2026-02-19 07:24:34,454 - DEBUG - stack ['$152load_global.22']
2026-02-19 07:24:34,454 - DEBUG - dispatch pc=182, inst=PUSH_NULL(arg=None, lineno=422)
2026-02-19 07:24:34,454 - DEBUG - stack ['$162load_attr.23']
2026-02-19 07:24:34,454 - DEBUG - dispatch pc=184, inst=LOAD_FAST_BORROW(arg=2, lineno=422)
2026-02-19 07:24:34,454 - DEBUG - stack ['$162load_attr.23', '$null$182.24']
2026-02-19 07:24:34,454 - DEBUG - dispatch pc=186, inst=CALL(arg=1, lineno=422)
2026-02-19 07:24:34,454 - DEBUG - stack ['$162load_attr.23', '$null$182.24', '$b184.25']
2026-02-19 07:24:34,454 - DEBUG - dispatch pc=194, inst=LOAD_GLOBAL(arg=0, lineno=422)
2026-02-19 07:24:34,454 - DEBUG - stack ['$186call.26']
2026-02-19 07:24:34,454 - DEBUG - dispatch pc=204, inst=LOAD_ATTR(arg=2, lineno=422)
2026-02-19 07:24:34,454 - DEBUG - stack ['$186call.26', '$194load_global.27']
2026-02-19 07:24:34,454 - DEBUG - dispatch pc=224, inst=PUSH_NULL(arg=None, lineno=422)
2026-02-19 07:24:34,454 - DEBUG - stack ['$186call.26', '$204load_attr.28']
2026-02-19 07:24:34,454 - DEBUG - dispatch pc=226, inst=LOAD_FAST_BORROW(arg=1, lineno=422)
2026-02-19 07:24:34,454 - DEBUG - stack ['$186call.26', '$204load_attr.28', '$null$224.29']
2026-02-19 07:24:34,454 - DEBUG - dispatch pc=228, inst=CALL(arg=1, lineno=422)
2026-02-19 07:24:34,454 - DEBUG - stack ['$186call.26', '$204load_attr.28', '$null$224.29', '$a226.30']
2026-02-19 07:24:34,454 - DEBUG - dispatch pc=236, inst=COMPARE_OP(arg=188, lineno=422)
2026-02-19 07:24:34,454 - DEBUG - stack ['$186call.26', '$228call.31']
2026-02-19 07:24:34,454 - DEBUG - dispatch pc=240, inst=POP_JUMP_IF_FALSE(arg=3, lineno=422)
2026-02-19 07:24:34,454 - DEBUG - stack ['$236compare_op.32']
2026-02-19 07:24:34,454 - DEBUG - end state. edges=[Edge(pc=244, stack=(), blockstack=(), npush=0), Edge(pc=250, stack=(), blockstack=(), npush=0)]
2026-02-19 07:24:34,454 - DEBUG - pending: deque([State(pc_initial=244 nstack_initial=0), State(pc_initial=250 nstack_initial=0)])
2026-02-19 07:24:34,455 - DEBUG - stack: []
2026-02-19 07:24:34,455 - DEBUG - state.pc_initial: State(pc_initial=244 nstack_initial=0)
2026-02-19 07:24:34,455 - DEBUG - dispatch pc=244, inst=NOT_TAKEN(arg=None, lineno=422)
2026-02-19 07:24:34,455 - DEBUG - stack []
2026-02-19 07:24:34,455 - DEBUG - dispatch pc=246, inst=LOAD_SMALL_INT(arg=0, lineno=425)
2026-02-19 07:24:34,455 - DEBUG - stack []
2026-02-19 07:24:34,455 - DEBUG - dispatch pc=248, inst=RETURN_VALUE(arg=None, lineno=425)
2026-02-19 07:24:34,455 - DEBUG - stack ['$const246.0.0']
2026-02-19 07:24:34,455 - DEBUG - end state. edges=[]
2026-02-19 07:24:34,455 - DEBUG - pending: deque([State(pc_initial=250 nstack_initial=0)])
2026-02-19 07:24:34,455 - DEBUG - stack: []
2026-02-19 07:24:34,455 - DEBUG - state.pc_initial: State(pc_initial=250 nstack_initial=0)
2026-02-19 07:24:34,455 - DEBUG - dispatch pc=250, inst=LOAD_FAST_BORROW(arg=2, lineno=427)
2026-02-19 07:24:34,455 - DEBUG - stack []
2026-02-19 07:24:34,455 - DEBUG - dispatch pc=252, inst=UNARY_NEGATIVE(arg=None, lineno=427)
2026-02-19 07:24:34,455 - DEBUG - stack ['$b250.0']
2026-02-19 07:24:34,455 - DEBUG - dispatch pc=254, inst=LOAD_FAST_BORROW(arg=1, lineno=427)
2026-02-19 07:24:34,455 - DEBUG - stack ['$252unary_negative.1']
2026-02-19 07:24:34,455 - DEBUG - dispatch pc=256, inst=BINARY_OP(arg=11, lineno=427)
2026-02-19 07:24:34,455 - DEBUG - stack ['$252unary_negative.1', '$a254.2']
2026-02-19 07:24:34,455 - DEBUG - dispatch pc=268, inst=RETURN_VALUE(arg=None, lineno=427)
2026-02-19 07:24:34,455 - DEBUG - stack ['$binop_truediv256.3']
2026-02-19 07:24:34,455 - DEBUG - end state. edges=[]
2026-02-19 07:24:34,455 - DEBUG - -------------------------Prune PHIs-------------------------
2026-02-19 07:24:34,455 - DEBUG - Used_phis: defaultdict(<class 'set'>,
            {State(pc_initial=0 nstack_initial=0): set(),
             State(pc_initial=244 nstack_initial=0): set(),
             State(pc_initial=250 nstack_initial=0): set()})
2026-02-19 07:24:34,455 - DEBUG - defmap: {}
2026-02-19 07:24:34,456 - DEBUG - phismap: defaultdict(<class 'set'>, {})
2026-02-19 07:24:34,456 - DEBUG - changing phismap: defaultdict(<class 'set'>, {})
2026-02-19 07:24:34,456 - DEBUG - keep phismap: {}
2026-02-19 07:24:34,456 - DEBUG - new_out: defaultdict(<class 'dict'>, {})
2026-02-19 07:24:34,456 - DEBUG - ----------------------DONE Prune PHIs-----------------------
2026-02-19 07:24:34,456 - DEBUG - block_infos State(pc_initial=0 nstack_initial=0):
AdaptBlockInfo(insts=((0, {}), (2, {}), (4, {'res': '$x4.0'}), (6, {'res': '$const6.1.1'}), (8, {'op': '[]', 'lhs': '$x4.0', 'rhs': '$const6.1.1', 'res': '$8binary_op.2'}), (20, {'res': '$x20.3'}), (22, {'res': '$const22.4.1'}), (24, {'op': '[]', 'lhs': '$x20.3', 'rhs': '$const22.4.1', 'res': '$24binary_op.5'}), (36, {'op': '+', 'lhs': '$8binary_op.2', 'rhs': '$24binary_op.5', 'res': '$binop_add36.6'}), (48, {'res': '$const48.7.2'}), (50, {'res': '$x50.8'}), (52, {'res': '$const52.9.0'}), (54, {'op': '[]', 'lhs': '$x50.8', 'rhs': '$const52.9.0', 'res': '$54binary_op.10'}), (66, {'op': '*', 'lhs': '$const48.7.2', 'rhs': '$54binary_op.10', 'res': '$binop_mul66.11'}), (78, {'op': '-', 'lhs': '$binop_add36.6', 'rhs': '$binop_mul66.11', 'res': '$binop_sub78.12'}), (90, {'value': '$binop_sub78.12'}), (92, {'res': '$x92.13'}), (94, {'res': '$const94.14.1'}), (96, {'op': '[]', 'lhs': '$x92.13', 'rhs': '$const94.14.1', 'res': '$96binary_op.15'}), (108, {'res': '$x108.16'}), (110, {'res': '$const110.17.1'}), (112, {'op': '[]', 'lhs': '$x108.16', 'rhs': '$const110.17.1', 'res': '$112binary_op.18'}), (124, {'op': '-', 'lhs': '$96binary_op.15', 'rhs': '$112binary_op.18', 'res': '$binop_sub124.19'}), (136, {'res': '$const136.20.2'}), (138, {'op': '/', 'lhs': '$binop_sub124.19', 'rhs': '$const136.20.2', 'res': '$binop_truediv138.21'}), (150, {'value': '$binop_truediv138.21'}), (152, {'idx': 0, 'res': '$152load_global.22'}), (162, {'item': '$152load_global.22', 'res': '$162load_attr.23'}), (182, {}), (184, {'res': '$b184.25'}), (186, {'func': '$162load_attr.23', 'args': ['$b184.25'], 'kw_names': None, 'res': '$186call.26'}), (194, {'idx': 0, 'res': '$194load_global.27'}), (204, {'item': '$194load_global.27', 'res': '$204load_attr.28'}), (224, {}), (226, {'res': '$a226.30'}), (228, {'func': '$204load_attr.28', 'args': ['$a226.30'], 'kw_names': None, 'res': '$228call.31'}), (236, {'lhs': '$186call.26', 'rhs': '$228call.31', 'res': '$236compare_op.32'}), (240, {'pred': '$236compare_op.32'})), outgoing_phis={}, blockstack=(), active_try_block=None, outgoing_edgepushed={244: (), 250: ()})
2026-02-19 07:24:34,456 - DEBUG - block_infos State(pc_initial=244 nstack_initial=0):
AdaptBlockInfo(insts=((244, {}), (246, {'res': '$const246.0.0'}), (248, {'retval': '$const246.0.0', 'castval': '$248return_value.1'})), outgoing_phis={}, blockstack=(), active_try_block=None, outgoing_edgepushed={})
2026-02-19 07:24:34,456 - DEBUG - block_infos State(pc_initial=250 nstack_initial=0):
AdaptBlockInfo(insts=((250, {'res': '$b250.0'}), (252, {'value': '$b250.0', 'res': '$252unary_negative.1'}), (254, {'res': '$a254.2'}), (256, {'op': '/', 'lhs': '$252unary_negative.1', 'rhs': '$a254.2', 'res': '$binop_truediv256.3'}), (268, {'retval': '$binop_truediv256.3', 'castval': '$268return_value.4'})), outgoing_phis={}, blockstack=(), active_try_block=None, outgoing_edgepushed={})
2026-02-19 07:24:34,456 - DEBUG - label 0:
    x = arg(0, name=x)                       ['x']
    $const6.1.1 = const(int, 1)              ['$const6.1.1']
    $8binary_op.2 = getitem(value=x, index=$const6.1.1, fn=<built-in function getitem>) ['$8binary_op.2', '$const6.1.1', 'x']
    $const22.4.1 = const(int, -1)            ['$const22.4.1']
    $24binary_op.5 = getitem(value=x, index=$const22.4.1, fn=<built-in function getitem>) ['$24binary_op.5', '$const22.4.1', 'x']
    $binop_add36.6 = $8binary_op.2 + $24binary_op.5 ['$24binary_op.5', '$8binary_op.2', '$binop_add36.6']
    $const48.7.2 = const(int, 2)             ['$const48.7.2']
    $const52.9.0 = const(int, 0)             ['$const52.9.0']
    $54binary_op.10 = getitem(value=x, index=$const52.9.0, fn=<built-in function getitem>) ['$54binary_op.10', '$const52.9.0', 'x']
    $binop_mul66.11 = $const48.7.2 * $54binary_op.10 ['$54binary_op.10', '$binop_mul66.11', '$const48.7.2']
    a = $binop_add36.6 - $binop_mul66.11     ['$binop_add36.6', '$binop_mul66.11', 'a']
    $const94.14.1 = const(int, 1)            ['$const94.14.1']
    $96binary_op.15 = getitem(value=x, index=$const94.14.1, fn=<built-in function getitem>) ['$96binary_op.15', '$const94.14.1', 'x']
    $const110.17.1 = const(int, -1)          ['$const110.17.1']
    $112binary_op.18 = getitem(value=x, index=$const110.17.1, fn=<built-in function getitem>) ['$112binary_op.18', '$const110.17.1', 'x']
    $binop_sub124.19 = $96binary_op.15 - $112binary_op.18 ['$112binary_op.18', '$96binary_op.15', '$binop_sub124.19']
    $const136.20.2 = const(int, 2)           ['$const136.20.2']
    b = $binop_sub124.19 / $const136.20.2    ['$binop_sub124.19', '$const136.20.2', 'b']
    $152load_global.22 = global(np: <module 'numpy' from 'C:\\Users\\WINDOWS\\Desktop\\ai_stress_detector\\venv\\Lib\\site-packages\\numpy\\__init__.py'>) ['$152load_global.22']
    $162load_attr.23 = getattr(value=$152load_global.22, attr=abs) ['$152load_global.22', '$162load_attr.23']
    $186call.26 = call $162load_attr.23(b, func=$162load_attr.23, args=[Var(b, pitch.py:420)], kws=(), vararg=None, varkwarg=None, target=None) ['$162load_attr.23', '$186call.26', 'b']
    $194load_global.27 = global(np: <module 'numpy' from 'C:\\Users\\WINDOWS\\Desktop\\ai_stress_detector\\venv\\Lib\\site-packages\\numpy\\__init__.py'>) ['$194load_global.27']
    $204load_attr.28 = getattr(value=$194load_global.27, attr=abs) ['$194load_global.27', '$204load_attr.28']
    $228call.31 = call $204load_attr.28(a, func=$204load_attr.28, args=[Var(a, pitch.py:419)], kws=(), vararg=None, varkwarg=None, target=None) ['$204load_attr.28', '$228call.31', 'a']
    $236compare_op.32 = $186call.26 >= $228call.31 ['$186call.26', '$228call.31', '$236compare_op.32']
    $bool240 = global(bool: <class 'bool'>)  ['$bool240']
    $240pred = call $bool240($236compare_op.32, func=$bool240, args=(Var($236compare_op.32, pitch.py:422),), kws=(), vararg=None, varkwarg=None, target=None) ['$236compare_op.32', '$240pred', '$bool240']
    branch $240pred, 244, 250                ['$240pred']
label 244:
    $const246.0.0 = const(int, 0)            ['$const246.0.0']
    $248return_value.1 = cast(value=$const246.0.0) ['$248return_value.1', '$const246.0.0']
    return $248return_value.1                ['$248return_value.1']
label 250:
    $252unary_negative.1 = unary(fn=<built-in function neg>, value=b) ['$252unary_negative.1', 'b']
    $binop_truediv256.3 = $252unary_negative.1 / a ['$252unary_negative.1', '$binop_truediv256.3', 'a']
    $268return_value.4 = cast(value=$binop_truediv256.3) ['$268return_value.4', '$binop_truediv256.3']
    return $268return_value.4                ['$268return_value.4']

2026-02-19 07:24:39,250 - INFO - 127.0.0.1 - - [19/Feb/2026 07:24:39] "[35m[1mGET /analyze HTTP/1.1[0m" 500 -
2026-02-19 07:26:07,165 - INFO - 127.0.0.1 - - [19/Feb/2026 07:26:07] "[35m[1mGET /analyze HTTP/1.1[0m" 500 -
2026-02-19 07:26:56,654 - INFO - 127.0.0.1 - - [19/Feb/2026 07:26:56] "[35m[1mGET /analyze HTTP/1.1[0m" 500 -
2026-02-19 07:29:00,720 - INFO -  * Detected change in 'C:\\Users\\WINDOWS\\Desktop\\ai_stress_detector\\app.py', reloading
2026-02-19 07:29:01,883 - INFO -  * Restarting with watchdog (windowsapi)
2026-02-19 07:29:02,003 - INFO - Server script started
2026-02-19 07:29:04,550 - WARNING -  * Debugger is active!
2026-02-19 07:29:04,555 - INFO -  * Debugger PIN: 179-709-766
2026-02-19 07:29:06,804 - INFO -  * Detected change in 'C:\\Users\\WINDOWS\\Desktop\\ai_stress_detector\\app.py', reloading
2026-02-19 07:29:07,180 - INFO -  * Restarting with watchdog (windowsapi)
2026-02-19 07:29:07,302 - INFO - Server script started
2026-02-19 07:29:09,052 - WARNING -  * Debugger is active!
2026-02-19 07:29:09,059 - INFO -  * Debugger PIN: 179-709-766
2026-02-19 07:29:55,552 - INFO - Server script started
2026-02-19 07:29:57,516 - INFO - [31m[1mWARNING: This is a development server. Do not use it in a production deployment. Use a production WSGI server instead.[0m
 * Running on all addresses (0.0.0.0)
 * Running on http://127.0.0.1:5000
 * Running on http://192.168.0.9:5000
2026-02-19 07:29:57,517 - INFO - [33mPress CTRL+C to quit[0m
2026-02-19 07:29:57,532 - INFO -  * Restarting with watchdog (windowsapi)
2026-02-19 07:29:57,656 - INFO - Server script started
2026-02-19 07:29:59,069 - WARNING -  * Debugger is active!
2026-02-19 07:29:59,072 - INFO -  * Debugger PIN: 179-709-766
2026-02-19 07:30:11,819 - INFO - 127.0.0.1 - - [19/Feb/2026 07:30:11] "GET / HTTP/1.1" 200 -
2026-02-19 07:30:42,767 - INFO - 127.0.0.1 - - [19/Feb/2026 07:30:42] "GET /cam HTTP/1.1" 200 -
2026-02-19 07:30:58,940 - INFO -  * Detected change in 'C:\\Users\\WINDOWS\\Desktop\\ai_stress_detector\\venv\\Lib\\site-packages\\librosa\\core\\audio.py', reloading
2026-02-19 07:30:59,367 - INFO -  * Restarting with watchdog (windowsapi)
2026-02-19 07:30:59,492 - INFO - Server script started
2026-02-19 07:31:01,010 - WARNING -  * Debugger is active!
2026-02-19 07:31:01,014 - INFO -  * Debugger PIN: 179-709-766
2026-02-19 07:31:53,697 - INFO - 127.0.0.1 - - [19/Feb/2026 07:31:53] "GET /cam HTTP/1.1" 200 -
2026-02-19 07:32:09,895 - INFO -  * Detected change in 'C:\\Users\\WINDOWS\\Desktop\\ai_stress_detector\\venv\\Lib\\site-packages\\librosa\\feature\\spectral.py', reloading
2026-02-19 07:32:10,287 - INFO -  * Restarting with watchdog (windowsapi)
2026-02-19 07:32:10,420 - INFO - Server script started
2026-02-19 07:32:11,984 - WARNING -  * Debugger is active!
2026-02-19 07:32:11,987 - INFO -  * Debugger PIN: 179-709-766
2026-02-19 07:35:34,955 - INFO - 127.0.0.1 - - [19/Feb/2026 07:35:34] "HEAD / HTTP/1.1" 200 -
2026-02-19 07:35:34,992 - INFO - 127.0.0.1 - - [19/Feb/2026 07:35:34] "GET / HTTP/1.1" 200 -
2026-02-19 07:45:02,829 - INFO -  * Detected change in 'C:\\Users\\WINDOWS\\Desktop\\ai_stress_detector\\app.py', reloading
2026-02-19 07:45:03,113 - INFO -  * Restarting with watchdog (windowsapi)
2026-02-19 07:45:03,227 - INFO - Server script started
2026-02-19 07:45:05,050 - WARNING -  * Debugger is active!
2026-02-19 07:45:05,054 - INFO -  * Debugger PIN: 179-709-766
2026-02-19 07:45:23,908 - INFO - 127.0.0.1 - - [19/Feb/2026 07:45:23] "HEAD /cam HTTP/1.1" 200 -
2026-02-19 07:45:33,041 - INFO - 127.0.0.1 - - [19/Feb/2026 07:45:33] "GET /cam HTTP/1.1" 200 -
2026-02-19 07:47:32,885 - INFO - 127.0.0.1 - - [19/Feb/2026 07:47:32] "GET /cam HTTP/1.1" 200 -
2026-02-19 07:47:47,481 - INFO -  * Detected change in 'C:\\Users\\WINDOWS\\Desktop\\ai_stress_detector\\venv\\Lib\\site-packages\\lazy_loader\\__init__.py', reloading
2026-02-19 07:47:47,903 - INFO -  * Restarting with watchdog (windowsapi)
2026-02-19 07:47:48,061 - INFO - Server script started
2026-02-19 07:47:49,510 - WARNING -  * Debugger is active!
2026-02-19 07:47:49,513 - INFO -  * Debugger PIN: 179-709-766
2026-02-19 07:50:21,502 - INFO -  * Detected change in 'C:\\Users\\WINDOWS\\Desktop\\ai_stress_detector\\breath_detector.py', reloading
2026-02-19 07:50:21,719 - INFO -  * Restarting with watchdog (windowsapi)
2026-02-19 07:50:21,830 - INFO - Server script started
2026-02-19 07:50:23,648 - WARNING -  * Debugger is active!
2026-02-19 07:50:23,651 - INFO -  * Debugger PIN: 179-709-766
2026-02-19 07:50:36,487 - INFO -  * Detected change in 'C:\\Users\\WINDOWS\\Desktop\\ai_stress_detector\\mic_breath.py', reloading
2026-02-19 07:50:36,683 - INFO -  * Restarting with watchdog (windowsapi)
2026-02-19 07:50:36,803 - INFO - Server script started
2026-02-19 07:50:38,584 - WARNING -  * Debugger is active!
2026-02-19 07:50:38,589 - INFO -  * Debugger PIN: 179-709-766
2026-02-19 07:52:24,376 - INFO - Server script started
2026-02-19 07:52:26,109 - INFO - [31m[1mWARNING: This is a development server. Do not use it in a production deployment. Use a production WSGI server instead.[0m
 * Running on all addresses (0.0.0.0)
 * Running on http://127.0.0.1:5000
 * Running on http://10.55.237.132:5000
2026-02-19 07:52:26,109 - INFO - [33mPress CTRL+C to quit[0m
2026-02-19 07:52:34,952 - INFO - Server script started
2026-02-19 07:52:36,308 - INFO - [31m[1mWARNING: This is a development server. Do not use it in a production deployment. Use a production WSGI server instead.[0m
 * Running on all addresses (0.0.0.0)
 * Running on http://127.0.0.1:5000
 * Running on http://10.55.237.132:5000
2026-02-19 07:52:36,308 - INFO - [33mPress CTRL+C to quit[0m
2026-02-19 07:54:13,050 - INFO - 127.0.0.1 - - [19/Feb/2026 07:54:13] "GET /cam HTTP/1.1" 200 -
2026-02-19 07:54:27,544 - DEBUG - bytecode dump:
>          0	NOP(arg=None, lineno=1137)
           2	RESUME(arg=0, lineno=1137)
           4	LOAD_FAST_BORROW(arg=0, lineno=1140)
           6	LOAD_SMALL_INT(arg=0, lineno=1140)
           8	BINARY_OP(arg=26, lineno=1140)
          20	STORE_FAST(arg=3, lineno=1140)
          22	LOAD_FAST_BORROW(arg=1, lineno=1141)
          24	UNARY_NEGATIVE(arg=None, lineno=1141)
          26	LOAD_FAST(arg=3, lineno=1141)
          28	SWAP(arg=2, lineno=1141)
          30	COPY(arg=2, lineno=1141)
          32	COMPARE_OP(arg=58, lineno=1141)
          36	POP_JUMP_IF_FALSE(arg=8, lineno=1141)
          40	NOT_TAKEN(arg=None, lineno=1141)
          42	LOAD_FAST_BORROW(arg=1, lineno=1141)
          44	COMPARE_OP(arg=58, lineno=1141)
          48	POP_JUMP_IF_FALSE(arg=6, lineno=1141)
          52	NOT_TAKEN(arg=None, lineno=1141)
          54	JUMP_FORWARD(arg=2, lineno=1141)
>         56	POP_TOP(arg=None, lineno=1141)
          58	JUMP_FORWARD(arg=2, lineno=1141)
>         60	LOAD_SMALL_INT(arg=0, lineno=1142)
          62	STORE_FAST(arg=3, lineno=1142)
>         64	LOAD_FAST_BORROW(arg=0, lineno=1144)
          66	LOAD_CONST(arg=1, lineno=1144)
          68	BINARY_OP(arg=26, lineno=1144)
          80	STORE_FAST(arg=4, lineno=1144)
          82	LOAD_FAST_BORROW(arg=1, lineno=1145)
          84	UNARY_NEGATIVE(arg=None, lineno=1145)
          86	LOAD_FAST(arg=4, lineno=1145)
          88	SWAP(arg=2, lineno=1145)
          90	COPY(arg=2, lineno=1145)
          92	COMPARE_OP(arg=58, lineno=1145)
          96	POP_JUMP_IF_FALSE(arg=8, lineno=1145)
         100	NOT_TAKEN(arg=None, lineno=1145)
         102	LOAD_FAST_BORROW(arg=1, lineno=1145)
         104	COMPARE_OP(arg=58, lineno=1145)
         108	POP_JUMP_IF_FALSE(arg=6, lineno=1145)
         112	NOT_TAKEN(arg=None, lineno=1145)
         114	JUMP_FORWARD(arg=2, lineno=1145)
>        116	POP_TOP(arg=None, lineno=1145)
         118	JUMP_FORWARD(arg=2, lineno=1145)
>        120	LOAD_SMALL_INT(arg=0, lineno=1146)
         122	STORE_FAST(arg=4, lineno=1146)
>        124	LOAD_FAST_BORROW(arg=2, lineno=1148)
         126	TO_BOOL(arg=None, lineno=1148)
         134	POP_JUMP_IF_FALSE(arg=46, lineno=1148)
         138	NOT_TAKEN(arg=None, lineno=1148)
         140	LOAD_GLOBAL(arg=0, lineno=1149)
         150	LOAD_ATTR(arg=2, lineno=1149)
         170	PUSH_NULL(arg=None, lineno=1149)
         172	LOAD_FAST_BORROW(arg=3, lineno=1149)
         174	CALL(arg=1, lineno=1149)
         182	LOAD_GLOBAL(arg=0, lineno=1149)
         192	LOAD_ATTR(arg=2, lineno=1149)
         212	PUSH_NULL(arg=None, lineno=1149)
         214	LOAD_FAST_BORROW(arg=4, lineno=1149)
         216	CALL(arg=1, lineno=1149)
         224	COMPARE_OP(arg=103, lineno=1149)
         228	RETURN_VALUE(arg=None, lineno=1149)
>        230	LOAD_GLOBAL(arg=0, lineno=1151)
         240	LOAD_ATTR(arg=4, lineno=1151)
         260	PUSH_NULL(arg=None, lineno=1151)
         262	LOAD_FAST_BORROW(arg=3, lineno=1151)
         264	CALL(arg=1, lineno=1151)
         272	LOAD_GLOBAL(arg=0, lineno=1151)
         282	LOAD_ATTR(arg=4, lineno=1151)
         302	PUSH_NULL(arg=None, lineno=1151)
         304	LOAD_FAST_BORROW(arg=4, lineno=1151)
         306	CALL(arg=1, lineno=1151)
         314	COMPARE_OP(arg=103, lineno=1151)
         318	RETURN_VALUE(arg=None, lineno=1151)
2026-02-19 07:54:27,545 - DEBUG - pending: deque([State(pc_initial=0 nstack_initial=0)])
2026-02-19 07:54:27,548 - DEBUG - stack: []
2026-02-19 07:54:27,548 - DEBUG - state.pc_initial: State(pc_initial=0 nstack_initial=0)
2026-02-19 07:54:27,548 - DEBUG - dispatch pc=0, inst=NOP(arg=None, lineno=1137)
2026-02-19 07:54:27,548 - DEBUG - stack []
2026-02-19 07:54:27,548 - DEBUG - dispatch pc=2, inst=RESUME(arg=0, lineno=1137)
2026-02-19 07:54:27,548 - DEBUG - stack []
2026-02-19 07:54:27,548 - DEBUG - dispatch pc=4, inst=LOAD_FAST_BORROW(arg=0, lineno=1140)
2026-02-19 07:54:27,548 - DEBUG - stack []
2026-02-19 07:54:27,548 - DEBUG - dispatch pc=6, inst=LOAD_SMALL_INT(arg=0, lineno=1140)
2026-02-19 07:54:27,548 - DEBUG - stack ['$x4.0']
2026-02-19 07:54:27,548 - DEBUG - dispatch pc=8, inst=BINARY_OP(arg=26, lineno=1140)
2026-02-19 07:54:27,549 - DEBUG - stack ['$x4.0', '$const6.1.0']
2026-02-19 07:54:27,549 - DEBUG - dispatch pc=20, inst=STORE_FAST(arg=3, lineno=1140)
2026-02-19 07:54:27,549 - DEBUG - stack ['$8binary_op.2']
2026-02-19 07:54:27,549 - DEBUG - dispatch pc=22, inst=LOAD_FAST_BORROW(arg=1, lineno=1141)
2026-02-19 07:54:27,549 - DEBUG - stack []
2026-02-19 07:54:27,549 - DEBUG - dispatch pc=24, inst=UNARY_NEGATIVE(arg=None, lineno=1141)
2026-02-19 07:54:27,549 - DEBUG - stack ['$threshold22.3']
2026-02-19 07:54:27,549 - DEBUG - dispatch pc=26, inst=LOAD_FAST(arg=3, lineno=1141)
2026-02-19 07:54:27,549 - DEBUG - stack ['$24unary_negative.4']
2026-02-19 07:54:27,549 - DEBUG - dispatch pc=28, inst=SWAP(arg=2, lineno=1141)
2026-02-19 07:54:27,549 - DEBUG - stack ['$24unary_negative.4', '$x026.5']
2026-02-19 07:54:27,549 - DEBUG - dispatch pc=30, inst=COPY(arg=2, lineno=1141)
2026-02-19 07:54:27,549 - DEBUG - stack ['$x026.5', '$24unary_negative.4']
2026-02-19 07:54:27,549 - DEBUG - dispatch pc=32, inst=COMPARE_OP(arg=58, lineno=1141)
2026-02-19 07:54:27,549 - DEBUG - stack ['$x026.5', '$24unary_negative.4', '$x026.5']
2026-02-19 07:54:27,549 - DEBUG - dispatch pc=36, inst=POP_JUMP_IF_FALSE(arg=8, lineno=1141)
2026-02-19 07:54:27,549 - DEBUG - stack ['$x026.5', '$32compare_op.6']
2026-02-19 07:54:27,549 - DEBUG - end state. edges=[Edge(pc=40, stack=('$x026.5',), blockstack=(), npush=0), Edge(pc=56, stack=('$x026.5',), blockstack=(), npush=0)]
2026-02-19 07:54:27,549 - DEBUG - pending: deque([State(pc_initial=40 nstack_initial=1), State(pc_initial=56 nstack_initial=1)])
2026-02-19 07:54:27,549 - DEBUG - stack: ['$phi40.0']
2026-02-19 07:54:27,549 - DEBUG - state.pc_initial: State(pc_initial=40 nstack_initial=1)
2026-02-19 07:54:27,549 - DEBUG - dispatch pc=40, inst=NOT_TAKEN(arg=None, lineno=1141)
2026-02-19 07:54:27,549 - DEBUG - stack ['$phi40.0']
2026-02-19 07:54:27,549 - DEBUG - dispatch pc=42, inst=LOAD_FAST_BORROW(arg=1, lineno=1141)
2026-02-19 07:54:27,550 - DEBUG - stack ['$phi40.0']
2026-02-19 07:54:27,550 - DEBUG - dispatch pc=44, inst=COMPARE_OP(arg=58, lineno=1141)
2026-02-19 07:54:27,550 - DEBUG - stack ['$phi40.0', '$threshold42.1']
2026-02-19 07:54:27,550 - DEBUG - dispatch pc=48, inst=POP_JUMP_IF_FALSE(arg=6, lineno=1141)
2026-02-19 07:54:27,550 - DEBUG - stack ['$44compare_op.2']
2026-02-19 07:54:27,550 - DEBUG - end state. edges=[Edge(pc=52, stack=(), blockstack=(), npush=0), Edge(pc=64, stack=(), blockstack=(), npush=0)]
2026-02-19 07:54:27,550 - DEBUG - pending: deque([State(pc_initial=56 nstack_initial=1), State(pc_initial=52 nstack_initial=0), State(pc_initial=64 nstack_initial=0)])
2026-02-19 07:54:27,550 - DEBUG - stack: ['$phi56.0']
2026-02-19 07:54:27,550 - DEBUG - state.pc_initial: State(pc_initial=56 nstack_initial=1)
2026-02-19 07:54:27,550 - DEBUG - dispatch pc=56, inst=POP_TOP(arg=None, lineno=1141)
2026-02-19 07:54:27,550 - DEBUG - stack ['$phi56.0']
2026-02-19 07:54:27,550 - DEBUG - dispatch pc=58, inst=JUMP_FORWARD(arg=2, lineno=1141)
2026-02-19 07:54:27,550 - DEBUG - stack []
2026-02-19 07:54:27,550 - DEBUG - end state. edges=[Edge(pc=64, stack=(), blockstack=(), npush=0)]
2026-02-19 07:54:27,550 - DEBUG - pending: deque([State(pc_initial=52 nstack_initial=0), State(pc_initial=64 nstack_initial=0), State(pc_initial=64 nstack_initial=0)])
2026-02-19 07:54:27,550 - DEBUG - stack: []
2026-02-19 07:54:27,550 - DEBUG - state.pc_initial: State(pc_initial=52 nstack_initial=0)
2026-02-19 07:54:27,550 - DEBUG - dispatch pc=52, inst=NOT_TAKEN(arg=None, lineno=1141)
2026-02-19 07:54:27,550 - DEBUG - stack []
2026-02-19 07:54:27,550 - DEBUG - dispatch pc=54, inst=JUMP_FORWARD(arg=2, lineno=1141)
2026-02-19 07:54:27,550 - DEBUG - stack []
2026-02-19 07:54:27,550 - DEBUG - end state. edges=[Edge(pc=60, stack=(), blockstack=(), npush=0)]
2026-02-19 07:54:27,550 - DEBUG - pending: deque([State(pc_initial=64 nstack_initial=0), State(pc_initial=64 nstack_initial=0), State(pc_initial=60 nstack_initial=0)])
2026-02-19 07:54:27,550 - DEBUG - stack: []
2026-02-19 07:54:27,550 - DEBUG - state.pc_initial: State(pc_initial=64 nstack_initial=0)
2026-02-19 07:54:27,550 - DEBUG - dispatch pc=64, inst=LOAD_FAST_BORROW(arg=0, lineno=1144)
2026-02-19 07:54:27,550 - DEBUG - stack []
2026-02-19 07:54:27,550 - DEBUG - dispatch pc=66, inst=LOAD_CONST(arg=1, lineno=1144)
2026-02-19 07:54:27,550 - DEBUG - stack ['$x64.0']
2026-02-19 07:54:27,551 - DEBUG - dispatch pc=68, inst=BINARY_OP(arg=26, lineno=1144)
2026-02-19 07:54:27,551 - DEBUG - stack ['$x64.0', '$const66.1.1']
2026-02-19 07:54:27,551 - DEBUG - dispatch pc=80, inst=STORE_FAST(arg=4, lineno=1144)
2026-02-19 07:54:27,551 - DEBUG - stack ['$68binary_op.2']
2026-02-19 07:54:27,551 - DEBUG - dispatch pc=82, inst=LOAD_FAST_BORROW(arg=1, lineno=1145)
2026-02-19 07:54:27,551 - DEBUG - stack []
2026-02-19 07:54:27,551 - DEBUG - dispatch pc=84, inst=UNARY_NEGATIVE(arg=None, lineno=1145)
2026-02-19 07:54:27,551 - DEBUG - stack ['$threshold82.3']
2026-02-19 07:54:27,551 - DEBUG - dispatch pc=86, inst=LOAD_FAST(arg=4, lineno=1145)
2026-02-19 07:54:27,551 - DEBUG - stack ['$84unary_negative.4']
2026-02-19 07:54:27,551 - DEBUG - dispatch pc=88, inst=SWAP(arg=2, lineno=1145)
2026-02-19 07:54:27,551 - DEBUG - stack ['$84unary_negative.4', '$x186.5']
2026-02-19 07:54:27,551 - DEBUG - dispatch pc=90, inst=COPY(arg=2, lineno=1145)
2026-02-19 07:54:27,551 - DEBUG - stack ['$x186.5', '$84unary_negative.4']
2026-02-19 07:54:27,551 - DEBUG - dispatch pc=92, inst=COMPARE_OP(arg=58, lineno=1145)
2026-02-19 07:54:27,551 - DEBUG - stack ['$x186.5', '$84unary_negative.4', '$x186.5']
2026-02-19 07:54:27,551 - DEBUG - dispatch pc=96, inst=POP_JUMP_IF_FALSE(arg=8, lineno=1145)
2026-02-19 07:54:27,551 - DEBUG - stack ['$x186.5', '$92compare_op.6']
2026-02-19 07:54:27,551 - DEBUG - end state. edges=[Edge(pc=100, stack=('$x186.5',), blockstack=(), npush=0), Edge(pc=116, stack=('$x186.5',), blockstack=(), npush=0)]
2026-02-19 07:54:27,551 - DEBUG - pending: deque([State(pc_initial=64 nstack_initial=0), State(pc_initial=60 nstack_initial=0), State(pc_initial=100 nstack_initial=1), State(pc_initial=116 nstack_initial=1)])
2026-02-19 07:54:27,551 - DEBUG - pending: deque([State(pc_initial=60 nstack_initial=0), State(pc_initial=100 nstack_initial=1), State(pc_initial=116 nstack_initial=1)])
2026-02-19 07:54:27,551 - DEBUG - stack: []
2026-02-19 07:54:27,551 - DEBUG - state.pc_initial: State(pc_initial=60 nstack_initial=0)
2026-02-19 07:54:27,551 - DEBUG - dispatch pc=60, inst=LOAD_SMALL_INT(arg=0, lineno=1142)
2026-02-19 07:54:27,551 - DEBUG - stack []
2026-02-19 07:54:27,551 - DEBUG - dispatch pc=62, inst=STORE_FAST(arg=3, lineno=1142)
2026-02-19 07:54:27,551 - DEBUG - stack ['$const60.0.0']
2026-02-19 07:54:27,551 - DEBUG - end state. edges=[Edge(pc=64, stack=(), blockstack=(), npush=0)]
2026-02-19 07:54:27,551 - DEBUG - pending: deque([State(pc_initial=100 nstack_initial=1), State(pc_initial=116 nstack_initial=1), State(pc_initial=64 nstack_initial=0)])
2026-02-19 07:54:27,552 - DEBUG - stack: ['$phi100.0']
2026-02-19 07:54:27,552 - DEBUG - state.pc_initial: State(pc_initial=100 nstack_initial=1)
2026-02-19 07:54:27,552 - DEBUG - dispatch pc=100, inst=NOT_TAKEN(arg=None, lineno=1145)
2026-02-19 07:54:27,552 - DEBUG - stack ['$phi100.0']
2026-02-19 07:54:27,552 - DEBUG - dispatch pc=102, inst=LOAD_FAST_BORROW(arg=1, lineno=1145)
2026-02-19 07:54:27,552 - DEBUG - stack ['$phi100.0']
2026-02-19 07:54:27,552 - DEBUG - dispatch pc=104, inst=COMPARE_OP(arg=58, lineno=1145)
2026-02-19 07:54:27,552 - DEBUG - stack ['$phi100.0', '$threshold102.1']
2026-02-19 07:54:27,552 - DEBUG - dispatch pc=108, inst=POP_JUMP_IF_FALSE(arg=6, lineno=1145)
2026-02-19 07:54:27,552 - DEBUG - stack ['$104compare_op.2']
2026-02-19 07:54:27,552 - DEBUG - end state. edges=[Edge(pc=112, stack=(), blockstack=(), npush=0), Edge(pc=124, stack=(), blockstack=(), npush=0)]
2026-02-19 07:54:27,552 - DEBUG - pending: deque([State(pc_initial=116 nstack_initial=1), State(pc_initial=64 nstack_initial=0), State(pc_initial=112 nstack_initial=0), State(pc_initial=124 nstack_initial=0)])
2026-02-19 07:54:27,552 - DEBUG - stack: ['$phi116.0']
2026-02-19 07:54:27,552 - DEBUG - state.pc_initial: State(pc_initial=116 nstack_initial=1)
2026-02-19 07:54:27,552 - DEBUG - dispatch pc=116, inst=POP_TOP(arg=None, lineno=1145)
2026-02-19 07:54:27,552 - DEBUG - stack ['$phi116.0']
2026-02-19 07:54:27,552 - DEBUG - dispatch pc=118, inst=JUMP_FORWARD(arg=2, lineno=1145)
2026-02-19 07:54:27,552 - DEBUG - stack []
2026-02-19 07:54:27,552 - DEBUG - end state. edges=[Edge(pc=124, stack=(), blockstack=(), npush=0)]
2026-02-19 07:54:27,552 - DEBUG - pending: deque([State(pc_initial=64 nstack_initial=0), State(pc_initial=112 nstack_initial=0), State(pc_initial=124 nstack_initial=0), State(pc_initial=124 nstack_initial=0)])
2026-02-19 07:54:27,552 - DEBUG - pending: deque([State(pc_initial=112 nstack_initial=0), State(pc_initial=124 nstack_initial=0), State(pc_initial=124 nstack_initial=0)])
2026-02-19 07:54:27,552 - DEBUG - stack: []
2026-02-19 07:54:27,552 - DEBUG - state.pc_initial: State(pc_initial=112 nstack_initial=0)
2026-02-19 07:54:27,552 - DEBUG - dispatch pc=112, inst=NOT_TAKEN(arg=None, lineno=1145)
2026-02-19 07:54:27,552 - DEBUG - stack []
2026-02-19 07:54:27,552 - DEBUG - dispatch pc=114, inst=JUMP_FORWARD(arg=2, lineno=1145)
2026-02-19 07:54:27,552 - DEBUG - stack []
2026-02-19 07:54:27,552 - DEBUG - end state. edges=[Edge(pc=120, stack=(), blockstack=(), npush=0)]
2026-02-19 07:54:27,552 - DEBUG - pending: deque([State(pc_initial=124 nstack_initial=0), State(pc_initial=124 nstack_initial=0), State(pc_initial=120 nstack_initial=0)])
2026-02-19 07:54:27,553 - DEBUG - stack: []
2026-02-19 07:54:27,553 - DEBUG - state.pc_initial: State(pc_initial=124 nstack_initial=0)
2026-02-19 07:54:27,553 - DEBUG - dispatch pc=124, inst=LOAD_FAST_BORROW(arg=2, lineno=1148)
2026-02-19 07:54:27,553 - DEBUG - stack []
2026-02-19 07:54:27,553 - DEBUG - dispatch pc=126, inst=TO_BOOL(arg=None, lineno=1148)
2026-02-19 07:54:27,553 - DEBUG - stack ['$zero_pos124.0']
2026-02-19 07:54:27,553 - DEBUG - dispatch pc=134, inst=POP_JUMP_IF_FALSE(arg=46, lineno=1148)
2026-02-19 07:54:27,553 - DEBUG - stack ['$126to_bool.1']
2026-02-19 07:54:27,553 - DEBUG - end state. edges=[Edge(pc=138, stack=(), blockstack=(), npush=0), Edge(pc=230, stack=(), blockstack=(), npush=0)]
2026-02-19 07:54:27,553 - DEBUG - pending: deque([State(pc_initial=124 nstack_initial=0), State(pc_initial=120 nstack_initial=0), State(pc_initial=138 nstack_initial=0), State(pc_initial=230 nstack_initial=0)])
2026-02-19 07:54:27,553 - DEBUG - pending: deque([State(pc_initial=120 nstack_initial=0), State(pc_initial=138 nstack_initial=0), State(pc_initial=230 nstack_initial=0)])
2026-02-19 07:54:27,553 - DEBUG - stack: []
2026-02-19 07:54:27,553 - DEBUG - state.pc_initial: State(pc_initial=120 nstack_initial=0)
2026-02-19 07:54:27,553 - DEBUG - dispatch pc=120, inst=LOAD_SMALL_INT(arg=0, lineno=1146)
2026-02-19 07:54:27,553 - DEBUG - stack []
2026-02-19 07:54:27,553 - DEBUG - dispatch pc=122, inst=STORE_FAST(arg=4, lineno=1146)
2026-02-19 07:54:27,553 - DEBUG - stack ['$const120.0.0']
2026-02-19 07:54:27,553 - DEBUG - end state. edges=[Edge(pc=124, stack=(), blockstack=(), npush=0)]
2026-02-19 07:54:27,553 - DEBUG - pending: deque([State(pc_initial=138 nstack_initial=0), State(pc_initial=230 nstack_initial=0), State(pc_initial=124 nstack_initial=0)])
2026-02-19 07:54:27,554 - DEBUG - stack: []
2026-02-19 07:54:27,554 - DEBUG - state.pc_initial: State(pc_initial=138 nstack_initial=0)
2026-02-19 07:54:27,554 - DEBUG - dispatch pc=138, inst=NOT_TAKEN(arg=None, lineno=1148)
2026-02-19 07:54:27,554 - DEBUG - stack []
2026-02-19 07:54:27,554 - DEBUG - dispatch pc=140, inst=LOAD_GLOBAL(arg=0, lineno=1149)
2026-02-19 07:54:27,554 - DEBUG - stack []
2026-02-19 07:54:27,554 - DEBUG - dispatch pc=150, inst=LOAD_ATTR(arg=2, lineno=1149)
2026-02-19 07:54:27,554 - DEBUG - stack ['$140load_global.0']
2026-02-19 07:54:27,554 - DEBUG - dispatch pc=170, inst=PUSH_NULL(arg=None, lineno=1149)
2026-02-19 07:54:27,554 - DEBUG - stack ['$150load_attr.1']
2026-02-19 07:54:27,554 - DEBUG - dispatch pc=172, inst=LOAD_FAST_BORROW(arg=3, lineno=1149)
2026-02-19 07:54:27,554 - DEBUG - stack ['$150load_attr.1', '$null$170.2']
2026-02-19 07:54:27,554 - DEBUG - dispatch pc=174, inst=CALL(arg=1, lineno=1149)
2026-02-19 07:54:27,554 - DEBUG - stack ['$150load_attr.1', '$null$170.2', '$x0172.3']
2026-02-19 07:54:27,554 - DEBUG - dispatch pc=182, inst=LOAD_GLOBAL(arg=0, lineno=1149)
2026-02-19 07:54:27,554 - DEBUG - stack ['$174call.4']
2026-02-19 07:54:27,554 - DEBUG - dispatch pc=192, inst=LOAD_ATTR(arg=2, lineno=1149)
2026-02-19 07:54:27,554 - DEBUG - stack ['$174call.4', '$182load_global.5']
2026-02-19 07:54:27,555 - DEBUG - dispatch pc=212, inst=PUSH_NULL(arg=None, lineno=1149)
2026-02-19 07:54:27,555 - DEBUG - stack ['$174call.4', '$192load_attr.6']
2026-02-19 07:54:27,555 - DEBUG - dispatch pc=214, inst=LOAD_FAST_BORROW(arg=4, lineno=1149)
2026-02-19 07:54:27,555 - DEBUG - stack ['$174call.4', '$192load_attr.6', '$null$212.7']
2026-02-19 07:54:27,555 - DEBUG - dispatch pc=216, inst=CALL(arg=1, lineno=1149)
2026-02-19 07:54:27,555 - DEBUG - stack ['$174call.4', '$192load_attr.6', '$null$212.7', '$x1214.8']
2026-02-19 07:54:27,555 - DEBUG - dispatch pc=224, inst=COMPARE_OP(arg=103, lineno=1149)
2026-02-19 07:54:27,555 - DEBUG - stack ['$174call.4', '$216call.9']
2026-02-19 07:54:27,555 - DEBUG - dispatch pc=228, inst=RETURN_VALUE(arg=None, lineno=1149)
2026-02-19 07:54:27,555 - DEBUG - stack ['$224compare_op.10']
2026-02-19 07:54:27,555 - DEBUG - end state. edges=[]
2026-02-19 07:54:27,555 - DEBUG - pending: deque([State(pc_initial=230 nstack_initial=0), State(pc_initial=124 nstack_initial=0)])
2026-02-19 07:54:27,555 - DEBUG - stack: []
2026-02-19 07:54:27,555 - DEBUG - state.pc_initial: State(pc_initial=230 nstack_initial=0)
2026-02-19 07:54:27,555 - DEBUG - dispatch pc=230, inst=LOAD_GLOBAL(arg=0, lineno=1151)
2026-02-19 07:54:27,555 - DEBUG - stack []
2026-02-19 07:54:27,555 - DEBUG - dispatch pc=240, inst=LOAD_ATTR(arg=4, lineno=1151)
2026-02-19 07:54:27,555 - DEBUG - stack ['$230load_global.0']
2026-02-19 07:54:27,555 - DEBUG - dispatch pc=260, inst=PUSH_NULL(arg=None, lineno=1151)
2026-02-19 07:54:27,555 - DEBUG - stack ['$240load_attr.1']
2026-02-19 07:54:27,555 - DEBUG - dispatch pc=262, inst=LOAD_FAST_BORROW(arg=3, lineno=1151)
2026-02-19 07:54:27,555 - DEBUG - stack ['$240load_attr.1', '$null$260.2']
2026-02-19 07:54:27,555 - DEBUG - dispatch pc=264, inst=CALL(arg=1, lineno=1151)
2026-02-19 07:54:27,555 - DEBUG - stack ['$240load_attr.1', '$null$260.2', '$x0262.3']
2026-02-19 07:54:27,555 - DEBUG - dispatch pc=272, inst=LOAD_GLOBAL(arg=0, lineno=1151)
2026-02-19 07:54:27,555 - DEBUG - stack ['$264call.4']
2026-02-19 07:54:27,555 - DEBUG - dispatch pc=282, inst=LOAD_ATTR(arg=4, lineno=1151)
2026-02-19 07:54:27,555 - DEBUG - stack ['$264call.4', '$272load_global.5']
2026-02-19 07:54:27,555 - DEBUG - dispatch pc=302, inst=PUSH_NULL(arg=None, lineno=1151)
2026-02-19 07:54:27,556 - DEBUG - stack ['$264call.4', '$282load_attr.6']
2026-02-19 07:54:27,556 - DEBUG - dispatch pc=304, inst=LOAD_FAST_BORROW(arg=4, lineno=1151)
2026-02-19 07:54:27,556 - DEBUG - stack ['$264call.4', '$282load_attr.6', '$null$302.7']
2026-02-19 07:54:27,556 - DEBUG - dispatch pc=306, inst=CALL(arg=1, lineno=1151)
2026-02-19 07:54:27,556 - DEBUG - stack ['$264call.4', '$282load_attr.6', '$null$302.7', '$x1304.8']
2026-02-19 07:54:27,556 - DEBUG - dispatch pc=314, inst=COMPARE_OP(arg=103, lineno=1151)
2026-02-19 07:54:27,556 - DEBUG - stack ['$264call.4', '$306call.9']
2026-02-19 07:54:27,556 - DEBUG - dispatch pc=318, inst=RETURN_VALUE(arg=None, lineno=1151)
2026-02-19 07:54:27,556 - DEBUG - stack ['$314compare_op.10']
2026-02-19 07:54:27,556 - DEBUG - end state. edges=[]
2026-02-19 07:54:27,556 - DEBUG - pending: deque([State(pc_initial=124 nstack_initial=0)])
2026-02-19 07:54:27,556 - DEBUG - -------------------------Prune PHIs-------------------------
2026-02-19 07:54:27,556 - DEBUG - Used_phis: defaultdict(<class 'set'>,
            {State(pc_initial=0 nstack_initial=0): set(),
             State(pc_initial=40 nstack_initial=1): {'$phi40.0'},
             State(pc_initial=52 nstack_initial=0): set(),
             State(pc_initial=56 nstack_initial=1): set(),
             State(pc_initial=60 nstack_initial=0): set(),
             State(pc_initial=64 nstack_initial=0): set(),
             State(pc_initial=100 nstack_initial=1): {'$phi100.0'},
             State(pc_initial=112 nstack_initial=0): set(),
             State(pc_initial=116 nstack_initial=1): set(),
             State(pc_initial=120 nstack_initial=0): set(),
             State(pc_initial=124 nstack_initial=0): set(),
             State(pc_initial=138 nstack_initial=0): set(),
             State(pc_initial=230 nstack_initial=0): set()})
2026-02-19 07:54:27,556 - DEBUG - defmap: {'$phi100.0': State(pc_initial=64 nstack_initial=0),
 '$phi116.0': State(pc_initial=64 nstack_initial=0),
 '$phi40.0': State(pc_initial=0 nstack_initial=0),
 '$phi56.0': State(pc_initial=0 nstack_initial=0)}
2026-02-19 07:54:27,556 - DEBUG - phismap: defaultdict(<class 'set'>,
            {'$phi100.0': {('$x186.5', State(pc_initial=64 nstack_initial=0))},
             '$phi116.0': {('$x186.5', State(pc_initial=64 nstack_initial=0))},
             '$phi40.0': {('$x026.5', State(pc_initial=0 nstack_initial=0))},
             '$phi56.0': {('$x026.5', State(pc_initial=0 nstack_initial=0))}})
2026-02-19 07:54:27,556 - DEBUG - changing phismap: defaultdict(<class 'set'>,
            {'$phi100.0': {('$x186.5', State(pc_initial=64 nstack_initial=0))},
             '$phi116.0': {('$x186.5', State(pc_initial=64 nstack_initial=0))},
             '$phi40.0': {('$x026.5', State(pc_initial=0 nstack_initial=0))},
             '$phi56.0': {('$x026.5', State(pc_initial=0 nstack_initial=0))}})
2026-02-19 07:54:27,556 - DEBUG - keep phismap: {'$phi100.0': {('$x186.5', State(pc_initial=64 nstack_initial=0))},
 '$phi40.0': {('$x026.5', State(pc_initial=0 nstack_initial=0))}}
2026-02-19 07:54:27,557 - DEBUG - new_out: defaultdict(<class 'dict'>,
            {State(pc_initial=0 nstack_initial=0): {'$phi40.0': '$x026.5'},
             State(pc_initial=64 nstack_initial=0): {'$phi100.0': '$x186.5'}})
2026-02-19 07:54:27,557 - DEBUG - ----------------------DONE Prune PHIs-----------------------
2026-02-19 07:54:27,557 - DEBUG - block_infos State(pc_initial=0 nstack_initial=0):
AdaptBlockInfo(insts=((0, {}), (2, {}), (4, {'res': '$x4.0'}), (6, {'res': '$const6.1.0'}), (8, {'op': '[]', 'lhs': '$x4.0', 'rhs': '$const6.1.0', 'res': '$8binary_op.2'}), (20, {'value': '$8binary_op.2'}), (22, {'res': '$threshold22.3'}), (24, {'value': '$threshold22.3', 'res': '$24unary_negative.4'}), (26, {'res': '$x026.5'}), (32, {'lhs': '$24unary_negative.4', 'rhs': '$x026.5', 'res': '$32compare_op.6'}), (36, {'pred': '$32compare_op.6'})), outgoing_phis={'$phi40.0': '$x026.5'}, blockstack=(), active_try_block=None, outgoing_edgepushed={40: ('$x026.5',), 56: ('$x026.5',)})
2026-02-19 07:54:27,557 - DEBUG - block_infos State(pc_initial=40 nstack_initial=1):
AdaptBlockInfo(insts=((40, {}), (42, {'res': '$threshold42.1'}), (44, {'lhs': '$phi40.0', 'rhs': '$threshold42.1', 'res': '$44compare_op.2'}), (48, {'pred': '$44compare_op.2'})), outgoing_phis={}, blockstack=(), active_try_block=None, outgoing_edgepushed={52: (), 64: ()})
2026-02-19 07:54:27,557 - DEBUG - block_infos State(pc_initial=52 nstack_initial=0):
AdaptBlockInfo(insts=((52, {}), (54, {})), outgoing_phis={}, blockstack=(), active_try_block=None, outgoing_edgepushed={60: ()})
2026-02-19 07:54:27,557 - DEBUG - block_infos State(pc_initial=56 nstack_initial=1):
AdaptBlockInfo(insts=((58, {}),), outgoing_phis={}, blockstack=(), active_try_block=None, outgoing_edgepushed={64: ()})
2026-02-19 07:54:27,557 - DEBUG - block_infos State(pc_initial=60 nstack_initial=0):
AdaptBlockInfo(insts=((60, {'res': '$const60.0.0'}), (62, {'value': '$const60.0.0'})), outgoing_phis={}, blockstack=(), active_try_block=None, outgoing_edgepushed={64: ()})
2026-02-19 07:54:27,558 - DEBUG - block_infos State(pc_initial=64 nstack_initial=0):
AdaptBlockInfo(insts=((64, {'res': '$x64.0'}), (66, {'res': '$const66.1.1'}), (68, {'op': '[]', 'lhs': '$x64.0', 'rhs': '$const66.1.1', 'res': '$68binary_op.2'}), (80, {'value': '$68binary_op.2'}), (82, {'res': '$threshold82.3'}), (84, {'value': '$threshold82.3', 'res': '$84unary_negative.4'}), (86, {'res': '$x186.5'}), (92, {'lhs': '$84unary_negative.4', 'rhs': '$x186.5', 'res': '$92compare_op.6'}), (96, {'pred': '$92compare_op.6'})), outgoing_phis={'$phi100.0': '$x186.5'}, blockstack=(), active_try_block=None, outgoing_edgepushed={100: ('$x186.5',), 116: ('$x186.5',)})
2026-02-19 07:54:27,558 - DEBUG - block_infos State(pc_initial=100 nstack_initial=1):
AdaptBlockInfo(insts=((100, {}), (102, {'res': '$threshold102.1'}), (104, {'lhs': '$phi100.0', 'rhs': '$threshold102.1', 'res': '$104compare_op.2'}), (108, {'pred': '$104compare_op.2'})), outgoing_phis={}, blockstack=(), active_try_block=None, outgoing_edgepushed={112: (), 124: ()})
2026-02-19 07:54:27,558 - DEBUG - block_infos State(pc_initial=112 nstack_initial=0):
AdaptBlockInfo(insts=((112, {}), (114, {})), outgoing_phis={}, blockstack=(), active_try_block=None, outgoing_edgepushed={120: ()})
2026-02-19 07:54:27,558 - DEBUG - block_infos State(pc_initial=116 nstack_initial=1):
AdaptBlockInfo(insts=((118, {}),), outgoing_phis={}, blockstack=(), active_try_block=None, outgoing_edgepushed={124: ()})
2026-02-19 07:54:27,558 - DEBUG - block_infos State(pc_initial=120 nstack_initial=0):
AdaptBlockInfo(insts=((120, {'res': '$const120.0.0'}), (122, {'value': '$const120.0.0'})), outgoing_phis={}, blockstack=(), active_try_block=None, outgoing_edgepushed={124: ()})
2026-02-19 07:54:27,558 - DEBUG - block_infos State(pc_initial=124 nstack_initial=0):
AdaptBlockInfo(insts=((124, {'res': '$zero_pos124.0'}), (126, {'val': '$zero_pos124.0', 'res': '$126to_bool.1'}), (134, {'pred': '$126to_bool.1'})), outgoing_phis={}, blockstack=(), active_try_block=None, outgoing_edgepushed={138: (), 230: ()})
2026-02-19 07:54:27,558 - DEBUG - block_infos State(pc_initial=138 nstack_initial=0):
AdaptBlockInfo(insts=((138, {}), (140, {'idx': 0, 'res': '$140load_global.0'}), (150, {'item': '$140load_global.0', 'res': '$150load_attr.1'}), (170, {}), (172, {'res': '$x0172.3'}), (174, {'func': '$150load_attr.1', 'args': ['$x0172.3'], 'kw_names': None, 'res': '$174call.4'}), (182, {'idx': 0, 'res': '$182load_global.5'}), (192, {'item': '$182load_global.5', 'res': '$192load_attr.6'}), (212, {}), (214, {'res': '$x1214.8'}), (216, {'func': '$192load_attr.6', 'args': ['$x1214.8'], 'kw_names': None, 'res': '$216call.9'}), (224, {'lhs': '$174call.4', 'rhs': '$216call.9', 'res': '$224compare_op.10'}), (228, {'retval': '$224compare_op.10', 'castval': '$228return_value.11'})), outgoing_phis={}, blockstack=(), active_try_block=None, outgoing_edgepushed={})
2026-02-19 07:54:27,558 - DEBUG - block_infos State(pc_initial=230 nstack_initial=0):
AdaptBlockInfo(insts=((230, {'idx': 0, 'res': '$230load_global.0'}), (240, {'item': '$230load_global.0', 'res': '$240load_attr.1'}), (260, {}), (262, {'res': '$x0262.3'}), (264, {'func': '$240load_attr.1', 'args': ['$x0262.3'], 'kw_names': None, 'res': '$264call.4'}), (272, {'idx': 0, 'res': '$272load_global.5'}), (282, {'item': '$272load_global.5', 'res': '$282load_attr.6'}), (302, {}), (304, {'res': '$x1304.8'}), (306, {'func': '$282load_attr.6', 'args': ['$x1304.8'], 'kw_names': None, 'res': '$306call.9'}), (314, {'lhs': '$264call.4', 'rhs': '$306call.9', 'res': '$314compare_op.10'}), (318, {'retval': '$314compare_op.10', 'castval': '$318return_value.11'})), outgoing_phis={}, blockstack=(), active_try_block=None, outgoing_edgepushed={})
2026-02-19 07:54:27,560 - DEBUG - label 0:
    x = arg(0, name=x)                       ['x']
    threshold = arg(1, name=threshold)       ['threshold']
    zero_pos = arg(2, name=zero_pos)         ['zero_pos']
    $const6.1.0 = const(int, 0)              ['$const6.1.0']
    x0 = getitem(value=x, index=$const6.1.0, fn=<built-in function getitem>) ['$const6.1.0', 'x', 'x0']
    $24unary_negative.4 = unary(fn=<built-in function neg>, value=threshold) ['$24unary_negative.4', 'threshold']
    $32compare_op.6 = $24unary_negative.4 <= x0 ['$24unary_negative.4', '$32compare_op.6', 'x0']
    $bool36 = global(bool: <class 'bool'>)   ['$bool36']
    $36pred = call $bool36($32compare_op.6, func=$bool36, args=(Var($32compare_op.6, audio.py:1141),), kws=(), vararg=None, varkwarg=None, target=None) ['$32compare_op.6', '$36pred', '$bool36']
    $phi40.0 = x0                            ['$phi40.0', 'x0']
    branch $36pred, 40, 56                   ['$36pred']
label 40:
    $44compare_op.2 = $phi40.0 <= threshold  ['$44compare_op.2', '$phi40.0', 'threshold']
    $bool48 = global(bool: <class 'bool'>)   ['$bool48']
    $48pred = call $bool48($44compare_op.2, func=$bool48, args=(Var($44compare_op.2, audio.py:1141),), kws=(), vararg=None, varkwarg=None, target=None) ['$44compare_op.2', '$48pred', '$bool48']
    branch $48pred, 52, 64                   ['$48pred']
label 52:
    jump 60                                  []
label 56:
    jump 64                                  []
label 60:
    x0 = const(int, 0)                       ['x0']
    jump 64                                  []
label 64:
    $const66.1.1 = const(int, -1)            ['$const66.1.1']
    x1 = getitem(value=x, index=$const66.1.1, fn=<built-in function getitem>) ['$const66.1.1', 'x', 'x1']
    $84unary_negative.4 = unary(fn=<built-in function neg>, value=threshold) ['$84unary_negative.4', 'threshold']
    $92compare_op.6 = $84unary_negative.4 <= x1 ['$84unary_negative.4', '$92compare_op.6', 'x1']
    $bool96 = global(bool: <class 'bool'>)   ['$bool96']
    $96pred = call $bool96($92compare_op.6, func=$bool96, args=(Var($92compare_op.6, audio.py:1145),), kws=(), vararg=None, varkwarg=None, target=None) ['$92compare_op.6', '$96pred', '$bool96']
    $phi100.0 = x1                           ['$phi100.0', 'x1']
    branch $96pred, 100, 116                 ['$96pred']
label 100:
    $104compare_op.2 = $phi100.0 <= threshold ['$104compare_op.2', '$phi100.0', 'threshold']
    $bool108 = global(bool: <class 'bool'>)  ['$bool108']
    $108pred = call $bool108($104compare_op.2, func=$bool108, args=(Var($104compare_op.2, audio.py:1145),), kws=(), vararg=None, varkwarg=None, target=None) ['$104compare_op.2', '$108pred', '$bool108']
    branch $108pred, 112, 124                ['$108pred']
label 112:
    jump 120                                 []
label 116:
    jump 124                                 []
label 120:
    x1 = const(int, 0)                       ['x1']
    jump 124                                 []
label 124:
    $bool134 = global(bool: <class 'bool'>)  ['$bool134']
    $134pred = call $bool134(zero_pos, func=$bool134, args=(Var(zero_pos, audio.py:1137),), kws=(), vararg=None, varkwarg=None, target=None) ['$134pred', '$bool134', 'zero_pos']
    branch $134pred, 138, 230                ['$134pred']
label 138:
    $140load_global.0 = global(np: <module 'numpy' from 'C:\\Users\\WINDOWS\\Desktop\\ai_stress_detector\\venv\\Lib\\site-packages\\numpy\\__init__.py'>) ['$140load_global.0']
    $150load_attr.1 = getattr(value=$140load_global.0, attr=signbit) ['$140load_global.0', '$150load_attr.1']
    $174call.4 = call $150load_attr.1(x0, func=$150load_attr.1, args=[Var(x0, audio.py:1140)], kws=(), vararg=None, varkwarg=None, target=None) ['$150load_attr.1', '$174call.4', 'x0']
    $182load_global.5 = global(np: <module 'numpy' from 'C:\\Users\\WINDOWS\\Desktop\\ai_stress_detector\\venv\\Lib\\site-packages\\numpy\\__init__.py'>) ['$182load_global.5']
    $192load_attr.6 = getattr(value=$182load_global.5, attr=signbit) ['$182load_global.5', '$192load_attr.6']
    $216call.9 = call $192load_attr.6(x1, func=$192load_attr.6, args=[Var(x1, audio.py:1144)], kws=(), vararg=None, varkwarg=None, target=None) ['$192load_attr.6', '$216call.9', 'x1']
    $224compare_op.10 = $174call.4 != $216call.9 ['$174call.4', '$216call.9', '$224compare_op.10']
    $228return_value.11 = cast(value=$224compare_op.10) ['$224compare_op.10', '$228return_value.11']
    return $228return_value.11               ['$228return_value.11']
label 230:
    $230load_global.0 = global(np: <module 'numpy' from 'C:\\Users\\WINDOWS\\Desktop\\ai_stress_detector\\venv\\Lib\\site-packages\\numpy\\__init__.py'>) ['$230load_global.0']
    $240load_attr.1 = getattr(value=$230load_global.0, attr=sign) ['$230load_global.0', '$240load_attr.1']
    $264call.4 = call $240load_attr.1(x0, func=$240load_attr.1, args=[Var(x0, audio.py:1140)], kws=(), vararg=None, varkwarg=None, target=None) ['$240load_attr.1', '$264call.4', 'x0']
    $272load_global.5 = global(np: <module 'numpy' from 'C:\\Users\\WINDOWS\\Desktop\\ai_stress_detector\\venv\\Lib\\site-packages\\numpy\\__init__.py'>) ['$272load_global.5']
    $282load_attr.6 = getattr(value=$272load_global.5, attr=sign) ['$272load_global.5', '$282load_attr.6']
    $306call.9 = call $282load_attr.6(x1, func=$282load_attr.6, args=[Var(x1, audio.py:1144)], kws=(), vararg=None, varkwarg=None, target=None) ['$282load_attr.6', '$306call.9', 'x1']
    $314compare_op.10 = $264call.4 != $306call.9 ['$264call.4', '$306call.9', '$314compare_op.10']
    $318return_value.11 = cast(value=$314compare_op.10) ['$314compare_op.10', '$318return_value.11']
    return $318return_value.11               ['$318return_value.11']

2026-02-19 07:54:27,915 - DEBUG - bytecode dump:
>          0	NOP(arg=None, lineno=1023)
           2	RESUME(arg=0, lineno=1023)
           4	LOAD_FAST_BORROW(arg=0, lineno=1026)
           6	LOAD_SMALL_INT(arg=0, lineno=1026)
           8	BINARY_OP(arg=26, lineno=1026)
          20	LOAD_FAST_BORROW(arg=0, lineno=1026)
          22	LOAD_CONST(arg=1, lineno=1026)
          24	BINARY_OP(arg=26, lineno=1026)
          36	COMPARE_OP(arg=132, lineno=1026)
          40	LOAD_FAST_BORROW(arg=0, lineno=1026)
          42	LOAD_SMALL_INT(arg=0, lineno=1026)
          44	BINARY_OP(arg=26, lineno=1026)
          56	LOAD_FAST_BORROW(arg=0, lineno=1026)
          58	LOAD_SMALL_INT(arg=1, lineno=1026)
          60	BINARY_OP(arg=26, lineno=1026)
          72	COMPARE_OP(arg=172, lineno=1026)
          76	BINARY_OP(arg=1, lineno=1026)
          88	RETURN_VALUE(arg=None, lineno=1026)
2026-02-19 07:54:27,915 - DEBUG - pending: deque([State(pc_initial=0 nstack_initial=0)])
2026-02-19 07:54:27,915 - DEBUG - stack: []
2026-02-19 07:54:27,915 - DEBUG - state.pc_initial: State(pc_initial=0 nstack_initial=0)
2026-02-19 07:54:27,915 - DEBUG - dispatch pc=0, inst=NOP(arg=None, lineno=1023)
2026-02-19 07:54:27,915 - DEBUG - stack []
2026-02-19 07:54:27,915 - DEBUG - dispatch pc=2, inst=RESUME(arg=0, lineno=1023)
2026-02-19 07:54:27,915 - DEBUG - stack []
2026-02-19 07:54:27,915 - DEBUG - dispatch pc=4, inst=LOAD_FAST_BORROW(arg=0, lineno=1026)
2026-02-19 07:54:27,915 - DEBUG - stack []
2026-02-19 07:54:27,915 - DEBUG - dispatch pc=6, inst=LOAD_SMALL_INT(arg=0, lineno=1026)
2026-02-19 07:54:27,915 - DEBUG - stack ['$x4.0']
2026-02-19 07:54:27,915 - DEBUG - dispatch pc=8, inst=BINARY_OP(arg=26, lineno=1026)
2026-02-19 07:54:27,915 - DEBUG - stack ['$x4.0', '$const6.1.0']
2026-02-19 07:54:27,915 - DEBUG - dispatch pc=20, inst=LOAD_FAST_BORROW(arg=0, lineno=1026)
2026-02-19 07:54:27,915 - DEBUG - stack ['$8binary_op.2']
2026-02-19 07:54:27,915 - DEBUG - dispatch pc=22, inst=LOAD_CONST(arg=1, lineno=1026)
2026-02-19 07:54:27,915 - DEBUG - stack ['$8binary_op.2', '$x20.3']
2026-02-19 07:54:27,916 - DEBUG - dispatch pc=24, inst=BINARY_OP(arg=26, lineno=1026)
2026-02-19 07:54:27,916 - DEBUG - stack ['$8binary_op.2', '$x20.3', '$const22.4.1']
2026-02-19 07:54:27,916 - DEBUG - dispatch pc=36, inst=COMPARE_OP(arg=132, lineno=1026)
2026-02-19 07:54:27,916 - DEBUG - stack ['$8binary_op.2', '$24binary_op.5']
2026-02-19 07:54:27,916 - DEBUG - dispatch pc=40, inst=LOAD_FAST_BORROW(arg=0, lineno=1026)
2026-02-19 07:54:27,916 - DEBUG - stack ['$36compare_op.6']
2026-02-19 07:54:27,916 - DEBUG - dispatch pc=42, inst=LOAD_SMALL_INT(arg=0, lineno=1026)
2026-02-19 07:54:27,916 - DEBUG - stack ['$36compare_op.6', '$x40.7']
2026-02-19 07:54:27,916 - DEBUG - dispatch pc=44, inst=BINARY_OP(arg=26, lineno=1026)
2026-02-19 07:54:27,916 - DEBUG - stack ['$36compare_op.6', '$x40.7', '$const42.8.0']
2026-02-19 07:54:27,916 - DEBUG - dispatch pc=56, inst=LOAD_FAST_BORROW(arg=0, lineno=1026)
2026-02-19 07:54:27,916 - DEBUG - stack ['$36compare_op.6', '$44binary_op.9']
2026-02-19 07:54:27,916 - DEBUG - dispatch pc=58, inst=LOAD_SMALL_INT(arg=1, lineno=1026)
2026-02-19 07:54:27,916 - DEBUG - stack ['$36compare_op.6', '$44binary_op.9', '$x56.10']
2026-02-19 07:54:27,916 - DEBUG - dispatch pc=60, inst=BINARY_OP(arg=26, lineno=1026)
2026-02-19 07:54:27,916 - DEBUG - stack ['$36compare_op.6', '$44binary_op.9', '$x56.10', '$const58.11.1']
2026-02-19 07:54:27,916 - DEBUG - dispatch pc=72, inst=COMPARE_OP(arg=172, lineno=1026)
2026-02-19 07:54:27,916 - DEBUG - stack ['$36compare_op.6', '$44binary_op.9', '$60binary_op.12']
2026-02-19 07:54:27,916 - DEBUG - dispatch pc=76, inst=BINARY_OP(arg=1, lineno=1026)
2026-02-19 07:54:27,916 - DEBUG - stack ['$36compare_op.6', '$72compare_op.13']
2026-02-19 07:54:27,916 - DEBUG - dispatch pc=88, inst=RETURN_VALUE(arg=None, lineno=1026)
2026-02-19 07:54:27,916 - DEBUG - stack ['$binop_and_76.14']
2026-02-19 07:54:27,916 - DEBUG - end state. edges=[]
2026-02-19 07:54:27,916 - DEBUG - -------------------------Prune PHIs-------------------------
2026-02-19 07:54:27,916 - DEBUG - Used_phis: defaultdict(<class 'set'>, {State(pc_initial=0 nstack_initial=0): set()})
2026-02-19 07:54:27,916 - DEBUG - defmap: {}
2026-02-19 07:54:27,917 - DEBUG - phismap: defaultdict(<class 'set'>, {})
2026-02-19 07:54:27,917 - DEBUG - changing phismap: defaultdict(<class 'set'>, {})
2026-02-19 07:54:27,917 - DEBUG - keep phismap: {}
2026-02-19 07:54:27,917 - DEBUG - new_out: defaultdict(<class 'dict'>, {})
2026-02-19 07:54:27,917 - DEBUG - ----------------------DONE Prune PHIs-----------------------
2026-02-19 07:54:27,917 - DEBUG - block_infos State(pc_initial=0 nstack_initial=0):
AdaptBlockInfo(insts=((0, {}), (2, {}), (4, {'res': '$x4.0'}), (6, {'res': '$const6.1.0'}), (8, {'op': '[]', 'lhs': '$x4.0', 'rhs': '$const6.1.0', 'res': '$8binary_op.2'}), (20, {'res': '$x20.3'}), (22, {'res': '$const22.4.1'}), (24, {'op': '[]', 'lhs': '$x20.3', 'rhs': '$const22.4.1', 'res': '$24binary_op.5'}), (36, {'lhs': '$8binary_op.2', 'rhs': '$24binary_op.5', 'res': '$36compare_op.6'}), (40, {'res': '$x40.7'}), (42, {'res': '$const42.8.0'}), (44, {'op': '[]', 'lhs': '$x40.7', 'rhs': '$const42.8.0', 'res': '$44binary_op.9'}), (56, {'res': '$x56.10'}), (58, {'res': '$const58.11.1'}), (60, {'op': '[]', 'lhs': '$x56.10', 'rhs': '$const58.11.1', 'res': '$60binary_op.12'}), (72, {'lhs': '$44binary_op.9', 'rhs': '$60binary_op.12', 'res': '$72compare_op.13'}), (76, {'op': '&', 'lhs': '$36compare_op.6', 'rhs': '$72compare_op.13', 'res': '$binop_and_76.14'}), (88, {'retval': '$binop_and_76.14', 'castval': '$88return_value.15'})), outgoing_phis={}, blockstack=(), active_try_block=None, outgoing_edgepushed={})
2026-02-19 07:54:27,917 - DEBUG - label 0:
    x = arg(0, name=x)                       ['x']
    $const6.1.0 = const(int, 0)              ['$const6.1.0']
    $8binary_op.2 = getitem(value=x, index=$const6.1.0, fn=<built-in function getitem>) ['$8binary_op.2', '$const6.1.0', 'x']
    $const22.4.1 = const(int, -1)            ['$const22.4.1']
    $24binary_op.5 = getitem(value=x, index=$const22.4.1, fn=<built-in function getitem>) ['$24binary_op.5', '$const22.4.1', 'x']
    $36compare_op.6 = $8binary_op.2 > $24binary_op.5 ['$24binary_op.5', '$36compare_op.6', '$8binary_op.2']
    $const42.8.0 = const(int, 0)             ['$const42.8.0']
    $44binary_op.9 = getitem(value=x, index=$const42.8.0, fn=<built-in function getitem>) ['$44binary_op.9', '$const42.8.0', 'x']
    $const58.11.1 = const(int, 1)            ['$const58.11.1']
    $60binary_op.12 = getitem(value=x, index=$const58.11.1, fn=<built-in function getitem>) ['$60binary_op.12', '$const58.11.1', 'x']
    $72compare_op.13 = $44binary_op.9 >= $60binary_op.12 ['$44binary_op.9', '$60binary_op.12', '$72compare_op.13']
    $binop_and_76.14 = $36compare_op.6 & $72compare_op.13 ['$36compare_op.6', '$72compare_op.13', '$binop_and_76.14']
    $88return_value.15 = cast(value=$binop_and_76.14) ['$88return_value.15', '$binop_and_76.14']
    return $88return_value.15                ['$88return_value.15']

2026-02-19 07:54:27,918 - DEBUG - bytecode dump:
>          0	NOP(arg=None, lineno=1029)
           2	RESUME(arg=0, lineno=1029)
           4	LOAD_FAST_BORROW(arg=0, lineno=1032)
           6	LOAD_SMALL_INT(arg=0, lineno=1032)
           8	BINARY_OP(arg=26, lineno=1032)
          20	LOAD_FAST_BORROW(arg=0, lineno=1032)
          22	LOAD_CONST(arg=1, lineno=1032)
          24	BINARY_OP(arg=26, lineno=1032)
          36	COMPARE_OP(arg=2, lineno=1032)
          40	LOAD_FAST_BORROW(arg=0, lineno=1032)
          42	LOAD_SMALL_INT(arg=0, lineno=1032)
          44	BINARY_OP(arg=26, lineno=1032)
          56	LOAD_FAST_BORROW(arg=0, lineno=1032)
          58	LOAD_SMALL_INT(arg=1, lineno=1032)
          60	BINARY_OP(arg=26, lineno=1032)
          72	COMPARE_OP(arg=42, lineno=1032)
          76	BINARY_OP(arg=1, lineno=1032)
          88	RETURN_VALUE(arg=None, lineno=1032)
2026-02-19 07:54:27,918 - DEBUG - pending: deque([State(pc_initial=0 nstack_initial=0)])
2026-02-19 07:54:27,918 - DEBUG - stack: []
2026-02-19 07:54:27,918 - DEBUG - state.pc_initial: State(pc_initial=0 nstack_initial=0)
2026-02-19 07:54:27,918 - DEBUG - dispatch pc=0, inst=NOP(arg=None, lineno=1029)
2026-02-19 07:54:27,918 - DEBUG - stack []
2026-02-19 07:54:27,918 - DEBUG - dispatch pc=2, inst=RESUME(arg=0, lineno=1029)
2026-02-19 07:54:27,918 - DEBUG - stack []
2026-02-19 07:54:27,918 - DEBUG - dispatch pc=4, inst=LOAD_FAST_BORROW(arg=0, lineno=1032)
2026-02-19 07:54:27,918 - DEBUG - stack []
2026-02-19 07:54:27,918 - DEBUG - dispatch pc=6, inst=LOAD_SMALL_INT(arg=0, lineno=1032)
2026-02-19 07:54:27,918 - DEBUG - stack ['$x4.0']
2026-02-19 07:54:27,918 - DEBUG - dispatch pc=8, inst=BINARY_OP(arg=26, lineno=1032)
2026-02-19 07:54:27,918 - DEBUG - stack ['$x4.0', '$const6.1.0']
2026-02-19 07:54:27,918 - DEBUG - dispatch pc=20, inst=LOAD_FAST_BORROW(arg=0, lineno=1032)
2026-02-19 07:54:27,918 - DEBUG - stack ['$8binary_op.2']
2026-02-19 07:54:27,918 - DEBUG - dispatch pc=22, inst=LOAD_CONST(arg=1, lineno=1032)
2026-02-19 07:54:27,918 - DEBUG - stack ['$8binary_op.2', '$x20.3']
2026-02-19 07:54:27,919 - DEBUG - dispatch pc=24, inst=BINARY_OP(arg=26, lineno=1032)
2026-02-19 07:54:27,919 - DEBUG - stack ['$8binary_op.2', '$x20.3', '$const22.4.1']
2026-02-19 07:54:27,919 - DEBUG - dispatch pc=36, inst=COMPARE_OP(arg=2, lineno=1032)
2026-02-19 07:54:27,919 - DEBUG - stack ['$8binary_op.2', '$24binary_op.5']
2026-02-19 07:54:27,919 - DEBUG - dispatch pc=40, inst=LOAD_FAST_BORROW(arg=0, lineno=1032)
2026-02-19 07:54:27,919 - DEBUG - stack ['$36compare_op.6']
2026-02-19 07:54:27,919 - DEBUG - dispatch pc=42, inst=LOAD_SMALL_INT(arg=0, lineno=1032)
2026-02-19 07:54:27,919 - DEBUG - stack ['$36compare_op.6', '$x40.7']
2026-02-19 07:54:27,919 - DEBUG - dispatch pc=44, inst=BINARY_OP(arg=26, lineno=1032)
2026-02-19 07:54:27,919 - DEBUG - stack ['$36compare_op.6', '$x40.7', '$const42.8.0']
2026-02-19 07:54:27,919 - DEBUG - dispatch pc=56, inst=LOAD_FAST_BORROW(arg=0, lineno=1032)
2026-02-19 07:54:27,919 - DEBUG - stack ['$36compare_op.6', '$44binary_op.9']
2026-02-19 07:54:27,919 - DEBUG - dispatch pc=58, inst=LOAD_SMALL_INT(arg=1, lineno=1032)
2026-02-19 07:54:27,919 - DEBUG - stack ['$36compare_op.6', '$44binary_op.9', '$x56.10']
2026-02-19 07:54:27,919 - DEBUG - dispatch pc=60, inst=BINARY_OP(arg=26, lineno=1032)
2026-02-19 07:54:27,919 - DEBUG - stack ['$36compare_op.6', '$44binary_op.9', '$x56.10', '$const58.11.1']
2026-02-19 07:54:27,919 - DEBUG - dispatch pc=72, inst=COMPARE_OP(arg=42, lineno=1032)
2026-02-19 07:54:27,919 - DEBUG - stack ['$36compare_op.6', '$44binary_op.9', '$60binary_op.12']
2026-02-19 07:54:27,919 - DEBUG - dispatch pc=76, inst=BINARY_OP(arg=1, lineno=1032)
2026-02-19 07:54:27,919 - DEBUG - stack ['$36compare_op.6', '$72compare_op.13']
2026-02-19 07:54:27,919 - DEBUG - dispatch pc=88, inst=RETURN_VALUE(arg=None, lineno=1032)
2026-02-19 07:54:27,919 - DEBUG - stack ['$binop_and_76.14']
2026-02-19 07:54:27,919 - DEBUG - end state. edges=[]
2026-02-19 07:54:27,919 - DEBUG - -------------------------Prune PHIs-------------------------
2026-02-19 07:54:27,919 - DEBUG - Used_phis: defaultdict(<class 'set'>, {State(pc_initial=0 nstack_initial=0): set()})
2026-02-19 07:54:27,919 - DEBUG - defmap: {}
2026-02-19 07:54:27,919 - DEBUG - phismap: defaultdict(<class 'set'>, {})
2026-02-19 07:54:27,920 - DEBUG - changing phismap: defaultdict(<class 'set'>, {})
2026-02-19 07:54:27,920 - DEBUG - keep phismap: {}
2026-02-19 07:54:27,920 - DEBUG - new_out: defaultdict(<class 'dict'>, {})
2026-02-19 07:54:27,920 - DEBUG - ----------------------DONE Prune PHIs-----------------------
2026-02-19 07:54:27,920 - DEBUG - block_infos State(pc_initial=0 nstack_initial=0):
AdaptBlockInfo(insts=((0, {}), (2, {}), (4, {'res': '$x4.0'}), (6, {'res': '$const6.1.0'}), (8, {'op': '[]', 'lhs': '$x4.0', 'rhs': '$const6.1.0', 'res': '$8binary_op.2'}), (20, {'res': '$x20.3'}), (22, {'res': '$const22.4.1'}), (24, {'op': '[]', 'lhs': '$x20.3', 'rhs': '$const22.4.1', 'res': '$24binary_op.5'}), (36, {'lhs': '$8binary_op.2', 'rhs': '$24binary_op.5', 'res': '$36compare_op.6'}), (40, {'res': '$x40.7'}), (42, {'res': '$const42.8.0'}), (44, {'op': '[]', 'lhs': '$x40.7', 'rhs': '$const42.8.0', 'res': '$44binary_op.9'}), (56, {'res': '$x56.10'}), (58, {'res': '$const58.11.1'}), (60, {'op': '[]', 'lhs': '$x56.10', 'rhs': '$const58.11.1', 'res': '$60binary_op.12'}), (72, {'lhs': '$44binary_op.9', 'rhs': '$60binary_op.12', 'res': '$72compare_op.13'}), (76, {'op': '&', 'lhs': '$36compare_op.6', 'rhs': '$72compare_op.13', 'res': '$binop_and_76.14'}), (88, {'retval': '$binop_and_76.14', 'castval': '$88return_value.15'})), outgoing_phis={}, blockstack=(), active_try_block=None, outgoing_edgepushed={})
2026-02-19 07:54:27,921 - DEBUG - label 0:
    x = arg(0, name=x)                       ['x']
    $const6.1.0 = const(int, 0)              ['$const6.1.0']
    $8binary_op.2 = getitem(value=x, index=$const6.1.0, fn=<built-in function getitem>) ['$8binary_op.2', '$const6.1.0', 'x']
    $const22.4.1 = const(int, -1)            ['$const22.4.1']
    $24binary_op.5 = getitem(value=x, index=$const22.4.1, fn=<built-in function getitem>) ['$24binary_op.5', '$const22.4.1', 'x']
    $36compare_op.6 = $8binary_op.2 < $24binary_op.5 ['$24binary_op.5', '$36compare_op.6', '$8binary_op.2']
    $const42.8.0 = const(int, 0)             ['$const42.8.0']
    $44binary_op.9 = getitem(value=x, index=$const42.8.0, fn=<built-in function getitem>) ['$44binary_op.9', '$const42.8.0', 'x']
    $const58.11.1 = const(int, 1)            ['$const58.11.1']
    $60binary_op.12 = getitem(value=x, index=$const58.11.1, fn=<built-in function getitem>) ['$60binary_op.12', '$const58.11.1', 'x']
    $72compare_op.13 = $44binary_op.9 <= $60binary_op.12 ['$44binary_op.9', '$60binary_op.12', '$72compare_op.13']
    $binop_and_76.14 = $36compare_op.6 & $72compare_op.13 ['$36compare_op.6', '$72compare_op.13', '$binop_and_76.14']
    $88return_value.15 = cast(value=$binop_and_76.14) ['$88return_value.15', '$binop_and_76.14']
    return $88return_value.15                ['$88return_value.15']

2026-02-19 07:54:28,774 - DEBUG - bytecode dump:
>          0	NOP(arg=None, lineno=416)
           2	RESUME(arg=0, lineno=416)
           4	LOAD_FAST_BORROW(arg=0, lineno=419)
           6	LOAD_SMALL_INT(arg=1, lineno=419)
           8	BINARY_OP(arg=26, lineno=419)
          20	LOAD_FAST_BORROW(arg=0, lineno=419)
          22	LOAD_CONST(arg=1, lineno=419)
          24	BINARY_OP(arg=26, lineno=419)
          36	BINARY_OP(arg=0, lineno=419)
          48	LOAD_SMALL_INT(arg=2, lineno=419)
          50	LOAD_FAST_BORROW(arg=0, lineno=419)
          52	LOAD_SMALL_INT(arg=0, lineno=419)
          54	BINARY_OP(arg=26, lineno=419)
          66	BINARY_OP(arg=5, lineno=419)
          78	BINARY_OP(arg=10, lineno=419)
          90	STORE_FAST(arg=1, lineno=419)
          92	LOAD_FAST_BORROW(arg=0, lineno=420)
          94	LOAD_SMALL_INT(arg=1, lineno=420)
          96	BINARY_OP(arg=26, lineno=420)
         108	LOAD_FAST_BORROW(arg=0, lineno=420)
         110	LOAD_CONST(arg=1, lineno=420)
         112	BINARY_OP(arg=26, lineno=420)
         124	BINARY_OP(arg=10, lineno=420)
         136	LOAD_SMALL_INT(arg=2, lineno=420)
         138	BINARY_OP(arg=11, lineno=420)
         150	STORE_FAST(arg=2, lineno=420)
         152	LOAD_GLOBAL(arg=0, lineno=422)
         162	LOAD_ATTR(arg=2, lineno=422)
         182	PUSH_NULL(arg=None, lineno=422)
         184	LOAD_FAST_BORROW(arg=2, lineno=422)
         186	CALL(arg=1, lineno=422)
         194	LOAD_GLOBAL(arg=0, lineno=422)
         204	LOAD_ATTR(arg=2, lineno=422)
         224	PUSH_NULL(arg=None, lineno=422)
         226	LOAD_FAST_BORROW(arg=1, lineno=422)
         228	CALL(arg=1, lineno=422)
         236	COMPARE_OP(arg=188, lineno=422)
         240	POP_JUMP_IF_FALSE(arg=3, lineno=422)
         244	NOT_TAKEN(arg=None, lineno=422)
         246	LOAD_SMALL_INT(arg=0, lineno=425)
         248	RETURN_VALUE(arg=None, lineno=425)
>        250	LOAD_FAST_BORROW(arg=2, lineno=427)
         252	UNARY_NEGATIVE(arg=None, lineno=427)
         254	LOAD_FAST_BORROW(arg=1, lineno=427)
         256	BINARY_OP(arg=11, lineno=427)
         268	RETURN_VALUE(arg=None, lineno=427)
2026-02-19 07:54:28,774 - DEBUG - pending: deque([State(pc_initial=0 nstack_initial=0)])
2026-02-19 07:54:28,775 - DEBUG - stack: []
2026-02-19 07:54:28,775 - DEBUG - state.pc_initial: State(pc_initial=0 nstack_initial=0)
2026-02-19 07:54:28,775 - DEBUG - dispatch pc=0, inst=NOP(arg=None, lineno=416)
2026-02-19 07:54:28,775 - DEBUG - stack []
2026-02-19 07:54:28,775 - DEBUG - dispatch pc=2, inst=RESUME(arg=0, lineno=416)
2026-02-19 07:54:28,775 - DEBUG - stack []
2026-02-19 07:54:28,775 - DEBUG - dispatch pc=4, inst=LOAD_FAST_BORROW(arg=0, lineno=419)
2026-02-19 07:54:28,775 - DEBUG - stack []
2026-02-19 07:54:28,775 - DEBUG - dispatch pc=6, inst=LOAD_SMALL_INT(arg=1, lineno=419)
2026-02-19 07:54:28,775 - DEBUG - stack ['$x4.0']
2026-02-19 07:54:28,775 - DEBUG - dispatch pc=8, inst=BINARY_OP(arg=26, lineno=419)
2026-02-19 07:54:28,775 - DEBUG - stack ['$x4.0', '$const6.1.1']
2026-02-19 07:54:28,775 - DEBUG - dispatch pc=20, inst=LOAD_FAST_BORROW(arg=0, lineno=419)
2026-02-19 07:54:28,775 - DEBUG - stack ['$8binary_op.2']
2026-02-19 07:54:28,775 - DEBUG - dispatch pc=22, inst=LOAD_CONST(arg=1, lineno=419)
2026-02-19 07:54:28,775 - DEBUG - stack ['$8binary_op.2', '$x20.3']
2026-02-19 07:54:28,775 - DEBUG - dispatch pc=24, inst=BINARY_OP(arg=26, lineno=419)
2026-02-19 07:54:28,775 - DEBUG - stack ['$8binary_op.2', '$x20.3', '$const22.4.1']
2026-02-19 07:54:28,775 - DEBUG - dispatch pc=36, inst=BINARY_OP(arg=0, lineno=419)
2026-02-19 07:54:28,775 - DEBUG - stack ['$8binary_op.2', '$24binary_op.5']
2026-02-19 07:54:28,775 - DEBUG - dispatch pc=48, inst=LOAD_SMALL_INT(arg=2, lineno=419)
2026-02-19 07:54:28,775 - DEBUG - stack ['$binop_add36.6']
2026-02-19 07:54:28,775 - DEBUG - dispatch pc=50, inst=LOAD_FAST_BORROW(arg=0, lineno=419)
2026-02-19 07:54:28,775 - DEBUG - stack ['$binop_add36.6', '$const48.7.2']
2026-02-19 07:54:28,775 - DEBUG - dispatch pc=52, inst=LOAD_SMALL_INT(arg=0, lineno=419)
2026-02-19 07:54:28,775 - DEBUG - stack ['$binop_add36.6', '$const48.7.2', '$x50.8']
2026-02-19 07:54:28,775 - DEBUG - dispatch pc=54, inst=BINARY_OP(arg=26, lineno=419)
2026-02-19 07:54:28,776 - DEBUG - stack ['$binop_add36.6', '$const48.7.2', '$x50.8', '$const52.9.0']
2026-02-19 07:54:28,776 - DEBUG - dispatch pc=66, inst=BINARY_OP(arg=5, lineno=419)
2026-02-19 07:54:28,776 - DEBUG - stack ['$binop_add36.6', '$const48.7.2', '$54binary_op.10']
2026-02-19 07:54:28,776 - DEBUG - dispatch pc=78, inst=BINARY_OP(arg=10, lineno=419)
2026-02-19 07:54:28,776 - DEBUG - stack ['$binop_add36.6', '$binop_mul66.11']
2026-02-19 07:54:28,776 - DEBUG - dispatch pc=90, inst=STORE_FAST(arg=1, lineno=419)
2026-02-19 07:54:28,776 - DEBUG - stack ['$binop_sub78.12']
2026-02-19 07:54:28,776 - DEBUG - dispatch pc=92, inst=LOAD_FAST_BORROW(arg=0, lineno=420)
2026-02-19 07:54:28,776 - DEBUG - stack []
2026-02-19 07:54:28,776 - DEBUG - dispatch pc=94, inst=LOAD_SMALL_INT(arg=1, lineno=420)
2026-02-19 07:54:28,776 - DEBUG - stack ['$x92.13']
2026-02-19 07:54:28,776 - DEBUG - dispatch pc=96, inst=BINARY_OP(arg=26, lineno=420)
2026-02-19 07:54:28,776 - DEBUG - stack ['$x92.13', '$const94.14.1']
2026-02-19 07:54:28,776 - DEBUG - dispatch pc=108, inst=LOAD_FAST_BORROW(arg=0, lineno=420)
2026-02-19 07:54:28,776 - DEBUG - stack ['$96binary_op.15']
2026-02-19 07:54:28,776 - DEBUG - dispatch pc=110, inst=LOAD_CONST(arg=1, lineno=420)
2026-02-19 07:54:28,776 - DEBUG - stack ['$96binary_op.15', '$x108.16']
2026-02-19 07:54:28,776 - DEBUG - dispatch pc=112, inst=BINARY_OP(arg=26, lineno=420)
2026-02-19 07:54:28,776 - DEBUG - stack ['$96binary_op.15', '$x108.16', '$const110.17.1']
2026-02-19 07:54:28,776 - DEBUG - dispatch pc=124, inst=BINARY_OP(arg=10, lineno=420)
2026-02-19 07:54:28,776 - DEBUG - stack ['$96binary_op.15', '$112binary_op.18']
2026-02-19 07:54:28,776 - DEBUG - dispatch pc=136, inst=LOAD_SMALL_INT(arg=2, lineno=420)
2026-02-19 07:54:28,776 - DEBUG - stack ['$binop_sub124.19']
2026-02-19 07:54:28,776 - DEBUG - dispatch pc=138, inst=BINARY_OP(arg=11, lineno=420)
2026-02-19 07:54:28,776 - DEBUG - stack ['$binop_sub124.19', '$const136.20.2']
2026-02-19 07:54:28,776 - DEBUG - dispatch pc=150, inst=STORE_FAST(arg=2, lineno=420)
2026-02-19 07:54:28,776 - DEBUG - stack ['$binop_truediv138.21']
2026-02-19 07:54:28,776 - DEBUG - dispatch pc=152, inst=LOAD_GLOBAL(arg=0, lineno=422)
2026-02-19 07:54:28,776 - DEBUG - stack []
2026-02-19 07:54:28,776 - DEBUG - dispatch pc=162, inst=LOAD_ATTR(arg=2, lineno=422)
2026-02-19 07:54:28,777 - DEBUG - stack ['$152load_global.22']
2026-02-19 07:54:28,777 - DEBUG - dispatch pc=182, inst=PUSH_NULL(arg=None, lineno=422)
2026-02-19 07:54:28,777 - DEBUG - stack ['$162load_attr.23']
2026-02-19 07:54:28,777 - DEBUG - dispatch pc=184, inst=LOAD_FAST_BORROW(arg=2, lineno=422)
2026-02-19 07:54:28,777 - DEBUG - stack ['$162load_attr.23', '$null$182.24']
2026-02-19 07:54:28,777 - DEBUG - dispatch pc=186, inst=CALL(arg=1, lineno=422)
2026-02-19 07:54:28,777 - DEBUG - stack ['$162load_attr.23', '$null$182.24', '$b184.25']
2026-02-19 07:54:28,777 - DEBUG - dispatch pc=194, inst=LOAD_GLOBAL(arg=0, lineno=422)
2026-02-19 07:54:28,777 - DEBUG - stack ['$186call.26']
2026-02-19 07:54:28,777 - DEBUG - dispatch pc=204, inst=LOAD_ATTR(arg=2, lineno=422)
2026-02-19 07:54:28,777 - DEBUG - stack ['$186call.26', '$194load_global.27']
2026-02-19 07:54:28,777 - DEBUG - dispatch pc=224, inst=PUSH_NULL(arg=None, lineno=422)
2026-02-19 07:54:28,777 - DEBUG - stack ['$186call.26', '$204load_attr.28']
2026-02-19 07:54:28,777 - DEBUG - dispatch pc=226, inst=LOAD_FAST_BORROW(arg=1, lineno=422)
2026-02-19 07:54:28,777 - DEBUG - stack ['$186call.26', '$204load_attr.28', '$null$224.29']
2026-02-19 07:54:28,777 - DEBUG - dispatch pc=228, inst=CALL(arg=1, lineno=422)
2026-02-19 07:54:28,777 - DEBUG - stack ['$186call.26', '$204load_attr.28', '$null$224.29', '$a226.30']
2026-02-19 07:54:28,777 - DEBUG - dispatch pc=236, inst=COMPARE_OP(arg=188, lineno=422)
2026-02-19 07:54:28,777 - DEBUG - stack ['$186call.26', '$228call.31']
2026-02-19 07:54:28,777 - DEBUG - dispatch pc=240, inst=POP_JUMP_IF_FALSE(arg=3, lineno=422)
2026-02-19 07:54:28,777 - DEBUG - stack ['$236compare_op.32']
2026-02-19 07:54:28,777 - DEBUG - end state. edges=[Edge(pc=244, stack=(), blockstack=(), npush=0), Edge(pc=250, stack=(), blockstack=(), npush=0)]
2026-02-19 07:54:28,777 - DEBUG - pending: deque([State(pc_initial=244 nstack_initial=0), State(pc_initial=250 nstack_initial=0)])
2026-02-19 07:54:28,777 - DEBUG - stack: []
2026-02-19 07:54:28,777 - DEBUG - state.pc_initial: State(pc_initial=244 nstack_initial=0)
2026-02-19 07:54:28,777 - DEBUG - dispatch pc=244, inst=NOT_TAKEN(arg=None, lineno=422)
2026-02-19 07:54:28,777 - DEBUG - stack []
2026-02-19 07:54:28,777 - DEBUG - dispatch pc=246, inst=LOAD_SMALL_INT(arg=0, lineno=425)
2026-02-19 07:54:28,777 - DEBUG - stack []
2026-02-19 07:54:28,778 - DEBUG - dispatch pc=248, inst=RETURN_VALUE(arg=None, lineno=425)
2026-02-19 07:54:28,778 - DEBUG - stack ['$const246.0.0']
2026-02-19 07:54:28,778 - DEBUG - end state. edges=[]
2026-02-19 07:54:28,778 - DEBUG - pending: deque([State(pc_initial=250 nstack_initial=0)])
2026-02-19 07:54:28,778 - DEBUG - stack: []
2026-02-19 07:54:28,778 - DEBUG - state.pc_initial: State(pc_initial=250 nstack_initial=0)
2026-02-19 07:54:28,778 - DEBUG - dispatch pc=250, inst=LOAD_FAST_BORROW(arg=2, lineno=427)
2026-02-19 07:54:28,778 - DEBUG - stack []
2026-02-19 07:54:28,778 - DEBUG - dispatch pc=252, inst=UNARY_NEGATIVE(arg=None, lineno=427)
2026-02-19 07:54:28,778 - DEBUG - stack ['$b250.0']
2026-02-19 07:54:28,778 - DEBUG - dispatch pc=254, inst=LOAD_FAST_BORROW(arg=1, lineno=427)
2026-02-19 07:54:28,778 - DEBUG - stack ['$252unary_negative.1']
2026-02-19 07:54:28,778 - DEBUG - dispatch pc=256, inst=BINARY_OP(arg=11, lineno=427)
2026-02-19 07:54:28,778 - DEBUG - stack ['$252unary_negative.1', '$a254.2']
2026-02-19 07:54:28,778 - DEBUG - dispatch pc=268, inst=RETURN_VALUE(arg=None, lineno=427)
2026-02-19 07:54:28,778 - DEBUG - stack ['$binop_truediv256.3']
2026-02-19 07:54:28,778 - DEBUG - end state. edges=[]
2026-02-19 07:54:28,778 - DEBUG - -------------------------Prune PHIs-------------------------
2026-02-19 07:54:28,778 - DEBUG - Used_phis: defaultdict(<class 'set'>,
            {State(pc_initial=0 nstack_initial=0): set(),
             State(pc_initial=244 nstack_initial=0): set(),
             State(pc_initial=250 nstack_initial=0): set()})
2026-02-19 07:54:28,778 - DEBUG - defmap: {}
2026-02-19 07:54:28,778 - DEBUG - phismap: defaultdict(<class 'set'>, {})
2026-02-19 07:54:28,778 - DEBUG - changing phismap: defaultdict(<class 'set'>, {})
2026-02-19 07:54:28,778 - DEBUG - keep phismap: {}
2026-02-19 07:54:28,778 - DEBUG - new_out: defaultdict(<class 'dict'>, {})
2026-02-19 07:54:28,778 - DEBUG - ----------------------DONE Prune PHIs-----------------------
2026-02-19 07:54:28,778 - DEBUG - block_infos State(pc_initial=0 nstack_initial=0):
AdaptBlockInfo(insts=((0, {}), (2, {}), (4, {'res': '$x4.0'}), (6, {'res': '$const6.1.1'}), (8, {'op': '[]', 'lhs': '$x4.0', 'rhs': '$const6.1.1', 'res': '$8binary_op.2'}), (20, {'res': '$x20.3'}), (22, {'res': '$const22.4.1'}), (24, {'op': '[]', 'lhs': '$x20.3', 'rhs': '$const22.4.1', 'res': '$24binary_op.5'}), (36, {'op': '+', 'lhs': '$8binary_op.2', 'rhs': '$24binary_op.5', 'res': '$binop_add36.6'}), (48, {'res': '$const48.7.2'}), (50, {'res': '$x50.8'}), (52, {'res': '$const52.9.0'}), (54, {'op': '[]', 'lhs': '$x50.8', 'rhs': '$const52.9.0', 'res': '$54binary_op.10'}), (66, {'op': '*', 'lhs': '$const48.7.2', 'rhs': '$54binary_op.10', 'res': '$binop_mul66.11'}), (78, {'op': '-', 'lhs': '$binop_add36.6', 'rhs': '$binop_mul66.11', 'res': '$binop_sub78.12'}), (90, {'value': '$binop_sub78.12'}), (92, {'res': '$x92.13'}), (94, {'res': '$const94.14.1'}), (96, {'op': '[]', 'lhs': '$x92.13', 'rhs': '$const94.14.1', 'res': '$96binary_op.15'}), (108, {'res': '$x108.16'}), (110, {'res': '$const110.17.1'}), (112, {'op': '[]', 'lhs': '$x108.16', 'rhs': '$const110.17.1', 'res': '$112binary_op.18'}), (124, {'op': '-', 'lhs': '$96binary_op.15', 'rhs': '$112binary_op.18', 'res': '$binop_sub124.19'}), (136, {'res': '$const136.20.2'}), (138, {'op': '/', 'lhs': '$binop_sub124.19', 'rhs': '$const136.20.2', 'res': '$binop_truediv138.21'}), (150, {'value': '$binop_truediv138.21'}), (152, {'idx': 0, 'res': '$152load_global.22'}), (162, {'item': '$152load_global.22', 'res': '$162load_attr.23'}), (182, {}), (184, {'res': '$b184.25'}), (186, {'func': '$162load_attr.23', 'args': ['$b184.25'], 'kw_names': None, 'res': '$186call.26'}), (194, {'idx': 0, 'res': '$194load_global.27'}), (204, {'item': '$194load_global.27', 'res': '$204load_attr.28'}), (224, {}), (226, {'res': '$a226.30'}), (228, {'func': '$204load_attr.28', 'args': ['$a226.30'], 'kw_names': None, 'res': '$228call.31'}), (236, {'lhs': '$186call.26', 'rhs': '$228call.31', 'res': '$236compare_op.32'}), (240, {'pred': '$236compare_op.32'})), outgoing_phis={}, blockstack=(), active_try_block=None, outgoing_edgepushed={244: (), 250: ()})
2026-02-19 07:54:28,779 - DEBUG - block_infos State(pc_initial=244 nstack_initial=0):
AdaptBlockInfo(insts=((244, {}), (246, {'res': '$const246.0.0'}), (248, {'retval': '$const246.0.0', 'castval': '$248return_value.1'})), outgoing_phis={}, blockstack=(), active_try_block=None, outgoing_edgepushed={})
2026-02-19 07:54:28,779 - DEBUG - block_infos State(pc_initial=250 nstack_initial=0):
AdaptBlockInfo(insts=((250, {'res': '$b250.0'}), (252, {'value': '$b250.0', 'res': '$252unary_negative.1'}), (254, {'res': '$a254.2'}), (256, {'op': '/', 'lhs': '$252unary_negative.1', 'rhs': '$a254.2', 'res': '$binop_truediv256.3'}), (268, {'retval': '$binop_truediv256.3', 'castval': '$268return_value.4'})), outgoing_phis={}, blockstack=(), active_try_block=None, outgoing_edgepushed={})
2026-02-19 07:54:28,779 - DEBUG - label 0:
    x = arg(0, name=x)                       ['x']
    $const6.1.1 = const(int, 1)              ['$const6.1.1']
    $8binary_op.2 = getitem(value=x, index=$const6.1.1, fn=<built-in function getitem>) ['$8binary_op.2', '$const6.1.1', 'x']
    $const22.4.1 = const(int, -1)            ['$const22.4.1']
    $24binary_op.5 = getitem(value=x, index=$const22.4.1, fn=<built-in function getitem>) ['$24binary_op.5', '$const22.4.1', 'x']
    $binop_add36.6 = $8binary_op.2 + $24binary_op.5 ['$24binary_op.5', '$8binary_op.2', '$binop_add36.6']
    $const48.7.2 = const(int, 2)             ['$const48.7.2']
    $const52.9.0 = const(int, 0)             ['$const52.9.0']
    $54binary_op.10 = getitem(value=x, index=$const52.9.0, fn=<built-in function getitem>) ['$54binary_op.10', '$const52.9.0', 'x']
    $binop_mul66.11 = $const48.7.2 * $54binary_op.10 ['$54binary_op.10', '$binop_mul66.11', '$const48.7.2']
    a = $binop_add36.6 - $binop_mul66.11     ['$binop_add36.6', '$binop_mul66.11', 'a']
    $const94.14.1 = const(int, 1)            ['$const94.14.1']
    $96binary_op.15 = getitem(value=x, index=$const94.14.1, fn=<built-in function getitem>) ['$96binary_op.15', '$const94.14.1', 'x']
    $const110.17.1 = const(int, -1)          ['$const110.17.1']
    $112binary_op.18 = getitem(value=x, index=$const110.17.1, fn=<built-in function getitem>) ['$112binary_op.18', '$const110.17.1', 'x']
    $binop_sub124.19 = $96binary_op.15 - $112binary_op.18 ['$112binary_op.18', '$96binary_op.15', '$binop_sub124.19']
    $const136.20.2 = const(int, 2)           ['$const136.20.2']
    b = $binop_sub124.19 / $const136.20.2    ['$binop_sub124.19', '$const136.20.2', 'b']
    $152load_global.22 = global(np: <module 'numpy' from 'C:\\Users\\WINDOWS\\Desktop\\ai_stress_detector\\venv\\Lib\\site-packages\\numpy\\__init__.py'>) ['$152load_global.22']
    $162load_attr.23 = getattr(value=$152load_global.22, attr=abs) ['$152load_global.22', '$162load_attr.23']
    $186call.26 = call $162load_attr.23(b, func=$162load_attr.23, args=[Var(b, pitch.py:420)], kws=(), vararg=None, varkwarg=None, target=None) ['$162load_attr.23', '$186call.26', 'b']
    $194load_global.27 = global(np: <module 'numpy' from 'C:\\Users\\WINDOWS\\Desktop\\ai_stress_detector\\venv\\Lib\\site-packages\\numpy\\__init__.py'>) ['$194load_global.27']
    $204load_attr.28 = getattr(value=$194load_global.27, attr=abs) ['$194load_global.27', '$204load_attr.28']
    $228call.31 = call $204load_attr.28(a, func=$204load_attr.28, args=[Var(a, pitch.py:419)], kws=(), vararg=None, varkwarg=None, target=None) ['$204load_attr.28', '$228call.31', 'a']
    $236compare_op.32 = $186call.26 >= $228call.31 ['$186call.26', '$228call.31', '$236compare_op.32']
    $bool240 = global(bool: <class 'bool'>)  ['$bool240']
    $240pred = call $bool240($236compare_op.32, func=$bool240, args=(Var($236compare_op.32, pitch.py:422),), kws=(), vararg=None, varkwarg=None, target=None) ['$236compare_op.32', '$240pred', '$bool240']
    branch $240pred, 244, 250                ['$240pred']
label 244:
    $const246.0.0 = const(int, 0)            ['$const246.0.0']
    $248return_value.1 = cast(value=$const246.0.0) ['$248return_value.1', '$const246.0.0']
    return $248return_value.1                ['$248return_value.1']
label 250:
    $252unary_negative.1 = unary(fn=<built-in function neg>, value=b) ['$252unary_negative.1', 'b']
    $binop_truediv256.3 = $252unary_negative.1 / a ['$252unary_negative.1', '$binop_truediv256.3', 'a']
    $268return_value.4 = cast(value=$binop_truediv256.3) ['$268return_value.4', '$binop_truediv256.3']
    return $268return_value.4                ['$268return_value.4']

2026-02-19 07:54:28,936 - INFO - 127.0.0.1 - - [19/Feb/2026 07:54:28] "GET /mic HTTP/1.1" 200 -
2026-02-19 07:54:33,741 - ERROR - Voice Error: Object of type float32 is not JSON serializable
2026-02-19 07:54:33,742 - INFO - 127.0.0.1 - - [19/Feb/2026 07:54:33] "GET /voice HTTP/1.1" 200 -
2026-02-19 07:55:51,655 - INFO - 127.0.0.1 - - [19/Feb/2026 07:55:51] "GET /cam HTTP/1.1" 200 -
2026-02-19 07:56:04,725 - INFO - 127.0.0.1 - - [19/Feb/2026 07:56:04] "GET /mic HTTP/1.1" 200 -
2026-02-19 07:56:09,439 - ERROR - Voice Error: Object of type float32 is not JSON serializable
2026-02-19 07:56:09,440 - INFO - 127.0.0.1 - - [19/Feb/2026 07:56:09] "GET /voice HTTP/1.1" 200 -
2026-02-19 07:56:44,059 - INFO - 127.0.0.1 - - [19/Feb/2026 07:56:44] "GET /cam HTTP/1.1" 200 -
2026-02-19 07:56:57,099 - INFO - 127.0.0.1 - - [19/Feb/2026 07:56:57] "GET /mic HTTP/1.1" 200 -
2026-02-19 07:57:01,880 - ERROR - Voice Error: Object of type float32 is not JSON serializable
2026-02-19 07:57:01,881 - INFO - 127.0.0.1 - - [19/Feb/2026 07:57:01] "GET /voice HTTP/1.1" 200 -
2026-02-19 08:03:39,277 - INFO - Server script started
2026-02-19 08:03:59,907 - INFO - [31m[1mWARNING: This is a development server. Do not use it in a production deployment. Use a production WSGI server instead.[0m
 * Running on all addresses (0.0.0.0)
 * Running on http://127.0.0.1:5000
 * Running on http://10.55.237.132:5000
2026-02-19 08:03:59,908 - INFO - [33mPress CTRL+C to quit[0m
2026-02-19 08:04:24,398 - INFO - 127.0.0.1 - - [19/Feb/2026 08:04:24] "GET /cam HTTP/1.1" 200 -
2026-02-19 08:04:47,879 - DEBUG - bytecode dump:
>          0	NOP(arg=None, lineno=1137)
           2	RESUME(arg=0, lineno=1137)
           4	LOAD_FAST_BORROW(arg=0, lineno=1140)
           6	LOAD_SMALL_INT(arg=0, lineno=1140)
           8	BINARY_OP(arg=26, lineno=1140)
          20	STORE_FAST(arg=3, lineno=1140)
          22	LOAD_FAST_BORROW(arg=1, lineno=1141)
          24	UNARY_NEGATIVE(arg=None, lineno=1141)
          26	LOAD_FAST(arg=3, lineno=1141)
          28	SWAP(arg=2, lineno=1141)
          30	COPY(arg=2, lineno=1141)
          32	COMPARE_OP(arg=58, lineno=1141)
          36	POP_JUMP_IF_FALSE(arg=8, lineno=1141)
          40	NOT_TAKEN(arg=None, lineno=1141)
          42	LOAD_FAST_BORROW(arg=1, lineno=1141)
          44	COMPARE_OP(arg=58, lineno=1141)
          48	POP_JUMP_IF_FALSE(arg=6, lineno=1141)
          52	NOT_TAKEN(arg=None, lineno=1141)
          54	JUMP_FORWARD(arg=2, lineno=1141)
>         56	POP_TOP(arg=None, lineno=1141)
          58	JUMP_FORWARD(arg=2, lineno=1141)
>         60	LOAD_SMALL_INT(arg=0, lineno=1142)
          62	STORE_FAST(arg=3, lineno=1142)
>         64	LOAD_FAST_BORROW(arg=0, lineno=1144)
          66	LOAD_CONST(arg=1, lineno=1144)
          68	BINARY_OP(arg=26, lineno=1144)
          80	STORE_FAST(arg=4, lineno=1144)
          82	LOAD_FAST_BORROW(arg=1, lineno=1145)
          84	UNARY_NEGATIVE(arg=None, lineno=1145)
          86	LOAD_FAST(arg=4, lineno=1145)
          88	SWAP(arg=2, lineno=1145)
          90	COPY(arg=2, lineno=1145)
          92	COMPARE_OP(arg=58, lineno=1145)
          96	POP_JUMP_IF_FALSE(arg=8, lineno=1145)
         100	NOT_TAKEN(arg=None, lineno=1145)
         102	LOAD_FAST_BORROW(arg=1, lineno=1145)
         104	COMPARE_OP(arg=58, lineno=1145)
         108	POP_JUMP_IF_FALSE(arg=6, lineno=1145)
         112	NOT_TAKEN(arg=None, lineno=1145)
         114	JUMP_FORWARD(arg=2, lineno=1145)
>        116	POP_TOP(arg=None, lineno=1145)
         118	JUMP_FORWARD(arg=2, lineno=1145)
>        120	LOAD_SMALL_INT(arg=0, lineno=1146)
         122	STORE_FAST(arg=4, lineno=1146)
>        124	LOAD_FAST_BORROW(arg=2, lineno=1148)
         126	TO_BOOL(arg=None, lineno=1148)
         134	POP_JUMP_IF_FALSE(arg=46, lineno=1148)
         138	NOT_TAKEN(arg=None, lineno=1148)
         140	LOAD_GLOBAL(arg=0, lineno=1149)
         150	LOAD_ATTR(arg=2, lineno=1149)
         170	PUSH_NULL(arg=None, lineno=1149)
         172	LOAD_FAST_BORROW(arg=3, lineno=1149)
         174	CALL(arg=1, lineno=1149)
         182	LOAD_GLOBAL(arg=0, lineno=1149)
         192	LOAD_ATTR(arg=2, lineno=1149)
         212	PUSH_NULL(arg=None, lineno=1149)
         214	LOAD_FAST_BORROW(arg=4, lineno=1149)
         216	CALL(arg=1, lineno=1149)
         224	COMPARE_OP(arg=103, lineno=1149)
         228	RETURN_VALUE(arg=None, lineno=1149)
>        230	LOAD_GLOBAL(arg=0, lineno=1151)
         240	LOAD_ATTR(arg=4, lineno=1151)
         260	PUSH_NULL(arg=None, lineno=1151)
         262	LOAD_FAST_BORROW(arg=3, lineno=1151)
         264	CALL(arg=1, lineno=1151)
         272	LOAD_GLOBAL(arg=0, lineno=1151)
         282	LOAD_ATTR(arg=4, lineno=1151)
         302	PUSH_NULL(arg=None, lineno=1151)
         304	LOAD_FAST_BORROW(arg=4, lineno=1151)
         306	CALL(arg=1, lineno=1151)
         314	COMPARE_OP(arg=103, lineno=1151)
         318	RETURN_VALUE(arg=None, lineno=1151)
2026-02-19 08:04:47,880 - DEBUG - pending: deque([State(pc_initial=0 nstack_initial=0)])
2026-02-19 08:04:47,884 - DEBUG - stack: []
2026-02-19 08:04:47,884 - DEBUG - state.pc_initial: State(pc_initial=0 nstack_initial=0)
2026-02-19 08:04:47,884 - DEBUG - dispatch pc=0, inst=NOP(arg=None, lineno=1137)
2026-02-19 08:04:47,884 - DEBUG - stack []
2026-02-19 08:04:47,884 - DEBUG - dispatch pc=2, inst=RESUME(arg=0, lineno=1137)
2026-02-19 08:04:47,884 - DEBUG - stack []
2026-02-19 08:04:47,884 - DEBUG - dispatch pc=4, inst=LOAD_FAST_BORROW(arg=0, lineno=1140)
2026-02-19 08:04:47,884 - DEBUG - stack []
2026-02-19 08:04:47,884 - DEBUG - dispatch pc=6, inst=LOAD_SMALL_INT(arg=0, lineno=1140)
2026-02-19 08:04:47,884 - DEBUG - stack ['$x4.0']
2026-02-19 08:04:47,884 - DEBUG - dispatch pc=8, inst=BINARY_OP(arg=26, lineno=1140)
2026-02-19 08:04:47,884 - DEBUG - stack ['$x4.0', '$const6.1.0']
2026-02-19 08:04:47,884 - DEBUG - dispatch pc=20, inst=STORE_FAST(arg=3, lineno=1140)
2026-02-19 08:04:47,884 - DEBUG - stack ['$8binary_op.2']
2026-02-19 08:04:47,884 - DEBUG - dispatch pc=22, inst=LOAD_FAST_BORROW(arg=1, lineno=1141)
2026-02-19 08:04:47,884 - DEBUG - stack []
2026-02-19 08:04:47,885 - DEBUG - dispatch pc=24, inst=UNARY_NEGATIVE(arg=None, lineno=1141)
2026-02-19 08:04:47,885 - DEBUG - stack ['$threshold22.3']
2026-02-19 08:04:47,885 - DEBUG - dispatch pc=26, inst=LOAD_FAST(arg=3, lineno=1141)
2026-02-19 08:04:47,885 - DEBUG - stack ['$24unary_negative.4']
2026-02-19 08:04:47,885 - DEBUG - dispatch pc=28, inst=SWAP(arg=2, lineno=1141)
2026-02-19 08:04:47,885 - DEBUG - stack ['$24unary_negative.4', '$x026.5']
2026-02-19 08:04:47,885 - DEBUG - dispatch pc=30, inst=COPY(arg=2, lineno=1141)
2026-02-19 08:04:47,885 - DEBUG - stack ['$x026.5', '$24unary_negative.4']
2026-02-19 08:04:47,885 - DEBUG - dispatch pc=32, inst=COMPARE_OP(arg=58, lineno=1141)
2026-02-19 08:04:47,885 - DEBUG - stack ['$x026.5', '$24unary_negative.4', '$x026.5']
2026-02-19 08:04:47,885 - DEBUG - dispatch pc=36, inst=POP_JUMP_IF_FALSE(arg=8, lineno=1141)
2026-02-19 08:04:47,885 - DEBUG - stack ['$x026.5', '$32compare_op.6']
2026-02-19 08:04:47,885 - DEBUG - end state. edges=[Edge(pc=40, stack=('$x026.5',), blockstack=(), npush=0), Edge(pc=56, stack=('$x026.5',), blockstack=(), npush=0)]
2026-02-19 08:04:47,885 - DEBUG - pending: deque([State(pc_initial=40 nstack_initial=1), State(pc_initial=56 nstack_initial=1)])
2026-02-19 08:04:47,885 - DEBUG - stack: ['$phi40.0']
2026-02-19 08:04:47,885 - DEBUG - state.pc_initial: State(pc_initial=40 nstack_initial=1)
2026-02-19 08:04:47,885 - DEBUG - dispatch pc=40, inst=NOT_TAKEN(arg=None, lineno=1141)
2026-02-19 08:04:47,885 - DEBUG - stack ['$phi40.0']
2026-02-19 08:04:47,885 - DEBUG - dispatch pc=42, inst=LOAD_FAST_BORROW(arg=1, lineno=1141)
2026-02-19 08:04:47,885 - DEBUG - stack ['$phi40.0']
2026-02-19 08:04:47,885 - DEBUG - dispatch pc=44, inst=COMPARE_OP(arg=58, lineno=1141)
2026-02-19 08:04:47,885 - DEBUG - stack ['$phi40.0', '$threshold42.1']
2026-02-19 08:04:47,885 - DEBUG - dispatch pc=48, inst=POP_JUMP_IF_FALSE(arg=6, lineno=1141)
2026-02-19 08:04:47,885 - DEBUG - stack ['$44compare_op.2']
2026-02-19 08:04:47,885 - DEBUG - end state. edges=[Edge(pc=52, stack=(), blockstack=(), npush=0), Edge(pc=64, stack=(), blockstack=(), npush=0)]
2026-02-19 08:04:47,886 - DEBUG - pending: deque([State(pc_initial=56 nstack_initial=1), State(pc_initial=52 nstack_initial=0), State(pc_initial=64 nstack_initial=0)])
2026-02-19 08:04:47,886 - DEBUG - stack: ['$phi56.0']
2026-02-19 08:04:47,886 - DEBUG - state.pc_initial: State(pc_initial=56 nstack_initial=1)
2026-02-19 08:04:47,886 - DEBUG - dispatch pc=56, inst=POP_TOP(arg=None, lineno=1141)
2026-02-19 08:04:47,886 - DEBUG - stack ['$phi56.0']
2026-02-19 08:04:47,886 - DEBUG - dispatch pc=58, inst=JUMP_FORWARD(arg=2, lineno=1141)
2026-02-19 08:04:47,886 - DEBUG - stack []
2026-02-19 08:04:47,886 - DEBUG - end state. edges=[Edge(pc=64, stack=(), blockstack=(), npush=0)]
2026-02-19 08:04:47,886 - DEBUG - pending: deque([State(pc_initial=52 nstack_initial=0), State(pc_initial=64 nstack_initial=0), State(pc_initial=64 nstack_initial=0)])
2026-02-19 08:04:47,886 - DEBUG - stack: []
2026-02-19 08:04:47,886 - DEBUG - state.pc_initial: State(pc_initial=52 nstack_initial=0)
2026-02-19 08:04:47,886 - DEBUG - dispatch pc=52, inst=NOT_TAKEN(arg=None, lineno=1141)
2026-02-19 08:04:47,886 - DEBUG - stack []
2026-02-19 08:04:47,886 - DEBUG - dispatch pc=54, inst=JUMP_FORWARD(arg=2, lineno=1141)
2026-02-19 08:04:47,886 - DEBUG - stack []
2026-02-19 08:04:47,886 - DEBUG - end state. edges=[Edge(pc=60, stack=(), blockstack=(), npush=0)]
2026-02-19 08:04:47,886 - DEBUG - pending: deque([State(pc_initial=64 nstack_initial=0), State(pc_initial=64 nstack_initial=0), State(pc_initial=60 nstack_initial=0)])
2026-02-19 08:04:47,886 - DEBUG - stack: []
2026-02-19 08:04:47,886 - DEBUG - state.pc_initial: State(pc_initial=64 nstack_initial=0)
2026-02-19 08:04:47,886 - DEBUG - dispatch pc=64, inst=LOAD_FAST_BORROW(arg=0, lineno=1144)
2026-02-19 08:04:47,886 - DEBUG - stack []
2026-02-19 08:04:47,886 - DEBUG - dispatch pc=66, inst=LOAD_CONST(arg=1, lineno=1144)
2026-02-19 08:04:47,886 - DEBUG - stack ['$x64.0']
2026-02-19 08:04:47,886 - DEBUG - dispatch pc=68, inst=BINARY_OP(arg=26, lineno=1144)
2026-02-19 08:04:47,886 - DEBUG - stack ['$x64.0', '$const66.1.1']
2026-02-19 08:04:47,886 - DEBUG - dispatch pc=80, inst=STORE_FAST(arg=4, lineno=1144)
2026-02-19 08:04:47,886 - DEBUG - stack ['$68binary_op.2']
2026-02-19 08:04:47,886 - DEBUG - dispatch pc=82, inst=LOAD_FAST_BORROW(arg=1, lineno=1145)
2026-02-19 08:04:47,886 - DEBUG - stack []
2026-02-19 08:04:47,887 - DEBUG - dispatch pc=84, inst=UNARY_NEGATIVE(arg=None, lineno=1145)
2026-02-19 08:04:47,887 - DEBUG - stack ['$threshold82.3']
2026-02-19 08:04:47,887 - DEBUG - dispatch pc=86, inst=LOAD_FAST(arg=4, lineno=1145)
2026-02-19 08:04:47,887 - DEBUG - stack ['$84unary_negative.4']
2026-02-19 08:04:47,887 - DEBUG - dispatch pc=88, inst=SWAP(arg=2, lineno=1145)
2026-02-19 08:04:47,887 - DEBUG - stack ['$84unary_negative.4', '$x186.5']
2026-02-19 08:04:47,887 - DEBUG - dispatch pc=90, inst=COPY(arg=2, lineno=1145)
2026-02-19 08:04:47,887 - DEBUG - stack ['$x186.5', '$84unary_negative.4']
2026-02-19 08:04:47,887 - DEBUG - dispatch pc=92, inst=COMPARE_OP(arg=58, lineno=1145)
2026-02-19 08:04:47,887 - DEBUG - stack ['$x186.5', '$84unary_negative.4', '$x186.5']
2026-02-19 08:04:47,887 - DEBUG - dispatch pc=96, inst=POP_JUMP_IF_FALSE(arg=8, lineno=1145)
2026-02-19 08:04:47,887 - DEBUG - stack ['$x186.5', '$92compare_op.6']
2026-02-19 08:04:47,887 - DEBUG - end state. edges=[Edge(pc=100, stack=('$x186.5',), blockstack=(), npush=0), Edge(pc=116, stack=('$x186.5',), blockstack=(), npush=0)]
2026-02-19 08:04:47,887 - DEBUG - pending: deque([State(pc_initial=64 nstack_initial=0), State(pc_initial=60 nstack_initial=0), State(pc_initial=100 nstack_initial=1), State(pc_initial=116 nstack_initial=1)])
2026-02-19 08:04:47,887 - DEBUG - pending: deque([State(pc_initial=60 nstack_initial=0), State(pc_initial=100 nstack_initial=1), State(pc_initial=116 nstack_initial=1)])
2026-02-19 08:04:47,887 - DEBUG - stack: []
2026-02-19 08:04:47,887 - DEBUG - state.pc_initial: State(pc_initial=60 nstack_initial=0)
2026-02-19 08:04:47,887 - DEBUG - dispatch pc=60, inst=LOAD_SMALL_INT(arg=0, lineno=1142)
2026-02-19 08:04:47,887 - DEBUG - stack []
2026-02-19 08:04:47,887 - DEBUG - dispatch pc=62, inst=STORE_FAST(arg=3, lineno=1142)
2026-02-19 08:04:47,887 - DEBUG - stack ['$const60.0.0']
2026-02-19 08:04:47,887 - DEBUG - end state. edges=[Edge(pc=64, stack=(), blockstack=(), npush=0)]
2026-02-19 08:04:47,887 - DEBUG - pending: deque([State(pc_initial=100 nstack_initial=1), State(pc_initial=116 nstack_initial=1), State(pc_initial=64 nstack_initial=0)])
2026-02-19 08:04:47,887 - DEBUG - stack: ['$phi100.0']
2026-02-19 08:04:47,887 - DEBUG - state.pc_initial: State(pc_initial=100 nstack_initial=1)
2026-02-19 08:04:47,887 - DEBUG - dispatch pc=100, inst=NOT_TAKEN(arg=None, lineno=1145)
2026-02-19 08:04:47,887 - DEBUG - stack ['$phi100.0']
2026-02-19 08:04:47,888 - DEBUG - dispatch pc=102, inst=LOAD_FAST_BORROW(arg=1, lineno=1145)
2026-02-19 08:04:47,888 - DEBUG - stack ['$phi100.0']
2026-02-19 08:04:47,888 - DEBUG - dispatch pc=104, inst=COMPARE_OP(arg=58, lineno=1145)
2026-02-19 08:04:47,888 - DEBUG - stack ['$phi100.0', '$threshold102.1']
2026-02-19 08:04:47,888 - DEBUG - dispatch pc=108, inst=POP_JUMP_IF_FALSE(arg=6, lineno=1145)
2026-02-19 08:04:47,888 - DEBUG - stack ['$104compare_op.2']
2026-02-19 08:04:47,888 - DEBUG - end state. edges=[Edge(pc=112, stack=(), blockstack=(), npush=0), Edge(pc=124, stack=(), blockstack=(), npush=0)]
2026-02-19 08:04:47,888 - DEBUG - pending: deque([State(pc_initial=116 nstack_initial=1), State(pc_initial=64 nstack_initial=0), State(pc_initial=112 nstack_initial=0), State(pc_initial=124 nstack_initial=0)])
2026-02-19 08:04:47,888 - DEBUG - stack: ['$phi116.0']
2026-02-19 08:04:47,888 - DEBUG - state.pc_initial: State(pc_initial=116 nstack_initial=1)
2026-02-19 08:04:47,888 - DEBUG - dispatch pc=116, inst=POP_TOP(arg=None, lineno=1145)
2026-02-19 08:04:47,888 - DEBUG - stack ['$phi116.0']
2026-02-19 08:04:47,888 - DEBUG - dispatch pc=118, inst=JUMP_FORWARD(arg=2, lineno=1145)
2026-02-19 08:04:47,888 - DEBUG - stack []
2026-02-19 08:04:47,888 - DEBUG - end state. edges=[Edge(pc=124, stack=(), blockstack=(), npush=0)]
2026-02-19 08:04:47,888 - DEBUG - pending: deque([State(pc_initial=64 nstack_initial=0), State(pc_initial=112 nstack_initial=0), State(pc_initial=124 nstack_initial=0), State(pc_initial=124 nstack_initial=0)])
2026-02-19 08:04:47,888 - DEBUG - pending: deque([State(pc_initial=112 nstack_initial=0), State(pc_initial=124 nstack_initial=0), State(pc_initial=124 nstack_initial=0)])
2026-02-19 08:04:47,888 - DEBUG - stack: []
2026-02-19 08:04:47,888 - DEBUG - state.pc_initial: State(pc_initial=112 nstack_initial=0)
2026-02-19 08:04:47,888 - DEBUG - dispatch pc=112, inst=NOT_TAKEN(arg=None, lineno=1145)
2026-02-19 08:04:47,888 - DEBUG - stack []
2026-02-19 08:04:47,888 - DEBUG - dispatch pc=114, inst=JUMP_FORWARD(arg=2, lineno=1145)
2026-02-19 08:04:47,888 - DEBUG - stack []
2026-02-19 08:04:47,888 - DEBUG - end state. edges=[Edge(pc=120, stack=(), blockstack=(), npush=0)]
2026-02-19 08:04:47,888 - DEBUG - pending: deque([State(pc_initial=124 nstack_initial=0), State(pc_initial=124 nstack_initial=0), State(pc_initial=120 nstack_initial=0)])
2026-02-19 08:04:47,888 - DEBUG - stack: []
2026-02-19 08:04:47,888 - DEBUG - state.pc_initial: State(pc_initial=124 nstack_initial=0)
2026-02-19 08:04:47,888 - DEBUG - dispatch pc=124, inst=LOAD_FAST_BORROW(arg=2, lineno=1148)
2026-02-19 08:04:47,889 - DEBUG - stack []
2026-02-19 08:04:47,889 - DEBUG - dispatch pc=126, inst=TO_BOOL(arg=None, lineno=1148)
2026-02-19 08:04:47,889 - DEBUG - stack ['$zero_pos124.0']
2026-02-19 08:04:47,889 - DEBUG - dispatch pc=134, inst=POP_JUMP_IF_FALSE(arg=46, lineno=1148)
2026-02-19 08:04:47,889 - DEBUG - stack ['$126to_bool.1']
2026-02-19 08:04:47,889 - DEBUG - end state. edges=[Edge(pc=138, stack=(), blockstack=(), npush=0), Edge(pc=230, stack=(), blockstack=(), npush=0)]
2026-02-19 08:04:47,889 - DEBUG - pending: deque([State(pc_initial=124 nstack_initial=0), State(pc_initial=120 nstack_initial=0), State(pc_initial=138 nstack_initial=0), State(pc_initial=230 nstack_initial=0)])
2026-02-19 08:04:47,889 - DEBUG - pending: deque([State(pc_initial=120 nstack_initial=0), State(pc_initial=138 nstack_initial=0), State(pc_initial=230 nstack_initial=0)])
2026-02-19 08:04:47,889 - DEBUG - stack: []
2026-02-19 08:04:47,889 - DEBUG - state.pc_initial: State(pc_initial=120 nstack_initial=0)
2026-02-19 08:04:47,889 - DEBUG - dispatch pc=120, inst=LOAD_SMALL_INT(arg=0, lineno=1146)
2026-02-19 08:04:47,889 - DEBUG - stack []
2026-02-19 08:04:47,889 - DEBUG - dispatch pc=122, inst=STORE_FAST(arg=4, lineno=1146)
2026-02-19 08:04:47,889 - DEBUG - stack ['$const120.0.0']
2026-02-19 08:04:47,889 - DEBUG - end state. edges=[Edge(pc=124, stack=(), blockstack=(), npush=0)]
2026-02-19 08:04:47,889 - DEBUG - pending: deque([State(pc_initial=138 nstack_initial=0), State(pc_initial=230 nstack_initial=0), State(pc_initial=124 nstack_initial=0)])
2026-02-19 08:04:47,889 - DEBUG - stack: []
2026-02-19 08:04:47,889 - DEBUG - state.pc_initial: State(pc_initial=138 nstack_initial=0)
2026-02-19 08:04:47,889 - DEBUG - dispatch pc=138, inst=NOT_TAKEN(arg=None, lineno=1148)
2026-02-19 08:04:47,889 - DEBUG - stack []
2026-02-19 08:04:47,889 - DEBUG - dispatch pc=140, inst=LOAD_GLOBAL(arg=0, lineno=1149)
2026-02-19 08:04:47,889 - DEBUG - stack []
2026-02-19 08:04:47,889 - DEBUG - dispatch pc=150, inst=LOAD_ATTR(arg=2, lineno=1149)
2026-02-19 08:04:47,889 - DEBUG - stack ['$140load_global.0']
2026-02-19 08:04:47,889 - DEBUG - dispatch pc=170, inst=PUSH_NULL(arg=None, lineno=1149)
2026-02-19 08:04:47,889 - DEBUG - stack ['$150load_attr.1']
2026-02-19 08:04:47,889 - DEBUG - dispatch pc=172, inst=LOAD_FAST_BORROW(arg=3, lineno=1149)
2026-02-19 08:04:47,889 - DEBUG - stack ['$150load_attr.1', '$null$170.2']
2026-02-19 08:04:47,889 - DEBUG - dispatch pc=174, inst=CALL(arg=1, lineno=1149)
2026-02-19 08:04:47,890 - DEBUG - stack ['$150load_attr.1', '$null$170.2', '$x0172.3']
2026-02-19 08:04:47,890 - DEBUG - dispatch pc=182, inst=LOAD_GLOBAL(arg=0, lineno=1149)
2026-02-19 08:04:47,890 - DEBUG - stack ['$174call.4']
2026-02-19 08:04:47,890 - DEBUG - dispatch pc=192, inst=LOAD_ATTR(arg=2, lineno=1149)
2026-02-19 08:04:47,890 - DEBUG - stack ['$174call.4', '$182load_global.5']
2026-02-19 08:04:47,890 - DEBUG - dispatch pc=212, inst=PUSH_NULL(arg=None, lineno=1149)
2026-02-19 08:04:47,890 - DEBUG - stack ['$174call.4', '$192load_attr.6']
2026-02-19 08:04:47,890 - DEBUG - dispatch pc=214, inst=LOAD_FAST_BORROW(arg=4, lineno=1149)
2026-02-19 08:04:47,890 - DEBUG - stack ['$174call.4', '$192load_attr.6', '$null$212.7']
2026-02-19 08:04:47,890 - DEBUG - dispatch pc=216, inst=CALL(arg=1, lineno=1149)
2026-02-19 08:04:47,890 - DEBUG - stack ['$174call.4', '$192load_attr.6', '$null$212.7', '$x1214.8']
2026-02-19 08:04:47,890 - DEBUG - dispatch pc=224, inst=COMPARE_OP(arg=103, lineno=1149)
2026-02-19 08:04:47,890 - DEBUG - stack ['$174call.4', '$216call.9']
2026-02-19 08:04:47,890 - DEBUG - dispatch pc=228, inst=RETURN_VALUE(arg=None, lineno=1149)
2026-02-19 08:04:47,890 - DEBUG - stack ['$224compare_op.10']
2026-02-19 08:04:47,890 - DEBUG - end state. edges=[]
2026-02-19 08:04:47,890 - DEBUG - pending: deque([State(pc_initial=230 nstack_initial=0), State(pc_initial=124 nstack_initial=0)])
2026-02-19 08:04:47,890 - DEBUG - stack: []
2026-02-19 08:04:47,890 - DEBUG - state.pc_initial: State(pc_initial=230 nstack_initial=0)
2026-02-19 08:04:47,890 - DEBUG - dispatch pc=230, inst=LOAD_GLOBAL(arg=0, lineno=1151)
2026-02-19 08:04:47,890 - DEBUG - stack []
2026-02-19 08:04:47,890 - DEBUG - dispatch pc=240, inst=LOAD_ATTR(arg=4, lineno=1151)
2026-02-19 08:04:47,890 - DEBUG - stack ['$230load_global.0']
2026-02-19 08:04:47,890 - DEBUG - dispatch pc=260, inst=PUSH_NULL(arg=None, lineno=1151)
2026-02-19 08:04:47,890 - DEBUG - stack ['$240load_attr.1']
2026-02-19 08:04:47,890 - DEBUG - dispatch pc=262, inst=LOAD_FAST_BORROW(arg=3, lineno=1151)
2026-02-19 08:04:47,890 - DEBUG - stack ['$240load_attr.1', '$null$260.2']
2026-02-19 08:04:47,890 - DEBUG - dispatch pc=264, inst=CALL(arg=1, lineno=1151)
2026-02-19 08:04:47,891 - DEBUG - stack ['$240load_attr.1', '$null$260.2', '$x0262.3']
2026-02-19 08:04:47,891 - DEBUG - dispatch pc=272, inst=LOAD_GLOBAL(arg=0, lineno=1151)
2026-02-19 08:04:47,891 - DEBUG - stack ['$264call.4']
2026-02-19 08:04:47,891 - DEBUG - dispatch pc=282, inst=LOAD_ATTR(arg=4, lineno=1151)
2026-02-19 08:04:47,891 - DEBUG - stack ['$264call.4', '$272load_global.5']
2026-02-19 08:04:47,891 - DEBUG - dispatch pc=302, inst=PUSH_NULL(arg=None, lineno=1151)
2026-02-19 08:04:47,891 - DEBUG - stack ['$264call.4', '$282load_attr.6']
2026-02-19 08:04:47,891 - DEBUG - dispatch pc=304, inst=LOAD_FAST_BORROW(arg=4, lineno=1151)
2026-02-19 08:04:47,891 - DEBUG - stack ['$264call.4', '$282load_attr.6', '$null$302.7']
2026-02-19 08:04:47,891 - DEBUG - dispatch pc=306, inst=CALL(arg=1, lineno=1151)
2026-02-19 08:04:47,891 - DEBUG - stack ['$264call.4', '$282load_attr.6', '$null$302.7', '$x1304.8']
2026-02-19 08:04:47,891 - DEBUG - dispatch pc=314, inst=COMPARE_OP(arg=103, lineno=1151)
2026-02-19 08:04:47,891 - DEBUG - stack ['$264call.4', '$306call.9']
2026-02-19 08:04:47,891 - DEBUG - dispatch pc=318, inst=RETURN_VALUE(arg=None, lineno=1151)
2026-02-19 08:04:47,891 - DEBUG - stack ['$314compare_op.10']
2026-02-19 08:04:47,891 - DEBUG - end state. edges=[]
2026-02-19 08:04:47,891 - DEBUG - pending: deque([State(pc_initial=124 nstack_initial=0)])
2026-02-19 08:04:47,891 - DEBUG - -------------------------Prune PHIs-------------------------
2026-02-19 08:04:47,891 - DEBUG - Used_phis: defaultdict(<class 'set'>,
            {State(pc_initial=0 nstack_initial=0): set(),
             State(pc_initial=40 nstack_initial=1): {'$phi40.0'},
             State(pc_initial=52 nstack_initial=0): set(),
             State(pc_initial=56 nstack_initial=1): set(),
             State(pc_initial=60 nstack_initial=0): set(),
             State(pc_initial=64 nstack_initial=0): set(),
             State(pc_initial=100 nstack_initial=1): {'$phi100.0'},
             State(pc_initial=112 nstack_initial=0): set(),
             State(pc_initial=116 nstack_initial=1): set(),
             State(pc_initial=120 nstack_initial=0): set(),
             State(pc_initial=124 nstack_initial=0): set(),
             State(pc_initial=138 nstack_initial=0): set(),
             State(pc_initial=230 nstack_initial=0): set()})
2026-02-19 08:04:47,891 - DEBUG - defmap: {'$phi100.0': State(pc_initial=64 nstack_initial=0),
 '$phi116.0': State(pc_initial=64 nstack_initial=0),
 '$phi40.0': State(pc_initial=0 nstack_initial=0),
 '$phi56.0': State(pc_initial=0 nstack_initial=0)}
2026-02-19 08:04:47,892 - DEBUG - phismap: defaultdict(<class 'set'>,
            {'$phi100.0': {('$x186.5', State(pc_initial=64 nstack_initial=0))},
             '$phi116.0': {('$x186.5', State(pc_initial=64 nstack_initial=0))},
             '$phi40.0': {('$x026.5', State(pc_initial=0 nstack_initial=0))},
             '$phi56.0': {('$x026.5', State(pc_initial=0 nstack_initial=0))}})
2026-02-19 08:04:47,892 - DEBUG - changing phismap: defaultdict(<class 'set'>,
            {'$phi100.0': {('$x186.5', State(pc_initial=64 nstack_initial=0))},
             '$phi116.0': {('$x186.5', State(pc_initial=64 nstack_initial=0))},
             '$phi40.0': {('$x026.5', State(pc_initial=0 nstack_initial=0))},
             '$phi56.0': {('$x026.5', State(pc_initial=0 nstack_initial=0))}})
2026-02-19 08:04:47,892 - DEBUG - keep phismap: {'$phi100.0': {('$x186.5', State(pc_initial=64 nstack_initial=0))},
 '$phi40.0': {('$x026.5', State(pc_initial=0 nstack_initial=0))}}
2026-02-19 08:04:47,892 - DEBUG - new_out: defaultdict(<class 'dict'>,
            {State(pc_initial=0 nstack_initial=0): {'$phi40.0': '$x026.5'},
             State(pc_initial=64 nstack_initial=0): {'$phi100.0': '$x186.5'}})
2026-02-19 08:04:47,892 - DEBUG - ----------------------DONE Prune PHIs-----------------------
2026-02-19 08:04:47,892 - DEBUG - block_infos State(pc_initial=0 nstack_initial=0):
AdaptBlockInfo(insts=((0, {}), (2, {}), (4, {'res': '$x4.0'}), (6, {'res': '$const6.1.0'}), (8, {'op': '[]', 'lhs': '$x4.0', 'rhs': '$const6.1.0', 'res': '$8binary_op.2'}), (20, {'value': '$8binary_op.2'}), (22, {'res': '$threshold22.3'}), (24, {'value': '$threshold22.3', 'res': '$24unary_negative.4'}), (26, {'res': '$x026.5'}), (32, {'lhs': '$24unary_negative.4', 'rhs': '$x026.5', 'res': '$32compare_op.6'}), (36, {'pred': '$32compare_op.6'})), outgoing_phis={'$phi40.0': '$x026.5'}, blockstack=(), active_try_block=None, outgoing_edgepushed={40: ('$x026.5',), 56: ('$x026.5',)})
2026-02-19 08:04:47,892 - DEBUG - block_infos State(pc_initial=40 nstack_initial=1):
AdaptBlockInfo(insts=((40, {}), (42, {'res': '$threshold42.1'}), (44, {'lhs': '$phi40.0', 'rhs': '$threshold42.1', 'res': '$44compare_op.2'}), (48, {'pred': '$44compare_op.2'})), outgoing_phis={}, blockstack=(), active_try_block=None, outgoing_edgepushed={52: (), 64: ()})
2026-02-19 08:04:47,892 - DEBUG - block_infos State(pc_initial=52 nstack_initial=0):
AdaptBlockInfo(insts=((52, {}), (54, {})), outgoing_phis={}, blockstack=(), active_try_block=None, outgoing_edgepushed={60: ()})
2026-02-19 08:04:47,892 - DEBUG - block_infos State(pc_initial=56 nstack_initial=1):
AdaptBlockInfo(insts=((58, {}),), outgoing_phis={}, blockstack=(), active_try_block=None, outgoing_edgepushed={64: ()})
2026-02-19 08:04:47,892 - DEBUG - block_infos State(pc_initial=60 nstack_initial=0):
AdaptBlockInfo(insts=((60, {'res': '$const60.0.0'}), (62, {'value': '$const60.0.0'})), outgoing_phis={}, blockstack=(), active_try_block=None, outgoing_edgepushed={64: ()})
2026-02-19 08:04:47,892 - DEBUG - block_infos State(pc_initial=64 nstack_initial=0):
AdaptBlockInfo(insts=((64, {'res': '$x64.0'}), (66, {'res': '$const66.1.1'}), (68, {'op': '[]', 'lhs': '$x64.0', 'rhs': '$const66.1.1', 'res': '$68binary_op.2'}), (80, {'value': '$68binary_op.2'}), (82, {'res': '$threshold82.3'}), (84, {'value': '$threshold82.3', 'res': '$84unary_negative.4'}), (86, {'res': '$x186.5'}), (92, {'lhs': '$84unary_negative.4', 'rhs': '$x186.5', 'res': '$92compare_op.6'}), (96, {'pred': '$92compare_op.6'})), outgoing_phis={'$phi100.0': '$x186.5'}, blockstack=(), active_try_block=None, outgoing_edgepushed={100: ('$x186.5',), 116: ('$x186.5',)})
2026-02-19 08:04:47,892 - DEBUG - block_infos State(pc_initial=100 nstack_initial=1):
AdaptBlockInfo(insts=((100, {}), (102, {'res': '$threshold102.1'}), (104, {'lhs': '$phi100.0', 'rhs': '$threshold102.1', 'res': '$104compare_op.2'}), (108, {'pred': '$104compare_op.2'})), outgoing_phis={}, blockstack=(), active_try_block=None, outgoing_edgepushed={112: (), 124: ()})
2026-02-19 08:04:47,892 - DEBUG - block_infos State(pc_initial=112 nstack_initial=0):
AdaptBlockInfo(insts=((112, {}), (114, {})), outgoing_phis={}, blockstack=(), active_try_block=None, outgoing_edgepushed={120: ()})
2026-02-19 08:04:47,892 - DEBUG - block_infos State(pc_initial=116 nstack_initial=1):
AdaptBlockInfo(insts=((118, {}),), outgoing_phis={}, blockstack=(), active_try_block=None, outgoing_edgepushed={124: ()})
2026-02-19 08:04:47,892 - DEBUG - block_infos State(pc_initial=120 nstack_initial=0):
AdaptBlockInfo(insts=((120, {'res': '$const120.0.0'}), (122, {'value': '$const120.0.0'})), outgoing_phis={}, blockstack=(), active_try_block=None, outgoing_edgepushed={124: ()})
2026-02-19 08:04:47,892 - DEBUG - block_infos State(pc_initial=124 nstack_initial=0):
AdaptBlockInfo(insts=((124, {'res': '$zero_pos124.0'}), (126, {'val': '$zero_pos124.0', 'res': '$126to_bool.1'}), (134, {'pred': '$126to_bool.1'})), outgoing_phis={}, blockstack=(), active_try_block=None, outgoing_edgepushed={138: (), 230: ()})
2026-02-19 08:04:47,892 - DEBUG - block_infos State(pc_initial=138 nstack_initial=0):
AdaptBlockInfo(insts=((138, {}), (140, {'idx': 0, 'res': '$140load_global.0'}), (150, {'item': '$140load_global.0', 'res': '$150load_attr.1'}), (170, {}), (172, {'res': '$x0172.3'}), (174, {'func': '$150load_attr.1', 'args': ['$x0172.3'], 'kw_names': None, 'res': '$174call.4'}), (182, {'idx': 0, 'res': '$182load_global.5'}), (192, {'item': '$182load_global.5', 'res': '$192load_attr.6'}), (212, {}), (214, {'res': '$x1214.8'}), (216, {'func': '$192load_attr.6', 'args': ['$x1214.8'], 'kw_names': None, 'res': '$216call.9'}), (224, {'lhs': '$174call.4', 'rhs': '$216call.9', 'res': '$224compare_op.10'}), (228, {'retval': '$224compare_op.10', 'castval': '$228return_value.11'})), outgoing_phis={}, blockstack=(), active_try_block=None, outgoing_edgepushed={})
2026-02-19 08:04:47,892 - DEBUG - block_infos State(pc_initial=230 nstack_initial=0):
AdaptBlockInfo(insts=((230, {'idx': 0, 'res': '$230load_global.0'}), (240, {'item': '$230load_global.0', 'res': '$240load_attr.1'}), (260, {}), (262, {'res': '$x0262.3'}), (264, {'func': '$240load_attr.1', 'args': ['$x0262.3'], 'kw_names': None, 'res': '$264call.4'}), (272, {'idx': 0, 'res': '$272load_global.5'}), (282, {'item': '$272load_global.5', 'res': '$282load_attr.6'}), (302, {}), (304, {'res': '$x1304.8'}), (306, {'func': '$282load_attr.6', 'args': ['$x1304.8'], 'kw_names': None, 'res': '$306call.9'}), (314, {'lhs': '$264call.4', 'rhs': '$306call.9', 'res': '$314compare_op.10'}), (318, {'retval': '$314compare_op.10', 'castval': '$318return_value.11'})), outgoing_phis={}, blockstack=(), active_try_block=None, outgoing_edgepushed={})
2026-02-19 08:04:47,894 - DEBUG - label 0:
    x = arg(0, name=x)                       ['x']
    threshold = arg(1, name=threshold)       ['threshold']
    zero_pos = arg(2, name=zero_pos)         ['zero_pos']
    $const6.1.0 = const(int, 0)              ['$const6.1.0']
    x0 = getitem(value=x, index=$const6.1.0, fn=<built-in function getitem>) ['$const6.1.0', 'x', 'x0']
    $24unary_negative.4 = unary(fn=<built-in function neg>, value=threshold) ['$24unary_negative.4', 'threshold']
    $32compare_op.6 = $24unary_negative.4 <= x0 ['$24unary_negative.4', '$32compare_op.6', 'x0']
    $bool36 = global(bool: <class 'bool'>)   ['$bool36']
    $36pred = call $bool36($32compare_op.6, func=$bool36, args=(Var($32compare_op.6, audio.py:1141),), kws=(), vararg=None, varkwarg=None, target=None) ['$32compare_op.6', '$36pred', '$bool36']
    $phi40.0 = x0                            ['$phi40.0', 'x0']
    branch $36pred, 40, 56                   ['$36pred']
label 40:
    $44compare_op.2 = $phi40.0 <= threshold  ['$44compare_op.2', '$phi40.0', 'threshold']
    $bool48 = global(bool: <class 'bool'>)   ['$bool48']
    $48pred = call $bool48($44compare_op.2, func=$bool48, args=(Var($44compare_op.2, audio.py:1141),), kws=(), vararg=None, varkwarg=None, target=None) ['$44compare_op.2', '$48pred', '$bool48']
    branch $48pred, 52, 64                   ['$48pred']
label 52:
    jump 60                                  []
label 56:
    jump 64                                  []
label 60:
    x0 = const(int, 0)                       ['x0']
    jump 64                                  []
label 64:
    $const66.1.1 = const(int, -1)            ['$const66.1.1']
    x1 = getitem(value=x, index=$const66.1.1, fn=<built-in function getitem>) ['$const66.1.1', 'x', 'x1']
    $84unary_negative.4 = unary(fn=<built-in function neg>, value=threshold) ['$84unary_negative.4', 'threshold']
    $92compare_op.6 = $84unary_negative.4 <= x1 ['$84unary_negative.4', '$92compare_op.6', 'x1']
    $bool96 = global(bool: <class 'bool'>)   ['$bool96']
    $96pred = call $bool96($92compare_op.6, func=$bool96, args=(Var($92compare_op.6, audio.py:1145),), kws=(), vararg=None, varkwarg=None, target=None) ['$92compare_op.6', '$96pred', '$bool96']
    $phi100.0 = x1                           ['$phi100.0', 'x1']
    branch $96pred, 100, 116                 ['$96pred']
label 100:
    $104compare_op.2 = $phi100.0 <= threshold ['$104compare_op.2', '$phi100.0', 'threshold']
    $bool108 = global(bool: <class 'bool'>)  ['$bool108']
    $108pred = call $bool108($104compare_op.2, func=$bool108, args=(Var($104compare_op.2, audio.py:1145),), kws=(), vararg=None, varkwarg=None, target=None) ['$104compare_op.2', '$108pred', '$bool108']
    branch $108pred, 112, 124                ['$108pred']
label 112:
    jump 120                                 []
label 116:
    jump 124                                 []
label 120:
    x1 = const(int, 0)                       ['x1']
    jump 124                                 []
label 124:
    $bool134 = global(bool: <class 'bool'>)  ['$bool134']
    $134pred = call $bool134(zero_pos, func=$bool134, args=(Var(zero_pos, audio.py:1137),), kws=(), vararg=None, varkwarg=None, target=None) ['$134pred', '$bool134', 'zero_pos']
    branch $134pred, 138, 230                ['$134pred']
label 138:
    $140load_global.0 = global(np: <module 'numpy' from 'C:\\Users\\WINDOWS\\Desktop\\ai_stress_detector\\venv\\Lib\\site-packages\\numpy\\__init__.py'>) ['$140load_global.0']
    $150load_attr.1 = getattr(value=$140load_global.0, attr=signbit) ['$140load_global.0', '$150load_attr.1']
    $174call.4 = call $150load_attr.1(x0, func=$150load_attr.1, args=[Var(x0, audio.py:1140)], kws=(), vararg=None, varkwarg=None, target=None) ['$150load_attr.1', '$174call.4', 'x0']
    $182load_global.5 = global(np: <module 'numpy' from 'C:\\Users\\WINDOWS\\Desktop\\ai_stress_detector\\venv\\Lib\\site-packages\\numpy\\__init__.py'>) ['$182load_global.5']
    $192load_attr.6 = getattr(value=$182load_global.5, attr=signbit) ['$182load_global.5', '$192load_attr.6']
    $216call.9 = call $192load_attr.6(x1, func=$192load_attr.6, args=[Var(x1, audio.py:1144)], kws=(), vararg=None, varkwarg=None, target=None) ['$192load_attr.6', '$216call.9', 'x1']
    $224compare_op.10 = $174call.4 != $216call.9 ['$174call.4', '$216call.9', '$224compare_op.10']
    $228return_value.11 = cast(value=$224compare_op.10) ['$224compare_op.10', '$228return_value.11']
    return $228return_value.11               ['$228return_value.11']
label 230:
    $230load_global.0 = global(np: <module 'numpy' from 'C:\\Users\\WINDOWS\\Desktop\\ai_stress_detector\\venv\\Lib\\site-packages\\numpy\\__init__.py'>) ['$230load_global.0']
    $240load_attr.1 = getattr(value=$230load_global.0, attr=sign) ['$230load_global.0', '$240load_attr.1']
    $264call.4 = call $240load_attr.1(x0, func=$240load_attr.1, args=[Var(x0, audio.py:1140)], kws=(), vararg=None, varkwarg=None, target=None) ['$240load_attr.1', '$264call.4', 'x0']
    $272load_global.5 = global(np: <module 'numpy' from 'C:\\Users\\WINDOWS\\Desktop\\ai_stress_detector\\venv\\Lib\\site-packages\\numpy\\__init__.py'>) ['$272load_global.5']
    $282load_attr.6 = getattr(value=$272load_global.5, attr=sign) ['$272load_global.5', '$282load_attr.6']
    $306call.9 = call $282load_attr.6(x1, func=$282load_attr.6, args=[Var(x1, audio.py:1144)], kws=(), vararg=None, varkwarg=None, target=None) ['$282load_attr.6', '$306call.9', 'x1']
    $314compare_op.10 = $264call.4 != $306call.9 ['$264call.4', '$306call.9', '$314compare_op.10']
    $318return_value.11 = cast(value=$314compare_op.10) ['$314compare_op.10', '$318return_value.11']
    return $318return_value.11               ['$318return_value.11']

2026-02-19 08:04:48,953 - DEBUG - bytecode dump:
>          0	NOP(arg=None, lineno=1023)
           2	RESUME(arg=0, lineno=1023)
           4	LOAD_FAST_BORROW(arg=0, lineno=1026)
           6	LOAD_SMALL_INT(arg=0, lineno=1026)
           8	BINARY_OP(arg=26, lineno=1026)
          20	LOAD_FAST_BORROW(arg=0, lineno=1026)
          22	LOAD_CONST(arg=1, lineno=1026)
          24	BINARY_OP(arg=26, lineno=1026)
          36	COMPARE_OP(arg=132, lineno=1026)
          40	LOAD_FAST_BORROW(arg=0, lineno=1026)
          42	LOAD_SMALL_INT(arg=0, lineno=1026)
          44	BINARY_OP(arg=26, lineno=1026)
          56	LOAD_FAST_BORROW(arg=0, lineno=1026)
          58	LOAD_SMALL_INT(arg=1, lineno=1026)
          60	BINARY_OP(arg=26, lineno=1026)
          72	COMPARE_OP(arg=172, lineno=1026)
          76	BINARY_OP(arg=1, lineno=1026)
          88	RETURN_VALUE(arg=None, lineno=1026)
2026-02-19 08:04:48,954 - DEBUG - pending: deque([State(pc_initial=0 nstack_initial=0)])
2026-02-19 08:04:48,954 - DEBUG - stack: []
2026-02-19 08:04:48,954 - DEBUG - state.pc_initial: State(pc_initial=0 nstack_initial=0)
2026-02-19 08:04:48,954 - DEBUG - dispatch pc=0, inst=NOP(arg=None, lineno=1023)
2026-02-19 08:04:48,954 - DEBUG - stack []
2026-02-19 08:04:48,954 - DEBUG - dispatch pc=2, inst=RESUME(arg=0, lineno=1023)
2026-02-19 08:04:48,954 - DEBUG - stack []
2026-02-19 08:04:48,954 - DEBUG - dispatch pc=4, inst=LOAD_FAST_BORROW(arg=0, lineno=1026)
2026-02-19 08:04:48,954 - DEBUG - stack []
2026-02-19 08:04:48,954 - DEBUG - dispatch pc=6, inst=LOAD_SMALL_INT(arg=0, lineno=1026)
2026-02-19 08:04:48,954 - DEBUG - stack ['$x4.0']
2026-02-19 08:04:48,954 - DEBUG - dispatch pc=8, inst=BINARY_OP(arg=26, lineno=1026)
2026-02-19 08:04:48,954 - DEBUG - stack ['$x4.0', '$const6.1.0']
2026-02-19 08:04:48,954 - DEBUG - dispatch pc=20, inst=LOAD_FAST_BORROW(arg=0, lineno=1026)
2026-02-19 08:04:48,954 - DEBUG - stack ['$8binary_op.2']
2026-02-19 08:04:48,954 - DEBUG - dispatch pc=22, inst=LOAD_CONST(arg=1, lineno=1026)
2026-02-19 08:04:48,954 - DEBUG - stack ['$8binary_op.2', '$x20.3']
2026-02-19 08:04:48,954 - DEBUG - dispatch pc=24, inst=BINARY_OP(arg=26, lineno=1026)
2026-02-19 08:04:48,954 - DEBUG - stack ['$8binary_op.2', '$x20.3', '$const22.4.1']
2026-02-19 08:04:48,954 - DEBUG - dispatch pc=36, inst=COMPARE_OP(arg=132, lineno=1026)
2026-02-19 08:04:48,954 - DEBUG - stack ['$8binary_op.2', '$24binary_op.5']
2026-02-19 08:04:48,954 - DEBUG - dispatch pc=40, inst=LOAD_FAST_BORROW(arg=0, lineno=1026)
2026-02-19 08:04:48,954 - DEBUG - stack ['$36compare_op.6']
2026-02-19 08:04:48,954 - DEBUG - dispatch pc=42, inst=LOAD_SMALL_INT(arg=0, lineno=1026)
2026-02-19 08:04:48,954 - DEBUG - stack ['$36compare_op.6', '$x40.7']
2026-02-19 08:04:48,955 - DEBUG - dispatch pc=44, inst=BINARY_OP(arg=26, lineno=1026)
2026-02-19 08:04:48,955 - DEBUG - stack ['$36compare_op.6', '$x40.7', '$const42.8.0']
2026-02-19 08:04:48,955 - DEBUG - dispatch pc=56, inst=LOAD_FAST_BORROW(arg=0, lineno=1026)
2026-02-19 08:04:48,955 - DEBUG - stack ['$36compare_op.6', '$44binary_op.9']
2026-02-19 08:04:48,955 - DEBUG - dispatch pc=58, inst=LOAD_SMALL_INT(arg=1, lineno=1026)
2026-02-19 08:04:48,955 - DEBUG - stack ['$36compare_op.6', '$44binary_op.9', '$x56.10']
2026-02-19 08:04:48,955 - DEBUG - dispatch pc=60, inst=BINARY_OP(arg=26, lineno=1026)
2026-02-19 08:04:48,955 - DEBUG - stack ['$36compare_op.6', '$44binary_op.9', '$x56.10', '$const58.11.1']
2026-02-19 08:04:48,955 - DEBUG - dispatch pc=72, inst=COMPARE_OP(arg=172, lineno=1026)
2026-02-19 08:04:48,955 - DEBUG - stack ['$36compare_op.6', '$44binary_op.9', '$60binary_op.12']
2026-02-19 08:04:48,955 - DEBUG - dispatch pc=76, inst=BINARY_OP(arg=1, lineno=1026)
2026-02-19 08:04:48,955 - DEBUG - stack ['$36compare_op.6', '$72compare_op.13']
2026-02-19 08:04:48,955 - DEBUG - dispatch pc=88, inst=RETURN_VALUE(arg=None, lineno=1026)
2026-02-19 08:04:48,955 - DEBUG - stack ['$binop_and_76.14']
2026-02-19 08:04:48,955 - DEBUG - end state. edges=[]
2026-02-19 08:04:48,955 - DEBUG - -------------------------Prune PHIs-------------------------
2026-02-19 08:04:48,955 - DEBUG - Used_phis: defaultdict(<class 'set'>, {State(pc_initial=0 nstack_initial=0): set()})
2026-02-19 08:04:48,955 - DEBUG - defmap: {}
2026-02-19 08:04:48,955 - DEBUG - phismap: defaultdict(<class 'set'>, {})
2026-02-19 08:04:48,955 - DEBUG - changing phismap: defaultdict(<class 'set'>, {})
2026-02-19 08:04:48,955 - DEBUG - keep phismap: {}
2026-02-19 08:04:48,955 - DEBUG - new_out: defaultdict(<class 'dict'>, {})
2026-02-19 08:04:48,956 - DEBUG - ----------------------DONE Prune PHIs-----------------------
2026-02-19 08:04:48,956 - DEBUG - block_infos State(pc_initial=0 nstack_initial=0):
AdaptBlockInfo(insts=((0, {}), (2, {}), (4, {'res': '$x4.0'}), (6, {'res': '$const6.1.0'}), (8, {'op': '[]', 'lhs': '$x4.0', 'rhs': '$const6.1.0', 'res': '$8binary_op.2'}), (20, {'res': '$x20.3'}), (22, {'res': '$const22.4.1'}), (24, {'op': '[]', 'lhs': '$x20.3', 'rhs': '$const22.4.1', 'res': '$24binary_op.5'}), (36, {'lhs': '$8binary_op.2', 'rhs': '$24binary_op.5', 'res': '$36compare_op.6'}), (40, {'res': '$x40.7'}), (42, {'res': '$const42.8.0'}), (44, {'op': '[]', 'lhs': '$x40.7', 'rhs': '$const42.8.0', 'res': '$44binary_op.9'}), (56, {'res': '$x56.10'}), (58, {'res': '$const58.11.1'}), (60, {'op': '[]', 'lhs': '$x56.10', 'rhs': '$const58.11.1', 'res': '$60binary_op.12'}), (72, {'lhs': '$44binary_op.9', 'rhs': '$60binary_op.12', 'res': '$72compare_op.13'}), (76, {'op': '&', 'lhs': '$36compare_op.6', 'rhs': '$72compare_op.13', 'res': '$binop_and_76.14'}), (88, {'retval': '$binop_and_76.14', 'castval': '$88return_value.15'})), outgoing_phis={}, blockstack=(), active_try_block=None, outgoing_edgepushed={})
2026-02-19 08:04:48,956 - DEBUG - label 0:
    x = arg(0, name=x)                       ['x']
    $const6.1.0 = const(int, 0)              ['$const6.1.0']
    $8binary_op.2 = getitem(value=x, index=$const6.1.0, fn=<built-in function getitem>) ['$8binary_op.2', '$const6.1.0', 'x']
    $const22.4.1 = const(int, -1)            ['$const22.4.1']
    $24binary_op.5 = getitem(value=x, index=$const22.4.1, fn=<built-in function getitem>) ['$24binary_op.5', '$const22.4.1', 'x']
    $36compare_op.6 = $8binary_op.2 > $24binary_op.5 ['$24binary_op.5', '$36compare_op.6', '$8binary_op.2']
    $const42.8.0 = const(int, 0)             ['$const42.8.0']
    $44binary_op.9 = getitem(value=x, index=$const42.8.0, fn=<built-in function getitem>) ['$44binary_op.9', '$const42.8.0', 'x']
    $const58.11.1 = const(int, 1)            ['$const58.11.1']
    $60binary_op.12 = getitem(value=x, index=$const58.11.1, fn=<built-in function getitem>) ['$60binary_op.12', '$const58.11.1', 'x']
    $72compare_op.13 = $44binary_op.9 >= $60binary_op.12 ['$44binary_op.9', '$60binary_op.12', '$72compare_op.13']
    $binop_and_76.14 = $36compare_op.6 & $72compare_op.13 ['$36compare_op.6', '$72compare_op.13', '$binop_and_76.14']
    $88return_value.15 = cast(value=$binop_and_76.14) ['$88return_value.15', '$binop_and_76.14']
    return $88return_value.15                ['$88return_value.15']

2026-02-19 08:04:48,957 - DEBUG - bytecode dump:
>          0	NOP(arg=None, lineno=1029)
           2	RESUME(arg=0, lineno=1029)
           4	LOAD_FAST_BORROW(arg=0, lineno=1032)
           6	LOAD_SMALL_INT(arg=0, lineno=1032)
           8	BINARY_OP(arg=26, lineno=1032)
          20	LOAD_FAST_BORROW(arg=0, lineno=1032)
          22	LOAD_CONST(arg=1, lineno=1032)
          24	BINARY_OP(arg=26, lineno=1032)
          36	COMPARE_OP(arg=2, lineno=1032)
          40	LOAD_FAST_BORROW(arg=0, lineno=1032)
          42	LOAD_SMALL_INT(arg=0, lineno=1032)
          44	BINARY_OP(arg=26, lineno=1032)
          56	LOAD_FAST_BORROW(arg=0, lineno=1032)
          58	LOAD_SMALL_INT(arg=1, lineno=1032)
          60	BINARY_OP(arg=26, lineno=1032)
          72	COMPARE_OP(arg=42, lineno=1032)
          76	BINARY_OP(arg=1, lineno=1032)
          88	RETURN_VALUE(arg=None, lineno=1032)
2026-02-19 08:04:48,957 - DEBUG - pending: deque([State(pc_initial=0 nstack_initial=0)])
2026-02-19 08:04:48,957 - DEBUG - stack: []
2026-02-19 08:04:48,957 - DEBUG - state.pc_initial: State(pc_initial=0 nstack_initial=0)
2026-02-19 08:04:48,957 - DEBUG - dispatch pc=0, inst=NOP(arg=None, lineno=1029)
2026-02-19 08:04:48,957 - DEBUG - stack []
2026-02-19 08:04:48,957 - DEBUG - dispatch pc=2, inst=RESUME(arg=0, lineno=1029)
2026-02-19 08:04:48,957 - DEBUG - stack []
2026-02-19 08:04:48,957 - DEBUG - dispatch pc=4, inst=LOAD_FAST_BORROW(arg=0, lineno=1032)
2026-02-19 08:04:48,957 - DEBUG - stack []
2026-02-19 08:04:48,957 - DEBUG - dispatch pc=6, inst=LOAD_SMALL_INT(arg=0, lineno=1032)
2026-02-19 08:04:48,957 - DEBUG - stack ['$x4.0']
2026-02-19 08:04:48,957 - DEBUG - dispatch pc=8, inst=BINARY_OP(arg=26, lineno=1032)
2026-02-19 08:04:48,957 - DEBUG - stack ['$x4.0', '$const6.1.0']
2026-02-19 08:04:48,957 - DEBUG - dispatch pc=20, inst=LOAD_FAST_BORROW(arg=0, lineno=1032)
2026-02-19 08:04:48,957 - DEBUG - stack ['$8binary_op.2']
2026-02-19 08:04:48,957 - DEBUG - dispatch pc=22, inst=LOAD_CONST(arg=1, lineno=1032)
2026-02-19 08:04:48,958 - DEBUG - stack ['$8binary_op.2', '$x20.3']
2026-02-19 08:04:48,958 - DEBUG - dispatch pc=24, inst=BINARY_OP(arg=26, lineno=1032)
2026-02-19 08:04:48,958 - DEBUG - stack ['$8binary_op.2', '$x20.3', '$const22.4.1']
2026-02-19 08:04:48,958 - DEBUG - dispatch pc=36, inst=COMPARE_OP(arg=2, lineno=1032)
2026-02-19 08:04:48,958 - DEBUG - stack ['$8binary_op.2', '$24binary_op.5']
2026-02-19 08:04:48,958 - DEBUG - dispatch pc=40, inst=LOAD_FAST_BORROW(arg=0, lineno=1032)
2026-02-19 08:04:48,958 - DEBUG - stack ['$36compare_op.6']
2026-02-19 08:04:48,958 - DEBUG - dispatch pc=42, inst=LOAD_SMALL_INT(arg=0, lineno=1032)
2026-02-19 08:04:48,958 - DEBUG - stack ['$36compare_op.6', '$x40.7']
2026-02-19 08:04:48,958 - DEBUG - dispatch pc=44, inst=BINARY_OP(arg=26, lineno=1032)
2026-02-19 08:04:48,958 - DEBUG - stack ['$36compare_op.6', '$x40.7', '$const42.8.0']
2026-02-19 08:04:48,958 - DEBUG - dispatch pc=56, inst=LOAD_FAST_BORROW(arg=0, lineno=1032)
2026-02-19 08:04:48,958 - DEBUG - stack ['$36compare_op.6', '$44binary_op.9']
2026-02-19 08:04:48,958 - DEBUG - dispatch pc=58, inst=LOAD_SMALL_INT(arg=1, lineno=1032)
2026-02-19 08:04:48,958 - DEBUG - stack ['$36compare_op.6', '$44binary_op.9', '$x56.10']
2026-02-19 08:04:48,958 - DEBUG - dispatch pc=60, inst=BINARY_OP(arg=26, lineno=1032)
2026-02-19 08:04:48,958 - DEBUG - stack ['$36compare_op.6', '$44binary_op.9', '$x56.10', '$const58.11.1']
2026-02-19 08:04:48,958 - DEBUG - dispatch pc=72, inst=COMPARE_OP(arg=42, lineno=1032)
2026-02-19 08:04:48,958 - DEBUG - stack ['$36compare_op.6', '$44binary_op.9', '$60binary_op.12']
2026-02-19 08:04:48,958 - DEBUG - dispatch pc=76, inst=BINARY_OP(arg=1, lineno=1032)
2026-02-19 08:04:48,958 - DEBUG - stack ['$36compare_op.6', '$72compare_op.13']
2026-02-19 08:04:48,958 - DEBUG - dispatch pc=88, inst=RETURN_VALUE(arg=None, lineno=1032)
2026-02-19 08:04:48,958 - DEBUG - stack ['$binop_and_76.14']
2026-02-19 08:04:48,958 - DEBUG - end state. edges=[]
2026-02-19 08:04:48,958 - DEBUG - -------------------------Prune PHIs-------------------------
2026-02-19 08:04:48,958 - DEBUG - Used_phis: defaultdict(<class 'set'>, {State(pc_initial=0 nstack_initial=0): set()})
2026-02-19 08:04:48,958 - DEBUG - defmap: {}
2026-02-19 08:04:48,958 - DEBUG - phismap: defaultdict(<class 'set'>, {})
2026-02-19 08:04:48,959 - DEBUG - changing phismap: defaultdict(<class 'set'>, {})
2026-02-19 08:04:48,959 - DEBUG - keep phismap: {}
2026-02-19 08:04:48,959 - DEBUG - new_out: defaultdict(<class 'dict'>, {})
2026-02-19 08:04:48,959 - DEBUG - ----------------------DONE Prune PHIs-----------------------
2026-02-19 08:04:48,959 - DEBUG - block_infos State(pc_initial=0 nstack_initial=0):
AdaptBlockInfo(insts=((0, {}), (2, {}), (4, {'res': '$x4.0'}), (6, {'res': '$const6.1.0'}), (8, {'op': '[]', 'lhs': '$x4.0', 'rhs': '$const6.1.0', 'res': '$8binary_op.2'}), (20, {'res': '$x20.3'}), (22, {'res': '$const22.4.1'}), (24, {'op': '[]', 'lhs': '$x20.3', 'rhs': '$const22.4.1', 'res': '$24binary_op.5'}), (36, {'lhs': '$8binary_op.2', 'rhs': '$24binary_op.5', 'res': '$36compare_op.6'}), (40, {'res': '$x40.7'}), (42, {'res': '$const42.8.0'}), (44, {'op': '[]', 'lhs': '$x40.7', 'rhs': '$const42.8.0', 'res': '$44binary_op.9'}), (56, {'res': '$x56.10'}), (58, {'res': '$const58.11.1'}), (60, {'op': '[]', 'lhs': '$x56.10', 'rhs': '$const58.11.1', 'res': '$60binary_op.12'}), (72, {'lhs': '$44binary_op.9', 'rhs': '$60binary_op.12', 'res': '$72compare_op.13'}), (76, {'op': '&', 'lhs': '$36compare_op.6', 'rhs': '$72compare_op.13', 'res': '$binop_and_76.14'}), (88, {'retval': '$binop_and_76.14', 'castval': '$88return_value.15'})), outgoing_phis={}, blockstack=(), active_try_block=None, outgoing_edgepushed={})
2026-02-19 08:04:48,959 - DEBUG - label 0:
    x = arg(0, name=x)                       ['x']
    $const6.1.0 = const(int, 0)              ['$const6.1.0']
    $8binary_op.2 = getitem(value=x, index=$const6.1.0, fn=<built-in function getitem>) ['$8binary_op.2', '$const6.1.0', 'x']
    $const22.4.1 = const(int, -1)            ['$const22.4.1']
    $24binary_op.5 = getitem(value=x, index=$const22.4.1, fn=<built-in function getitem>) ['$24binary_op.5', '$const22.4.1', 'x']
    $36compare_op.6 = $8binary_op.2 < $24binary_op.5 ['$24binary_op.5', '$36compare_op.6', '$8binary_op.2']
    $const42.8.0 = const(int, 0)             ['$const42.8.0']
    $44binary_op.9 = getitem(value=x, index=$const42.8.0, fn=<built-in function getitem>) ['$44binary_op.9', '$const42.8.0', 'x']
    $const58.11.1 = const(int, 1)            ['$const58.11.1']
    $60binary_op.12 = getitem(value=x, index=$const58.11.1, fn=<built-in function getitem>) ['$60binary_op.12', '$const58.11.1', 'x']
    $72compare_op.13 = $44binary_op.9 <= $60binary_op.12 ['$44binary_op.9', '$60binary_op.12', '$72compare_op.13']
    $binop_and_76.14 = $36compare_op.6 & $72compare_op.13 ['$36compare_op.6', '$72compare_op.13', '$binop_and_76.14']
    $88return_value.15 = cast(value=$binop_and_76.14) ['$88return_value.15', '$binop_and_76.14']
    return $88return_value.15                ['$88return_value.15']

2026-02-19 08:04:50,913 - DEBUG - bytecode dump:
>          0	NOP(arg=None, lineno=416)
           2	RESUME(arg=0, lineno=416)
           4	LOAD_FAST_BORROW(arg=0, lineno=419)
           6	LOAD_SMALL_INT(arg=1, lineno=419)
           8	BINARY_OP(arg=26, lineno=419)
          20	LOAD_FAST_BORROW(arg=0, lineno=419)
          22	LOAD_CONST(arg=1, lineno=419)
          24	BINARY_OP(arg=26, lineno=419)
          36	BINARY_OP(arg=0, lineno=419)
          48	LOAD_SMALL_INT(arg=2, lineno=419)
          50	LOAD_FAST_BORROW(arg=0, lineno=419)
          52	LOAD_SMALL_INT(arg=0, lineno=419)
          54	BINARY_OP(arg=26, lineno=419)
          66	BINARY_OP(arg=5, lineno=419)
          78	BINARY_OP(arg=10, lineno=419)
          90	STORE_FAST(arg=1, lineno=419)
          92	LOAD_FAST_BORROW(arg=0, lineno=420)
          94	LOAD_SMALL_INT(arg=1, lineno=420)
          96	BINARY_OP(arg=26, lineno=420)
         108	LOAD_FAST_BORROW(arg=0, lineno=420)
         110	LOAD_CONST(arg=1, lineno=420)
         112	BINARY_OP(arg=26, lineno=420)
         124	BINARY_OP(arg=10, lineno=420)
         136	LOAD_SMALL_INT(arg=2, lineno=420)
         138	BINARY_OP(arg=11, lineno=420)
         150	STORE_FAST(arg=2, lineno=420)
         152	LOAD_GLOBAL(arg=0, lineno=422)
         162	LOAD_ATTR(arg=2, lineno=422)
         182	PUSH_NULL(arg=None, lineno=422)
         184	LOAD_FAST_BORROW(arg=2, lineno=422)
         186	CALL(arg=1, lineno=422)
         194	LOAD_GLOBAL(arg=0, lineno=422)
         204	LOAD_ATTR(arg=2, lineno=422)
         224	PUSH_NULL(arg=None, lineno=422)
         226	LOAD_FAST_BORROW(arg=1, lineno=422)
         228	CALL(arg=1, lineno=422)
         236	COMPARE_OP(arg=188, lineno=422)
         240	POP_JUMP_IF_FALSE(arg=3, lineno=422)
         244	NOT_TAKEN(arg=None, lineno=422)
         246	LOAD_SMALL_INT(arg=0, lineno=425)
         248	RETURN_VALUE(arg=None, lineno=425)
>        250	LOAD_FAST_BORROW(arg=2, lineno=427)
         252	UNARY_NEGATIVE(arg=None, lineno=427)
         254	LOAD_FAST_BORROW(arg=1, lineno=427)
         256	BINARY_OP(arg=11, lineno=427)
         268	RETURN_VALUE(arg=None, lineno=427)
2026-02-19 08:04:50,913 - DEBUG - pending: deque([State(pc_initial=0 nstack_initial=0)])
2026-02-19 08:04:50,914 - DEBUG - stack: []
2026-02-19 08:04:50,914 - DEBUG - state.pc_initial: State(pc_initial=0 nstack_initial=0)
2026-02-19 08:04:50,914 - DEBUG - dispatch pc=0, inst=NOP(arg=None, lineno=416)
2026-02-19 08:04:50,914 - DEBUG - stack []
2026-02-19 08:04:50,914 - DEBUG - dispatch pc=2, inst=RESUME(arg=0, lineno=416)
2026-02-19 08:04:50,914 - DEBUG - stack []
2026-02-19 08:04:50,914 - DEBUG - dispatch pc=4, inst=LOAD_FAST_BORROW(arg=0, lineno=419)
2026-02-19 08:04:50,914 - DEBUG - stack []
2026-02-19 08:04:50,914 - DEBUG - dispatch pc=6, inst=LOAD_SMALL_INT(arg=1, lineno=419)
2026-02-19 08:04:50,914 - DEBUG - stack ['$x4.0']
2026-02-19 08:04:50,914 - DEBUG - dispatch pc=8, inst=BINARY_OP(arg=26, lineno=419)
2026-02-19 08:04:50,914 - DEBUG - stack ['$x4.0', '$const6.1.1']
2026-02-19 08:04:50,914 - DEBUG - dispatch pc=20, inst=LOAD_FAST_BORROW(arg=0, lineno=419)
2026-02-19 08:04:50,914 - DEBUG - stack ['$8binary_op.2']
2026-02-19 08:04:50,914 - DEBUG - dispatch pc=22, inst=LOAD_CONST(arg=1, lineno=419)
2026-02-19 08:04:50,914 - DEBUG - stack ['$8binary_op.2', '$x20.3']
2026-02-19 08:04:50,914 - DEBUG - dispatch pc=24, inst=BINARY_OP(arg=26, lineno=419)
2026-02-19 08:04:50,914 - DEBUG - stack ['$8binary_op.2', '$x20.3', '$const22.4.1']
2026-02-19 08:04:50,914 - DEBUG - dispatch pc=36, inst=BINARY_OP(arg=0, lineno=419)
2026-02-19 08:04:50,914 - DEBUG - stack ['$8binary_op.2', '$24binary_op.5']
2026-02-19 08:04:50,914 - DEBUG - dispatch pc=48, inst=LOAD_SMALL_INT(arg=2, lineno=419)
2026-02-19 08:04:50,915 - DEBUG - stack ['$binop_add36.6']
2026-02-19 08:04:50,915 - DEBUG - dispatch pc=50, inst=LOAD_FAST_BORROW(arg=0, lineno=419)
2026-02-19 08:04:50,915 - DEBUG - stack ['$binop_add36.6', '$const48.7.2']
2026-02-19 08:04:50,915 - DEBUG - dispatch pc=52, inst=LOAD_SMALL_INT(arg=0, lineno=419)
2026-02-19 08:04:50,915 - DEBUG - stack ['$binop_add36.6', '$const48.7.2', '$x50.8']
2026-02-19 08:04:50,915 - DEBUG - dispatch pc=54, inst=BINARY_OP(arg=26, lineno=419)
2026-02-19 08:04:50,915 - DEBUG - stack ['$binop_add36.6', '$const48.7.2', '$x50.8', '$const52.9.0']
2026-02-19 08:04:50,915 - DEBUG - dispatch pc=66, inst=BINARY_OP(arg=5, lineno=419)
2026-02-19 08:04:50,915 - DEBUG - stack ['$binop_add36.6', '$const48.7.2', '$54binary_op.10']
2026-02-19 08:04:50,915 - DEBUG - dispatch pc=78, inst=BINARY_OP(arg=10, lineno=419)
2026-02-19 08:04:50,915 - DEBUG - stack ['$binop_add36.6', '$binop_mul66.11']
2026-02-19 08:04:50,915 - DEBUG - dispatch pc=90, inst=STORE_FAST(arg=1, lineno=419)
2026-02-19 08:04:50,915 - DEBUG - stack ['$binop_sub78.12']
2026-02-19 08:04:50,915 - DEBUG - dispatch pc=92, inst=LOAD_FAST_BORROW(arg=0, lineno=420)
2026-02-19 08:04:50,915 - DEBUG - stack []
2026-02-19 08:04:50,915 - DEBUG - dispatch pc=94, inst=LOAD_SMALL_INT(arg=1, lineno=420)
2026-02-19 08:04:50,915 - DEBUG - stack ['$x92.13']
2026-02-19 08:04:50,915 - DEBUG - dispatch pc=96, inst=BINARY_OP(arg=26, lineno=420)
2026-02-19 08:04:50,915 - DEBUG - stack ['$x92.13', '$const94.14.1']
2026-02-19 08:04:50,915 - DEBUG - dispatch pc=108, inst=LOAD_FAST_BORROW(arg=0, lineno=420)
2026-02-19 08:04:50,915 - DEBUG - stack ['$96binary_op.15']
2026-02-19 08:04:50,915 - DEBUG - dispatch pc=110, inst=LOAD_CONST(arg=1, lineno=420)
2026-02-19 08:04:50,916 - DEBUG - stack ['$96binary_op.15', '$x108.16']
2026-02-19 08:04:50,916 - DEBUG - dispatch pc=112, inst=BINARY_OP(arg=26, lineno=420)
2026-02-19 08:04:50,916 - DEBUG - stack ['$96binary_op.15', '$x108.16', '$const110.17.1']
2026-02-19 08:04:50,916 - DEBUG - dispatch pc=124, inst=BINARY_OP(arg=10, lineno=420)
2026-02-19 08:04:50,916 - DEBUG - stack ['$96binary_op.15', '$112binary_op.18']
2026-02-19 08:04:50,916 - DEBUG - dispatch pc=136, inst=LOAD_SMALL_INT(arg=2, lineno=420)
2026-02-19 08:04:50,916 - DEBUG - stack ['$binop_sub124.19']
2026-02-19 08:04:50,916 - DEBUG - dispatch pc=138, inst=BINARY_OP(arg=11, lineno=420)
2026-02-19 08:04:50,916 - DEBUG - stack ['$binop_sub124.19', '$const136.20.2']
2026-02-19 08:04:50,916 - DEBUG - dispatch pc=150, inst=STORE_FAST(arg=2, lineno=420)
2026-02-19 08:04:50,916 - DEBUG - stack ['$binop_truediv138.21']
2026-02-19 08:04:50,916 - DEBUG - dispatch pc=152, inst=LOAD_GLOBAL(arg=0, lineno=422)
2026-02-19 08:04:50,916 - DEBUG - stack []
2026-02-19 08:04:50,916 - DEBUG - dispatch pc=162, inst=LOAD_ATTR(arg=2, lineno=422)
2026-02-19 08:04:50,916 - DEBUG - stack ['$152load_global.22']
2026-02-19 08:04:50,916 - DEBUG - dispatch pc=182, inst=PUSH_NULL(arg=None, lineno=422)
2026-02-19 08:04:50,916 - DEBUG - stack ['$162load_attr.23']
2026-02-19 08:04:50,916 - DEBUG - dispatch pc=184, inst=LOAD_FAST_BORROW(arg=2, lineno=422)
2026-02-19 08:04:50,916 - DEBUG - stack ['$162load_attr.23', '$null$182.24']
2026-02-19 08:04:50,916 - DEBUG - dispatch pc=186, inst=CALL(arg=1, lineno=422)
2026-02-19 08:04:50,916 - DEBUG - stack ['$162load_attr.23', '$null$182.24', '$b184.25']
2026-02-19 08:04:50,916 - DEBUG - dispatch pc=194, inst=LOAD_GLOBAL(arg=0, lineno=422)
2026-02-19 08:04:50,916 - DEBUG - stack ['$186call.26']
2026-02-19 08:04:50,916 - DEBUG - dispatch pc=204, inst=LOAD_ATTR(arg=2, lineno=422)
2026-02-19 08:04:50,916 - DEBUG - stack ['$186call.26', '$194load_global.27']
2026-02-19 08:04:50,917 - DEBUG - dispatch pc=224, inst=PUSH_NULL(arg=None, lineno=422)
2026-02-19 08:04:50,917 - DEBUG - stack ['$186call.26', '$204load_attr.28']
2026-02-19 08:04:50,917 - DEBUG - dispatch pc=226, inst=LOAD_FAST_BORROW(arg=1, lineno=422)
2026-02-19 08:04:50,917 - DEBUG - stack ['$186call.26', '$204load_attr.28', '$null$224.29']
2026-02-19 08:04:50,917 - DEBUG - dispatch pc=228, inst=CALL(arg=1, lineno=422)
2026-02-19 08:04:50,917 - DEBUG - stack ['$186call.26', '$204load_attr.28', '$null$224.29', '$a226.30']
2026-02-19 08:04:50,917 - DEBUG - dispatch pc=236, inst=COMPARE_OP(arg=188, lineno=422)
2026-02-19 08:04:50,917 - DEBUG - stack ['$186call.26', '$228call.31']
2026-02-19 08:04:50,917 - DEBUG - dispatch pc=240, inst=POP_JUMP_IF_FALSE(arg=3, lineno=422)
2026-02-19 08:04:50,917 - DEBUG - stack ['$236compare_op.32']
2026-02-19 08:04:50,917 - DEBUG - end state. edges=[Edge(pc=244, stack=(), blockstack=(), npush=0), Edge(pc=250, stack=(), blockstack=(), npush=0)]
2026-02-19 08:04:50,917 - DEBUG - pending: deque([State(pc_initial=244 nstack_initial=0), State(pc_initial=250 nstack_initial=0)])
2026-02-19 08:04:50,917 - DEBUG - stack: []
2026-02-19 08:04:50,917 - DEBUG - state.pc_initial: State(pc_initial=244 nstack_initial=0)
2026-02-19 08:04:50,917 - DEBUG - dispatch pc=244, inst=NOT_TAKEN(arg=None, lineno=422)
2026-02-19 08:04:50,917 - DEBUG - stack []
2026-02-19 08:04:50,917 - DEBUG - dispatch pc=246, inst=LOAD_SMALL_INT(arg=0, lineno=425)
2026-02-19 08:04:50,917 - DEBUG - stack []
2026-02-19 08:04:50,917 - DEBUG - dispatch pc=248, inst=RETURN_VALUE(arg=None, lineno=425)
2026-02-19 08:04:50,917 - DEBUG - stack ['$const246.0.0']
2026-02-19 08:04:50,917 - DEBUG - end state. edges=[]
2026-02-19 08:04:50,917 - DEBUG - pending: deque([State(pc_initial=250 nstack_initial=0)])
2026-02-19 08:04:50,917 - DEBUG - stack: []
2026-02-19 08:04:50,917 - DEBUG - state.pc_initial: State(pc_initial=250 nstack_initial=0)
2026-02-19 08:04:50,917 - DEBUG - dispatch pc=250, inst=LOAD_FAST_BORROW(arg=2, lineno=427)
2026-02-19 08:04:50,917 - DEBUG - stack []
2026-02-19 08:04:50,918 - DEBUG - dispatch pc=252, inst=UNARY_NEGATIVE(arg=None, lineno=427)
2026-02-19 08:04:50,918 - DEBUG - stack ['$b250.0']
2026-02-19 08:04:50,918 - DEBUG - dispatch pc=254, inst=LOAD_FAST_BORROW(arg=1, lineno=427)
2026-02-19 08:04:50,918 - DEBUG - stack ['$252unary_negative.1']
2026-02-19 08:04:50,918 - DEBUG - dispatch pc=256, inst=BINARY_OP(arg=11, lineno=427)
2026-02-19 08:04:50,918 - DEBUG - stack ['$252unary_negative.1', '$a254.2']
2026-02-19 08:04:50,918 - DEBUG - dispatch pc=268, inst=RETURN_VALUE(arg=None, lineno=427)
2026-02-19 08:04:50,918 - DEBUG - stack ['$binop_truediv256.3']
2026-02-19 08:04:50,918 - DEBUG - end state. edges=[]
2026-02-19 08:04:50,918 - DEBUG - -------------------------Prune PHIs-------------------------
2026-02-19 08:04:50,918 - DEBUG - Used_phis: defaultdict(<class 'set'>,
            {State(pc_initial=0 nstack_initial=0): set(),
             State(pc_initial=244 nstack_initial=0): set(),
             State(pc_initial=250 nstack_initial=0): set()})
2026-02-19 08:04:50,918 - DEBUG - defmap: {}
2026-02-19 08:04:50,918 - DEBUG - phismap: defaultdict(<class 'set'>, {})
2026-02-19 08:04:50,918 - DEBUG - changing phismap: defaultdict(<class 'set'>, {})
2026-02-19 08:04:50,918 - DEBUG - keep phismap: {}
2026-02-19 08:04:50,918 - DEBUG - new_out: defaultdict(<class 'dict'>, {})
2026-02-19 08:04:50,918 - DEBUG - ----------------------DONE Prune PHIs-----------------------
2026-02-19 08:04:50,918 - DEBUG - block_infos State(pc_initial=0 nstack_initial=0):
AdaptBlockInfo(insts=((0, {}), (2, {}), (4, {'res': '$x4.0'}), (6, {'res': '$const6.1.1'}), (8, {'op': '[]', 'lhs': '$x4.0', 'rhs': '$const6.1.1', 'res': '$8binary_op.2'}), (20, {'res': '$x20.3'}), (22, {'res': '$const22.4.1'}), (24, {'op': '[]', 'lhs': '$x20.3', 'rhs': '$const22.4.1', 'res': '$24binary_op.5'}), (36, {'op': '+', 'lhs': '$8binary_op.2', 'rhs': '$24binary_op.5', 'res': '$binop_add36.6'}), (48, {'res': '$const48.7.2'}), (50, {'res': '$x50.8'}), (52, {'res': '$const52.9.0'}), (54, {'op': '[]', 'lhs': '$x50.8', 'rhs': '$const52.9.0', 'res': '$54binary_op.10'}), (66, {'op': '*', 'lhs': '$const48.7.2', 'rhs': '$54binary_op.10', 'res': '$binop_mul66.11'}), (78, {'op': '-', 'lhs': '$binop_add36.6', 'rhs': '$binop_mul66.11', 'res': '$binop_sub78.12'}), (90, {'value': '$binop_sub78.12'}), (92, {'res': '$x92.13'}), (94, {'res': '$const94.14.1'}), (96, {'op': '[]', 'lhs': '$x92.13', 'rhs': '$const94.14.1', 'res': '$96binary_op.15'}), (108, {'res': '$x108.16'}), (110, {'res': '$const110.17.1'}), (112, {'op': '[]', 'lhs': '$x108.16', 'rhs': '$const110.17.1', 'res': '$112binary_op.18'}), (124, {'op': '-', 'lhs': '$96binary_op.15', 'rhs': '$112binary_op.18', 'res': '$binop_sub124.19'}), (136, {'res': '$const136.20.2'}), (138, {'op': '/', 'lhs': '$binop_sub124.19', 'rhs': '$const136.20.2', 'res': '$binop_truediv138.21'}), (150, {'value': '$binop_truediv138.21'}), (152, {'idx': 0, 'res': '$152load_global.22'}), (162, {'item': '$152load_global.22', 'res': '$162load_attr.23'}), (182, {}), (184, {'res': '$b184.25'}), (186, {'func': '$162load_attr.23', 'args': ['$b184.25'], 'kw_names': None, 'res': '$186call.26'}), (194, {'idx': 0, 'res': '$194load_global.27'}), (204, {'item': '$194load_global.27', 'res': '$204load_attr.28'}), (224, {}), (226, {'res': '$a226.30'}), (228, {'func': '$204load_attr.28', 'args': ['$a226.30'], 'kw_names': None, 'res': '$228call.31'}), (236, {'lhs': '$186call.26', 'rhs': '$228call.31', 'res': '$236compare_op.32'}), (240, {'pred': '$236compare_op.32'})), outgoing_phis={}, blockstack=(), active_try_block=None, outgoing_edgepushed={244: (), 250: ()})
2026-02-19 08:04:50,918 - DEBUG - block_infos State(pc_initial=244 nstack_initial=0):
AdaptBlockInfo(insts=((244, {}), (246, {'res': '$const246.0.0'}), (248, {'retval': '$const246.0.0', 'castval': '$248return_value.1'})), outgoing_phis={}, blockstack=(), active_try_block=None, outgoing_edgepushed={})
2026-02-19 08:04:50,918 - DEBUG - block_infos State(pc_initial=250 nstack_initial=0):
AdaptBlockInfo(insts=((250, {'res': '$b250.0'}), (252, {'value': '$b250.0', 'res': '$252unary_negative.1'}), (254, {'res': '$a254.2'}), (256, {'op': '/', 'lhs': '$252unary_negative.1', 'rhs': '$a254.2', 'res': '$binop_truediv256.3'}), (268, {'retval': '$binop_truediv256.3', 'castval': '$268return_value.4'})), outgoing_phis={}, blockstack=(), active_try_block=None, outgoing_edgepushed={})
2026-02-19 08:04:50,919 - DEBUG - label 0:
    x = arg(0, name=x)                       ['x']
    $const6.1.1 = const(int, 1)              ['$const6.1.1']
    $8binary_op.2 = getitem(value=x, index=$const6.1.1, fn=<built-in function getitem>) ['$8binary_op.2', '$const6.1.1', 'x']
    $const22.4.1 = const(int, -1)            ['$const22.4.1']
    $24binary_op.5 = getitem(value=x, index=$const22.4.1, fn=<built-in function getitem>) ['$24binary_op.5', '$const22.4.1', 'x']
    $binop_add36.6 = $8binary_op.2 + $24binary_op.5 ['$24binary_op.5', '$8binary_op.2', '$binop_add36.6']
    $const48.7.2 = const(int, 2)             ['$const48.7.2']
    $const52.9.0 = const(int, 0)             ['$const52.9.0']
    $54binary_op.10 = getitem(value=x, index=$const52.9.0, fn=<built-in function getitem>) ['$54binary_op.10', '$const52.9.0', 'x']
    $binop_mul66.11 = $const48.7.2 * $54binary_op.10 ['$54binary_op.10', '$binop_mul66.11', '$const48.7.2']
    a = $binop_add36.6 - $binop_mul66.11     ['$binop_add36.6', '$binop_mul66.11', 'a']
    $const94.14.1 = const(int, 1)            ['$const94.14.1']
    $96binary_op.15 = getitem(value=x, index=$const94.14.1, fn=<built-in function getitem>) ['$96binary_op.15', '$const94.14.1', 'x']
    $const110.17.1 = const(int, -1)          ['$const110.17.1']
    $112binary_op.18 = getitem(value=x, index=$const110.17.1, fn=<built-in function getitem>) ['$112binary_op.18', '$const110.17.1', 'x']
    $binop_sub124.19 = $96binary_op.15 - $112binary_op.18 ['$112binary_op.18', '$96binary_op.15', '$binop_sub124.19']
    $const136.20.2 = const(int, 2)           ['$const136.20.2']
    b = $binop_sub124.19 / $const136.20.2    ['$binop_sub124.19', '$const136.20.2', 'b']
    $152load_global.22 = global(np: <module 'numpy' from 'C:\\Users\\WINDOWS\\Desktop\\ai_stress_detector\\venv\\Lib\\site-packages\\numpy\\__init__.py'>) ['$152load_global.22']
    $162load_attr.23 = getattr(value=$152load_global.22, attr=abs) ['$152load_global.22', '$162load_attr.23']
    $186call.26 = call $162load_attr.23(b, func=$162load_attr.23, args=[Var(b, pitch.py:420)], kws=(), vararg=None, varkwarg=None, target=None) ['$162load_attr.23', '$186call.26', 'b']
    $194load_global.27 = global(np: <module 'numpy' from 'C:\\Users\\WINDOWS\\Desktop\\ai_stress_detector\\venv\\Lib\\site-packages\\numpy\\__init__.py'>) ['$194load_global.27']
    $204load_attr.28 = getattr(value=$194load_global.27, attr=abs) ['$194load_global.27', '$204load_attr.28']
    $228call.31 = call $204load_attr.28(a, func=$204load_attr.28, args=[Var(a, pitch.py:419)], kws=(), vararg=None, varkwarg=None, target=None) ['$204load_attr.28', '$228call.31', 'a']
    $236compare_op.32 = $186call.26 >= $228call.31 ['$186call.26', '$228call.31', '$236compare_op.32']
    $bool240 = global(bool: <class 'bool'>)  ['$bool240']
    $240pred = call $bool240($236compare_op.32, func=$bool240, args=(Var($236compare_op.32, pitch.py:422),), kws=(), vararg=None, varkwarg=None, target=None) ['$236compare_op.32', '$240pred', '$bool240']
    branch $240pred, 244, 250                ['$240pred']
label 244:
    $const246.0.0 = const(int, 0)            ['$const246.0.0']
    $248return_value.1 = cast(value=$const246.0.0) ['$248return_value.1', '$const246.0.0']
    return $248return_value.1                ['$248return_value.1']
label 250:
    $252unary_negative.1 = unary(fn=<built-in function neg>, value=b) ['$252unary_negative.1', 'b']
    $binop_truediv256.3 = $252unary_negative.1 / a ['$252unary_negative.1', '$binop_truediv256.3', 'a']
    $268return_value.4 = cast(value=$binop_truediv256.3) ['$268return_value.4', '$binop_truediv256.3']
    return $268return_value.4                ['$268return_value.4']

2026-02-19 08:04:51,176 - INFO - 127.0.0.1 - - [19/Feb/2026 08:04:51] "GET /mic HTTP/1.1" 200 -
2026-02-19 08:04:56,326 - INFO - 127.0.0.1 - - [19/Feb/2026 08:04:56] "GET /voice HTTP/1.1" 200 -
